-- phpMyAdmin SQL Dump
-- version 4.6.6
-- https://www.phpmyadmin.net/
--
-- Host: localhost
-- Generation Time: Nov 13, 2017 at 04:41 PM
-- Server version: 10.1.20-MariaDB
-- PHP Version: 7.0.8

SET SQL_MODE = "NO_AUTO_VALUE_ON_ZERO";
SET time_zone = "+00:00";


/*!40101 SET @OLD_CHARACTER_SET_CLIENT=@@CHARACTER_SET_CLIENT */;
/*!40101 SET @OLD_CHARACTER_SET_RESULTS=@@CHARACTER_SET_RESULTS */;
/*!40101 SET @OLD_COLLATION_CONNECTION=@@COLLATION_CONNECTION */;
/*!40101 SET NAMES utf8mb4 */;

--
-- Database: `id1392949_gsaldb`
--

-- --------------------------------------------------------

--
-- Table structure for table `addRseesdSabkInKhzna`
--

CREATE TABLE `addRseesdSabkInKhzna` (
  `rseedID` int(11) NOT NULL,
  `rseedAmount` int(11) NOT NULL,
  `addedDate` date NOT NULL,
  `memberID` int(11) NOT NULL
) ENGINE=InnoDB DEFAULT CHARSET=utf8 COLLATE=utf8_unicode_ci;

--
-- Dumping data for table `addRseesdSabkInKhzna`
--

INSERT INTO `addRseesdSabkInKhzna` (`rseedID`, `rseedAmount`, `addedDate`, `memberID`) VALUES
(1, 250000, '2017-07-16', 2),
(2, 250000, '2017-07-17', 2),
(3, 110000, '2017-07-18', 2),
(4, 131000, '2017-07-19', 2),
(5, 350000, '2017-07-20', 2),
(6, 950000, '2017-07-24', 2),
(7, 134185, '2017-07-25', 2),
(8, 96095, '2017-07-26', 2),
(9, 115575, '2017-07-27', 2),
(10, 456260, '2017-07-30', 2),
(11, 92185, '2017-07-31', 2),
(12, 334130, '2017-08-01', 2),
(13, 100295, '2017-08-02', 2),
(14, 97580, '2017-08-03', 2),
(15, 150000, '2017-08-05', 2),
(16, 503980, '2017-08-06', 2),
(17, 78610, '2017-08-07', 2),
(18, 125075, '2017-08-08', 2),
(19, 220725, '2017-08-09', 2),
(20, 150, '2017-08-11', 2),
(21, 258000, '2017-08-12', 2),
(22, 726805, '2017-08-13', 2),
(23, 328465, '2017-08-14', 2),
(24, 210000, '2017-08-15', 2),
(25, 210000, '2017-08-15', 2),
(26, 300000, '2017-08-16', 2),
(27, 300000, '2017-08-16', 2),
(28, 438965, '2017-08-17', 2),
(29, 458135, '2017-08-20', 2),
(30, 370470, '2017-08-22', 2),
(31, 499260, '2017-08-24', 2),
(32, 727850, '2017-08-27', 2),
(33, 504665, '2017-08-28', 2),
(34, 309370, '2017-08-29', 2),
(35, 42575, '2017-08-30', 2),
(36, 130000, '2017-09-06', 2),
(37, 149900, '2017-09-07', 2),
(38, 80, '2017-09-09', 2),
(39, 662540, '2017-09-10', 2),
(40, 23600, '2017-09-10', 2),
(41, 441990, '2017-09-11', 2),
(42, 254850, '2017-09-12', 2),
(43, 526500, '2017-09-13', 2),
(44, 267435, '2017-09-14', 2),
(45, 660895, '2017-09-17', 2),
(46, 377575, '2017-09-18', 2),
(47, 223060, '2017-09-19', 2),
(48, 166630, '2017-09-20', 2),
(49, 350000, '2017-09-21', 2),
(50, 81260, '2017-09-21', 2),
(51, 560750, '2017-09-24', 2),
(52, 236850, '2017-09-25', 2),
(53, 332735, '2017-09-26', 2),
(54, 143360, '2017-09-27', 2),
(55, 296715, '2017-09-28', 2),
(56, 250565, '2017-10-03', 2),
(57, 402435, '2017-10-04', 2),
(58, 300635, '2017-10-04', 2),
(59, 414805, '2017-10-08', 2),
(60, 704725, '2017-10-11', 2),
(61, 131280, '2017-10-12', 2),
(62, 2135, '2017-10-13', 2),
(63, 399845, '2017-10-15', 2),
(64, 349075, '2017-10-17', 2),
(65, 369955, '2017-10-19', 2),
(66, 752900, '2017-10-22', 2),
(68, 489485, '2017-10-23', 2),
(69, 250000, '2017-10-24', 2),
(70, 309580, '2017-10-25', 2),
(71, 453500, '2017-10-26', 2),
(72, 848145, '2017-10-29', 2),
(73, 310180, '2017-10-30', 2),
(74, 635525, '2017-10-31', 2),
(75, 200645, '2017-11-01', 2),
(76, 500830, '2017-11-02', 2),
(77, 532630, '2017-11-05', 2),
(78, 343690, '2017-11-06', 2),
(79, 276715, '2017-11-07', 2),
(80, 211505, '2017-11-08', 2),
(81, 548925, '2017-11-12', 2),
(82, 387245, '2017-11-13', 2);

-- --------------------------------------------------------

--
-- Table structure for table `awlElmodaCustRemainMony`
--

CREATE TABLE `awlElmodaCustRemainMony` (
  `awlElmodaID` int(11) NOT NULL,
  `custID` int(11) NOT NULL,
  `remainMony` int(11) NOT NULL
) ENGINE=InnoDB DEFAULT CHARSET=utf8 COLLATE=utf8_unicode_ci;

--
-- Dumping data for table `awlElmodaCustRemainMony`
--

INSERT INTO `awlElmodaCustRemainMony` (`awlElmodaID`, `custID`, `remainMony`) VALUES
(1, 1, 14000),
(2, 3, 15),
(3, 6, 3000),
(4, 7, 12180),
(5, 8, 16600),
(6, 9, 0),
(7, 10, 2420),
(8, 11, 12550),
(9, 12, 0),
(10, 14, 500),
(11, 15, 125),
(12, 16, 1185),
(13, 17, 0),
(14, 19, 0),
(15, 20, 850),
(16, 22, 1280),
(17, 23, 3430),
(18, 24, 0),
(19, 25, 11700),
(20, 37, 0);

-- --------------------------------------------------------

--
-- Table structure for table `categories`
--

CREATE TABLE `categories` (
  `catID` int(11) NOT NULL,
  `catName` varchar(50) COLLATE utf8_unicode_ci NOT NULL
) ENGINE=InnoDB DEFAULT CHARSET=utf8 COLLATE=utf8_unicode_ci;

--
-- Dumping data for table `categories`
--

INSERT INTO `categories` (`catID`, `catName`) VALUES
(3, 'أطوال مشرشر'),
(4, 'لفف');

-- --------------------------------------------------------

--
-- Table structure for table `customerDeliverdAsMony`
--

CREATE TABLE `customerDeliverdAsMony` (
  `dasID` int(11) NOT NULL,
  `custID` int(11) NOT NULL,
  `deliverdAmount` int(11) NOT NULL,
  `deliverdDate` date NOT NULL,
  `memberID` int(11) NOT NULL,
  `lastRemain` int(11) NOT NULL
) ENGINE=InnoDB DEFAULT CHARSET=utf8 COLLATE=utf8_unicode_ci;

--
-- Dumping data for table `customerDeliverdAsMony`
--

INSERT INTO `customerDeliverdAsMony` (`dasID`, `custID`, `deliverdAmount`, `deliverdDate`, `memberID`, `lastRemain`) VALUES
(1, 18, 1920, '2017-07-03', 2, 4330),
(2, 2, 155420, '2017-07-03', 2, 223830),
(3, 2, 78410, '2017-07-03', 2, 78410),
(4, 2, 61225, '2017-07-04', 2, 61225),
(5, 2, 2826, '2017-07-06', 2, 2826),
(6, 2, 55942, '2017-07-13', 2, 55942),
(7, 2, 9976, '2017-07-16', 2, 9976),
(8, 2, 22851, '2017-07-22', 2, 22851),
(9, 2, 52348, '2017-07-24', 2, 52348),
(10, 68, 210000, '2017-08-07', 2, 210000),
(11, 115, 52372, '2017-08-26', 2, 67315),
(12, 213, 43758, '2017-09-05', 2, 43758),
(13, 88, 100012, '2017-09-12', 2, 100012),
(14, 115, 14943, '2017-09-12', 2, 14943),
(15, 88, 120000, '2017-09-12', 2, 120000),
(16, 70, 60000, '2017-09-17', 2, 60000),
(17, 2, 96701, '2017-09-19', 2, 96701),
(18, 80, 197020, '2017-09-20', 2, 200000),
(19, 80, 2980, '2017-09-24', 2, 2980),
(20, 2, 45445, '2017-09-26', 2, 45445),
(21, 294, 25000, '2017-10-07', 2, 25000),
(22, 68, 215000, '2017-10-09', 2, 215000),
(23, 46, 11300, '2017-10-11', 2, 11300),
(24, 2, 278237, '2017-10-12', 2, 383534),
(25, 2, 133297, '2017-10-15', 2, 133297),
(26, 2, 111300, '2017-10-29', 2, 111300),
(27, 18, 2410, '2017-10-30', 2, 2410),
(28, 294, 19280, '2017-10-31', 2, 30000),
(29, 294, 260, '2017-10-31', 2, 10720),
(30, 17, 3200, '2017-11-04', 2, 3200),
(31, 2, 65670, '2017-11-04', 2, 65670),
(32, 68, 150000, '2017-11-05', 2, 150000),
(33, 294, 8570, '2017-11-06', 2, 11110),
(34, 294, 135, '2017-11-06', 2, 2540),
(35, 41, 1250, '2017-11-10', 2, 1630),
(36, 2, 28915, '2017-11-12', 2, 28915),
(37, 68, 200000, '2017-11-12', 2, 200000);

-- --------------------------------------------------------

--
-- Table structure for table `customers`
--

CREATE TABLE `customers` (
  `custID` int(11) NOT NULL,
  `custName` varchar(50) COLLATE utf8_unicode_ci NOT NULL,
  `custAddress` varchar(100) COLLATE utf8_unicode_ci DEFAULT NULL,
  `custPhone` varchar(20) COLLATE utf8_unicode_ci DEFAULT NULL
) ENGINE=InnoDB DEFAULT CHARSET=utf8 COLLATE=utf8_unicode_ci;

--
-- Dumping data for table `customers`
--

INSERT INTO `customers` (`custID`, `custName`, `custAddress`, `custPhone`) VALUES
(1, 'الدكتور مصطفى العسال', '', '01098355525'),
(2, 'حمدي عبد العال', '', ''),
(3, 'الدكتور حامد', '', ''),
(4, 'علاء فتحي', '', ''),
(5, 'احمد فؤاد  الحاج يحي الدمرداش', 'فاقوس', '01000094609'),
(6, 'عادل السمري', '', ''),
(7, 'اشرف المتيم', '', ''),
(8, 'محمد رتيبه', '', ''),
(9, 'محمد الحديدي', '', ''),
(10, 'مراد متولي', '', ''),
(11, 'ابو ذيد (طرف كامل باز)', '', ''),
(12, 'احمد مرتضى', '', ''),
(13, 'ثروت البكري', '', ''),
(14, 'الحاج عبد الفتاح (عزبة ابو خليل)', '', ''),
(15, 'الحاج عبدالسلام (فاقوس البلد)', '', ''),
(16, 'السيد فتح الله', '', ''),
(17, 'عبد الحفيظ(طرف كامل باز)', '', ''),
(18, 'حسين المقاول', '', ''),
(19, 'فريد الشبراوي', '', ''),
(20, 'نصر مرتضى', '', ''),
(21, 'محمد مرعي', '', ''),
(22, 'عوف بلاسي', '', ''),
(23, 'محمد بلاسي', '', ''),
(24, 'ابراهيم عيسى', '', ''),
(25, 'المعلم عطا', '', ''),
(26, 'احمد العطار', '', ''),
(27, 'تامر البيروم', '', ''),
(28, 'عماد', '', ''),
(29, 'سالم', '', ''),
(30, 'تامر محمود', '', ''),
(31, 'المعلم سعيد (العرين)', '', ''),
(32, 'المعلم فريد الشبراوي طرف عوف القطاوي', 'م', ''),
(33, 'الحاج حماد ابراهيم', '', ''),
(34, 'الحاج محمد عبدالباقي محمد', '', ''),
(35, 'عبدالسلام قاسم', '', ''),
(36, 'محمد عبدالعال قاسم', '', ''),
(37, 'كامل باز', '', ''),
(38, 'محمد محمود صالح', '', ''),
(39, 'محمد السيد طلبه', '', ''),
(40, 'اسامه محمد بريك', '', ''),
(41, 'هشام غازي', '', ''),
(42, 'احمد سرحان', '', ''),
(43, 'ايهاب عميد', '', ''),
(44, 'عطيه رمزي', 'الصالحيه', ''),
(45, 'السيد عبد اللطيف', 'البيروم', '01026041649'),
(46, 'احمد درويش', 'الديدامون', '01005597495'),
(47, 'فاقوس البلد', '', ''),
(48, 'رمضان محمد عبدالفتاح ', 'الفدادنه', '01091526596'),
(49, 'خالد البيروم', 'البيروم', ''),
(50, 'محمود فوزي بلاسي', 'القرين', '01009161010'),
(51, 'خالد عوض ', 'تل مفتاح ابوحماد', '01111700384'),
(52, 'محمد ابو العبد', 'العرين', ''),
(53, 'السيد عبد السميع ', 'العوامره خط البحر', '01154554727'),
(54, 'محمد عبد الله يوسيف', 'الديدامون', ''),
(55, 'ايمن عثمان ', '', ''),
(56, 'ايمن عثمان  ب', 'العطاطره', ''),
(57, 'ام محي', 'عرب شمس', ''),
(58, 'الحاج احمد قطب', 'جزيره النص', ''),
(59, 'السيد احمد عبد الحميد', 'كفرشاويش', ''),
(60, 'محمد الساعي', '', ''),
(61, 'عمان  حسن ', 'سنتريس', ''),
(62, 'عمان  حسن  س', 'سنتريس', ''),
(63, 'احمد عثمان حامد', 'بني صريد', ''),
(64, 'المهندس عبد الرحمن ابوعوف', 'قنتير', ''),
(65, 'الحاج حسن الزاوي', 'الزاويه', ''),
(66, 'الحاج صلاح الهادي', '', '01015823767'),
(67, 'احمد حسن', 'ام عجرم', ''),
(68, 'الحاج السيد حواس', 'الصالحيه القديمه', '01004442572'),
(69, 'محممود حسانين', 'العوامره خط البحر', '01113307622'),
(70, 'محمود حسانين', 'العوامره خط البحر', '01113307622'),
(71, 'احمد السيد سلام', 'الغزالي', ''),
(72, 'الحاج حسين اسماعيل علي', 'قنتير', ''),
(73, 'سالم حسين', 'ام عجرم', ''),
(74, 'اسامة عبد الرحمن', '', ''),
(75, 'محمد ابو النجا', 'الزا', ''),
(76, 'المعلم شحاته ', 'ابوكبير', ''),
(77, 'حسام العطار', 'البيروم', '01061231708'),
(78, 'ابراهيم محمد علي', 'سعده ابوخليل', ''),
(79, 'ابراهيم محمد علي', 'سعده ابوخليل', ''),
(80, 'عاطف العوضي', 'ابوكبير', ''),
(81, 'حاتم السيد حسن ', 'فاقوس', ''),
(82, 'عبد الحميد محمود طربيه', 'النوافعه', ''),
(83, 'اسماعيل الكهربائ', 'البيروم', ''),
(84, 'وائل ابوحسن', 'الفدادنه', '01275144477'),
(85, 'حسن خليفه', 'الغابه', ''),
(86, 'المهندس حسن عبد البديع ', 'ولاد موسي', ''),
(87, 'احمد غانم ', 'جهينه', ''),
(88, 'المهندس سالم فهمي', 'فاقوس', ''),
(89, 'احمد محمد نور الدين', 'سنتريس', ''),
(90, 'سامي محمد الصادق', 'الحسنيه', ''),
(91, 'محمود يوسف', 'النوافعه', ''),
(92, 'عبد الصمد', 'العرين', ''),
(93, 'ايهاب دسوقي', 'فاقوس', '01009382003'),
(94, 'ابو عمر', 'عرب شمس', ''),
(95, 'احمد جمال ', 'الفدادنه', ''),
(96, 'محمد عبد الجواد', 'الديدامون', ''),
(97, 'محمد فريد الشبراوي', 'فاقوس', '01007325196'),
(98, 'احمد سمير', 'الفدادنه', ''),
(99, 'مصطفى محمد حسن', '', ''),
(100, 'حسن سباعي', 'جزيره سعود', ''),
(101, 'السيد محمد', 'فاقوس', ''),
(102, 'محمد ابوالسيد', 'ابوشلبي', ''),
(103, 'ابو عماد', 'البيروم', ''),
(104, 'محمد السيد', 'العطاطره', ''),
(105, 'محمد شحاته', '', ''),
(106, 'مصطفي سليم', 'فاقوس', ''),
(107, 'عطيه محمد عبد الرحمن', 'الحصوه', ''),
(108, 'السيد رشدي', 'عزبه رشدي', ''),
(109, 'محمد سلكه', 'العرين', ''),
(110, 'علي ابويوسف', 'البيروم', ''),
(111, 'عبد المنعم الصياد', 'البيروم', ''),
(112, 'المعلم حامد', 'قنتير', ''),
(113, 'اسماعيل محمد احمد', 'فاقوس', ''),
(114, 'السيد محمود', 'فاقوس', ''),
(115, 'حسني ابوعيد', 'ام اعفن', ''),
(116, 'احمد يوسف سليمان', 'البيروم', ''),
(117, 'السيد ابوسباعي', 'فاقوس', ''),
(118, 'المعلم عبد الصمد', 'العرين', ''),
(119, 'احمد جويفل', 'ابوكبير', ''),
(120, 'ابراهيم العريني', 'العرين', ''),
(121, 'محمد عبد الرحمن', 'قنتير', ''),
(122, 'عوف القطاوي', 'قنتير', ''),
(123, 'المعلم سعيد', 'رياض خط البحر', '01146541193'),
(124, 'ايمن الصادق', 'بني صريد', '01064929525'),
(125, 'صبري درويش', 'الديدامون', ''),
(126, 'سالم العرين', 'العرين', ''),
(127, 'صميده ', 'الغزالي', ''),
(128, 'حسن محمد الابصيري', 'عزبه دويدار', '01091829297'),
(129, 'محمد ابوحسن العربجي', 'البيروم', ''),
(130, 'عماد الشوادفي', 'الغابه', ''),
(131, 'احمد محمود علي', 'فاقوس', ''),
(132, 'محمد غريب احمد ', 'الديدامون', ''),
(133, 'رضا عبد اللطيف', 'الزاويه', ''),
(134, 'حسن ابراهيم', 'الجواهره', ''),
(135, 'حسين ابراهيم', 'الجواهره', '01005714048'),
(136, 'الفهد', 'المزاريطه', ''),
(137, 'السيد شحاته', 'عزبه محمد علي', ''),
(138, 'مهندس محمد السيد', 'كوبري في السماعنة', ''),
(139, 'احمد شريك عبد الصمد', 'العرين', ''),
(140, 'صلاح الطحان', 'سنيطه', '01002122437'),
(141, 'صفاء محمد عبد العزيز', 'النوافعه', ''),
(142, 'تامر محمد عبد الحميد', 'كفرشاويش', ''),
(143, 'الشيخ صلاح عبد المنعم', 'الديدامون', ''),
(144, 'الحاج ثروت الصادق', 'فاقوس', ''),
(145, 'الحاج محمد صديق فرج ', 'الفدادنه', ''),
(146, 'ابوبكر عبدالله', 'سنتريس', ''),
(147, 'صلاح العرين', 'فاقوس', ''),
(148, 'رمضان ابراهيم', 'فاقوس', ''),
(149, 'محسن محمود ابراهيم', 'البيروم', ''),
(150, 'الحاج اسماعيل  الفدادنه', 'الفدادنه', ''),
(151, 'الحاج محمد عوض', 'اولاد صقر', ''),
(152, 'الحاج محمود طلعت ', 'الفدادنه', ''),
(153, 'محمد دبور', 'الغزالي', ''),
(154, 'احمد الصادق هندي', 'البيروم', ''),
(155, 'عثمان سليمان مرسي', 'التمارزه', ''),
(156, 'احمد حسان', 'ابوكبير', ''),
(157, 'احمد اسماعيل', 'الغابه المحطه', ''),
(158, 'السيد امين حسن', 'كفرشاويش', '01067920729'),
(159, 'محمد مطر', 'ميت العز', ''),
(160, 'محمد موسي', 'خلف الله', ''),
(161, 'عامر ', 'الغابة', ''),
(162, 'عبد السلام سالم', 'ام عجرم', ''),
(163, 'محمد العابد', 'العرين', ''),
(164, 'احمد عامر', 'فاقوس البلد', ''),
(165, 'هاشم عوض', 'الغزالي', ''),
(166, 'علي خليل', 'العرين', ''),
(167, 'زبون العزازي', 'العزازي', ''),
(168, 'احمد فاضل', 'فاقوس', ''),
(169, 'علي ابوشحاته', 'فاقوس', ''),
(170, 'ميدو', 'الغزالي', ''),
(171, 'احمد سليمان', 'كفر الحاج عمر', ''),
(172, 'كفر شاويش', '', ''),
(173, 'محمد عبد العليم', 'الصوالح', ''),
(174, 'احمد محمد اسماعيل', '', ''),
(175, 'ماهر صقر', 'الحسنيه', ''),
(176, 'امام السيد ', 'فاقوس', ''),
(177, 'هشام عبد الغني محمد', 'العرين', ''),
(178, 'عبدالفتاح الكفراوي', '', ''),
(179, 'حماده فاروق الغروري', 'الغابه', ''),
(180, 'سعيد متولي', 'عزبه ابوخليل', ''),
(181, 'محمد السيد عطيه', 'كفر كشك', ''),
(182, 'محمد ابراهيم شحاته', 'البيروم', ''),
(183, 'المعلم رشاد', 'الغزالي', ''),
(184, 'عادل النجدي', 'كفور نجم', ''),
(185, 'جمال سعد', 'الفدادنه', ''),
(186, 'محمود ابراهيم', 'الديدامون', ''),
(187, 'عاطف البكري', 'الفدادنه', ''),
(188, 'احمد ذكريا', 'الديدامون', ''),
(189, 'اسامه التلاوي', 'بجوار مسجد المجيدي', '01222921629'),
(190, 'خيري الله الوهيدي', 'كفر صقر', ''),
(191, 'الحاج ابراهيم ', 'الفدادنه', ''),
(192, 'ثروت خلاطه', 'العطاطره', ''),
(193, 'رمضان خضري توفيق', 'الفدادنه', ''),
(194, 'اشرف ابوالفتوح', 'الفدادنه', ''),
(195, 'السيد الادهم', 'فاقوس', ''),
(196, 'محمد عوض الصياد', 'البيروم', ''),
(197, 'ابوحوريه', 'العزازي', ''),
(198, 'عدوي علي اسماعيل', 'جزيره الشيخ', ''),
(199, 'اسماعيل علي محمد', 'العرين', ''),
(200, 'محمد علي سلامه', 'فاقوس', ''),
(201, 'محمد فتحي', 'الغزالي', ''),
(202, 'السيد ابورمضان', 'كفر الحاج عمر', ''),
(203, 'علي ابوخليل', 'منيه المكرم', ''),
(204, 'الحاج محمد عربان', 'كفرالحوت', ' الحاج ةعلي  0115066'),
(205, 'ابن الحاج محمود العوضي', 'الزاوية', ''),
(206, 'صلاح عبد العزيز', 'الخواطره', ''),
(207, 'المعلم جمعه المقاول', 'فاقوس', ''),
(208, 'محمد احمد الرفاعي', 'فاقوس', '01094482182'),
(209, 'السيد الجزار', 'جزيره سعود', '01009699568'),
(210, 'علي المقاول', 'فاقوس', ''),
(211, 'الحاج عبد المنعم العرين', 'العرين', ''),
(212, 'هاني السيد سالم', 'القرين', ''),
(213, 'المهندس عزازي', 'العزازي', ''),
(214, 'باسم محمد سليم', 'كفر النجار', ''),
(215, 'عبد الغني نجيب حسين', 'عرب درويش', ''),
(216, 'الشبراوي انورمحمد', 'عزبه نعمان', ''),
(217, 'احمد وليد', 'اشكر', ''),
(218, 'السيد محمد عبده', 'الفدادنه', ''),
(219, 'عبد العزيز سليمان', 'سنيطه', ''),
(220, 'ثروت عبد الؤوف محمد ', 'ولاد موسي', ''),
(221, 'عبد السلام محمود', 'عزبه نعمان', ''),
(222, 'السيد حسين', 'عزبه الساعي', ''),
(223, 'عيد العجمي', 'الفدادنه', ''),
(224, 'سبانخ', 'النوافعه', ''),
(225, 'محمود ابوحسن', 'الفدادنه', ''),
(226, 'علي محمد فرج', 'البيروم', ''),
(227, 'اشرف ابوخشبه', 'الديدامون', ''),
(228, 'صلاح الدين هلال', '', ''),
(229, 'خلف الله', 'خلف الله', ''),
(230, 'علي عبد الحميد', 'سنتريس', ''),
(231, 'السيد عبد الرحمن', 'الغزالي', ''),
(232, 'سعد كمال ', 'منشيه القاضي', ''),
(233, 'محمد القرني', 'ام عجرم', '01091661586'),
(234, 'محمود الشحات السيد', 'جزيره النص', ''),
(235, 'سمير شفيق ', 'الزقازيق', ''),
(236, 'لطفي حسين', 'بني صريد', ''),
(237, 'جبر محمد جبر', 'الجزيره البيضا', ''),
(238, 'محمد متولي', 'البيروم', ''),
(239, 'عبد الكريم السيد عبد العال', 'الفدادنه', ''),
(240, 'عبده عبد السلام ', 'السواقي', ''),
(241, 'المعلم حسيني', 'الفدادنه', ''),
(242, 'عزازي حسن سالم', 'العزازي', ''),
(243, 'جميل صلاح', 'فاقوس', ''),
(244, 'منصور محمد عبد السلام', 'الكفريا', ''),
(245, 'حسيني عبد السميع علي ', 'النوافعه', ''),
(246, 'علي ابراهيم علي', 'فاقوس', ''),
(247, 'السيد محمد علي', 'النوافعه', ''),
(248, 'الحاج عبد اللطيف', 'العرين', ''),
(249, 'احمد فؤاد محمد حسن', 'ميت العز', ''),
(250, 'المهندس محمد فتحي', 'كفر صقر', ''),
(251, 'عبد الستار ', 'النوافعه', ''),
(252, 'ابو وليد', 'الفدادنه', ''),
(253, 'صلاح فاروق السيد', 'الرفاعين', ''),
(254, 'السيد محمد عطيه  الشهير باابو عطيقه', 'النوافعه', ''),
(255, 'شريف العدوي', 'العوامره', ''),
(256, 'ابراهيم السيد نجم', 'الغزالي', ''),
(257, 'عثمان ابو شلايت', 'البيروم', ''),
(258, 'عيد ابراهيم احمد', 'عرب شمس', ''),
(259, 'منصور احمد عبده', 'التمارزه', ''),
(260, 'هاني الشبراوي مقاول', 'فاقوس', ''),
(261, 'محسن عزالدين', 'الدهتامون', ''),
(262, 'الحاج غريب قناوي', 'فاقوس', ''),
(263, 'عبدالله  فريد', 'فاقوس', ''),
(264, 'السيد احمد', 'فاقوس شارع الانتاج', ''),
(265, 'السيد محمد عبد الحميد', 'الفدادنه', ''),
(266, 'صلاح ابراهيم ', 'ام عجرم', ''),
(267, 'محمد النقاش', 'الزاويه', ''),
(268, 'رمضان احمد علي', 'بني صريد', ''),
(269, 'عبد الحميد محمد علي', 'البيروم', ''),
(270, 'عزت عبد الحميد علي', 'ابوكبير', ''),
(271, 'محمد', 'النحاسين', ''),
(272, 'الشيخ محمد', 'فاقوس', ''),
(273, 'الشيخ محمد', 'فاقوس', ''),
(274, 'احمد عبد العظيم', 'الصالحيه القديمه', ''),
(275, 'رفعت احمد محمود صالح', 'فاقوس', '01002767917'),
(276, 'صالح المقاول ', 'بني صريد', ''),
(277, 'مصطفي البحراوي', 'نزله العرين', ''),
(278, 'احمد عزازي النجار', 'اكياد', ''),
(279, 'عوض خليل', 'النوافعة', ''),
(280, 'عبد العظيم عبد العال', 'بني صريد', ''),
(281, 'احمد سعيدعبده', 'عزبه ابوخليل', '01009982473'),
(282, 'احمد ابوعيسي', 'عرب درويش', ''),
(283, 'محمد السيد عيد', 'الفدادنه', ''),
(284, 'عوف شلبي', 'الديدامون', ''),
(285, 'الشيخ احمد', 'بابور النور', '01092636040'),
(286, 'علاء حلمي ', 'البيروم', ''),
(287, 'ابراهيم صابر محمد', 'كفر كشك', ''),
(288, 'محمد جمال', 'الفدادنه', ''),
(289, 'الحاج علي الامير', 'فاقوس', ''),
(290, 'فتحي الدسوقي', 'نزله العرين', ''),
(291, 'خالد محمد محمد ', 'الغزالي', ''),
(292, 'ياسر اليماني', 'فاقوس', ''),
(293, 'سعد حلمي', 'فاقوس', ''),
(294, 'السيد عبد السلام', 'البيروم', ''),
(295, 'احمد عبد العال محمد', 'البيروم', ''),
(296, 'جمال اباظه', 'الفدادنه', ''),
(297, 'صلاح عبد الشافي', 'خط البحر', ''),
(298, 'عبد الكريم عبده', 'بني صريد', ''),
(299, 'اسامه مدرسه النهضه الحديثه', 'فاقوس', ''),
(300, 'صلاح الجمل', 'النوافعه', ''),
(301, 'محمد احمد حافظ', 'الحمر', ''),
(302, 'احمد السدابوزيد', 'الديدامون', ''),
(303, 'بهاء عبد المنعم مشعل', 'الحصوه', ''),
(304, 'المهندس محروس', 'الحسنيه', '01227706946'),
(305, 'جمال صابر', 'البيروم', ''),
(306, 'هشام محمد عبد العال', 'بني صريد', '01206240921'),
(307, 'محمد حامد', 'الفدادنه', ''),
(308, 'الحاج ثروت رضوان', 'فاقوس', '01144413582'),
(309, 'صبري عبد الفتاح', 'البيروم', ''),
(310, 'الشيخ محمد الزناتي', 'النوافعه', ''),
(311, 'مسجد سعده ابوخليفه', 'النوافعه', ''),
(312, 'الحاج محمود البحري', 'الفدادنه', ''),
(313, 'محمد يسري ', 'ولاد موسي', ''),
(314, 'هاني ابوياره', 'الفدادنه', ''),
(315, 'محمد عبد الرحمن احمد السبع', 'السماعنه', '01009265922'),
(316, 'حامد حمص', 'عرب شمس', ''),
(317, 'صلاح الشامي', 'الفدادنه', ''),
(318, 'حسن عبد الحي', 'البيروم', ''),
(319, 'احمد السيد عبد العال', 'الفدادنه', ''),
(320, 'السيد باز عطيه', 'عزبه حلمي', ''),
(321, 'احمد غريب', 'البيروم', ''),
(322, 'اسماعيل فتيان', 'البيروم', ''),
(323, 'وائل الجوهري', 'العرين', ''),
(324, 'فريد سعيد عبد الفتاح', 'العرين', '01016952413'),
(325, 'محمد عبده ', 'ابوكبير', ''),
(326, 'محمد فكري عمار', 'الغزالي', ''),
(327, 'الحاج الشحات سالم الاخرس', 'الغزالي', ''),
(328, 'عمر انور', 'نزله العرين', ''),
(329, 'احمد المهداوي', 'ابوكبير', ''),
(330, 'يوسف محمد اسماعيل', 'البيروم', ''),
(331, 'ناصر عبد البديع', 'عزبه حلمي', ''),
(332, 'محمد احمد ابراهيم', 'السواقي', ''),
(333, 'صبحي اسليمان ', 'ابو نمر', ''),
(334, 'محمد عبد الله مجاور', 'الديدامون', ''),
(335, 'امين شرطه ', 'فاقوس', ''),
(336, 'احمد ابو محمود ', 'فاقوس شارع الانتاج', ''),
(337, 'الغابه البلد', 'الغابه', ''),
(338, 'احمد الصياد ', 'النوافعه', ''),
(339, 'سليمان موسي', 'بني صريد', ''),
(340, 'السيد محمد  اسماعيل', 'الفدادنه', ''),
(341, 'الحاج خليل ابوعلي', 'فاقوس شارع الانتاج', ''),
(342, 'احمد محمود', 'بني صريد', ''),
(343, 'جمال احمد محمد حسن', 'البيروم', ''),
(344, 'بدرين عبد الهادي', 'العرين', ''),
(345, 'ماهر السيد الصعيدي', 'البيروم', ''),
(346, 'محمد العدو', 'البيروم', ''),
(347, 'الخال ', 'البيروم', ''),
(348, 'احمد حسن محمد', 'العرين', '01225829825'),
(349, 'محمد العناني', 'الديدامون', ''),
(350, 'محمود ابواسماعيل', 'البيروم', ''),
(351, 'الحاج محمد عبد العزيز', 'فاقوس شارع الانتاج', '01005760278'),
(352, 'الحاج عوض', 'بني صريد', ''),
(353, 'الحاج انور محمدمنصور', 'البيروم', ''),
(354, 'احمد محمد السيد', 'البيروم', ''),
(355, 'الحاج بهجت', 'فاقوس', ''),
(356, 'احمد حسن الغزاوي', 'فاقوس', ''),
(357, 'احمد حسين', 'النوافعه', ''),
(358, 'محمد عبد الرازق رمضان', 'فاقوس', ''),
(359, 'محمد احمد عبد الرحمن', 'بني صريد', ''),
(360, 'ابو هاني طرف السيد فتح الله', 'حدايد ويويات كفر الحوت', ''),
(361, 'محمد شريك سلكه', 'الحمر', ''),
(362, 'احمد السيد قطب', 'خلف الله', '01062548657'),
(363, 'رضا محمد احمد', 'العرين', ''),
(364, 'احمد الغنام', 'السماكين', ''),
(365, 'الحاج محمد الصعيدي', 'ابوكبير', ''),
(366, 'محمد محمد عبد الحميد', 'عزبه ابوغانم الشيخ رزيق', '');

-- --------------------------------------------------------

--
-- Table structure for table `customersMony`
--

CREATE TABLE `customersMony` (
  `customersMonyID` int(11) NOT NULL,
  `custID` int(11) NOT NULL,
  `custMony` int(11) NOT NULL
) ENGINE=InnoDB DEFAULT CHARSET=utf8 COLLATE=utf8_unicode_ci;

--
-- Dumping data for table `customersMony`
--

INSERT INTO `customersMony` (`customersMonyID`, `custID`, `custMony`) VALUES
(1, 2, 0),
(2, 4, 1360),
(3, 18, 0),
(4, 21, 805),
(5, 41, 380),
(6, 42, 1090),
(7, 68, 0),
(8, 115, 0),
(9, 213, 0),
(10, 88, 0),
(11, 70, 0),
(12, 80, 0),
(13, 294, 2405),
(14, 46, 0),
(15, 17, 0),
(16, 351, 4120);

-- --------------------------------------------------------

--
-- Table structure for table `customerspaidMony`
--

CREATE TABLE `customerspaidMony` (
  `customerspaidMonyID` int(11) NOT NULL,
  `custID` int(11) NOT NULL,
  `customerspaidMonyAmount` int(11) NOT NULL,
  `paidDate` date NOT NULL,
  `employeeID` int(11) NOT NULL,
  `remainFromLast` int(11) NOT NULL,
  `totalFromLast` int(11) NOT NULL
) ENGINE=InnoDB DEFAULT CHARSET=utf8 COLLATE=utf8_unicode_ci;

--
-- Dumping data for table `customerspaidMony`
--

INSERT INTO `customerspaidMony` (`customerspaidMonyID`, `custID`, `customerspaidMonyAmount`, `paidDate`, `employeeID`, `remainFromLast`, `totalFromLast`) VALUES
(1, 2, 223830, '2017-07-02', 2, 0, 0),
(2, 4, 1360, '2017-07-02', 2, 0, 0),
(3, 18, 4330, '2017-07-02', 2, 0, 0),
(4, 21, 805, '2017-07-02', 2, 0, 0),
(5, 41, 630, '2017-07-02', 2, 0, 0),
(6, 42, 1090, '2017-07-02', 2, 0, 0),
(7, 2, 10000, '2017-07-03', 2, 0, 68410),
(8, 9, 5000, '2017-07-03', 2, 5140, 0),
(9, 19, 360, '2017-07-03', 2, 360, 0),
(10, 2, 18775, '2017-07-04', 2, 18775, 0),
(11, 2, 61225, '2017-07-04', 2, 0, 0),
(12, 48, 1600, '2017-07-04', 2, 1600, 0),
(13, 2, 47174, '2017-07-05', 2, 47175, 0),
(14, 2, 2826, '2017-07-05', 2, 0, 0),
(15, 2, 2826, '2017-07-06', 2, 107178, 0),
(16, 2, 54000, '2017-07-06', 2, 104352, 0),
(17, 2, 36000, '2017-07-06', 2, 50352, 0),
(18, 1, 65000, '2017-07-06', 2, 104808, 0),
(19, 1, 49000, '2017-07-08', 2, 125781, 0),
(20, 2, 36000, '2017-07-09', 2, 87058, 0),
(21, 12, 7550, '2017-07-09', 2, 7550, 0),
(22, 77, 300, '2017-07-09', 2, 300, 0),
(23, 19, 65300, '2017-07-10', 2, 65301, 0),
(24, 2, 28000, '2017-07-10', 2, 51058, 0),
(25, 17, 27150, '2017-07-11', 2, 27150, 0),
(26, 2, 23058, '2017-07-11', 2, 23058, 0),
(27, 2, 26942, '2017-07-11', 2, 0, 0),
(28, 37, 2400, '2017-07-11', 2, 2400, 0),
(29, 2, 29000, '2017-07-12', 2, 0, 26942),
(30, 24, 1500, '2017-07-14', 2, 10000, 0),
(31, 2, 100924, '2017-07-15', 2, 100925, 0),
(32, 2, 9976, '2017-07-15', 2, 0, 0),
(34, 2, 41000, '2017-07-16', 2, 169150, 0),
(35, 10, 10000, '2017-07-16', 2, 12420, 0),
(36, 102, 586, '2017-07-18', 2, 586, 0),
(37, 2, 75000, '2017-07-18', 2, 128149, 0),
(38, 2, 40000, '2017-07-19', 2, 53149, 0),
(39, 1, 10000, '2017-07-19', 2, 76781, 0),
(40, 2, 13149, '2017-07-20', 2, 13149, 0),
(41, 2, 22851, '2017-07-20', 2, 0, 0),
(42, 24, 2000, '2017-07-20', 2, 8500, 0),
(43, 2, 2348, '2017-07-22', 2, 0, 0),
(44, 68, 10000, '2017-07-23', 2, 10001, 0),
(45, 2, 50000, '2017-07-23', 2, 0, 2348),
(46, 2, 44000, '2017-07-24', 2, 168484, 0),
(47, 9, 140, '2017-07-25', 2, 140, 0),
(48, 2, 50000, '2017-07-25', 2, 124484, 0),
(49, 2, 42000, '2017-07-26', 2, 248020, 0),
(50, 19, 45025, '2017-07-27', 2, 45025, 0),
(51, 129, 165, '2017-07-27', 2, 165, 0),
(52, 2, 88000, '2017-07-29', 2, 206020, 0),
(53, 115, 3192, '2017-07-29', 2, 3193, 0),
(54, 1, 10000, '2017-07-29', 2, 66781, 0),
(55, 2, 40000, '2017-07-30', 2, 118020, 0),
(56, 81, 1765, '2017-07-30', 2, 1765, 0),
(57, 2, 26000, '2017-07-31', 2, 255684, 0),
(58, 2, 20000, '2017-08-01', 2, 229684, 0),
(59, 2, 26000, '2017-08-02', 2, 209684, 0),
(60, 19, 23000, '2017-08-03', 2, 44081, 0),
(61, 2, 12000, '2017-08-03', 2, 183684, 0),
(62, 2, 20000, '2017-08-03', 2, 171683, 0),
(63, 19, 21080, '2017-08-03', 2, 21080, 0),
(64, 2, 61000, '2017-08-05', 2, 151683, 0),
(65, 2, 85000, '2017-08-06', 2, 90683, 0),
(66, 19, 45369, '2017-08-06', 2, 45370, 0),
(67, 68, 127000, '2017-08-06', 2, 0, 0),
(68, 3, 52800, '2017-08-06', 2, 52815, 0),
(69, 68, 83000, '2017-08-07', 2, 0, 127000),
(70, 2, 10000, '2017-08-08', 2, 230116, 0),
(71, 2, 29000, '2017-08-08', 2, 220115, 0),
(72, 115, 7585, '2017-08-08', 2, 7586, 0),
(73, 2, 42000, '2017-08-09', 2, 191115, 0),
(74, 2, 60000, '2017-08-10', 2, 149115, 0),
(75, 2, 33000, '2017-08-10', 2, 89115, 0),
(76, 19, 23400, '2017-08-10', 2, 23401, 0),
(77, 2, 93000, '2017-08-12', 2, 173070, 0),
(78, 2, 47000, '2017-08-13', 2, 80069, 0),
(79, 2, 32000, '2017-08-14', 2, 33069, 0),
(80, 37, 2000, '2017-08-14', 2, 5651, 0),
(81, 60, 300, '2017-08-14', 2, 300, 0),
(82, 32, 1500, '2017-08-14', 2, 1589, 0),
(83, 19, 40000, '2017-08-15', 2, 71901, 0),
(84, 2, 50000, '2017-08-15', 2, 206053, 0),
(85, 171, 1610, '2017-08-15', 2, 1610, 0),
(86, 32, 89, '2017-08-15', 2, 89, 0),
(87, 19, 31900, '2017-08-15', 2, 31900, 0),
(88, 2, 103000, '2017-08-15', 2, 156053, 0),
(89, 2, 53053, '2017-08-16', 2, 53053, 0),
(90, 2, 95000, '2017-08-16', 2, 217933, 0),
(91, 77, 8070, '2017-08-17', 2, 8071, 0),
(92, 2, 21000, '2017-08-17', 2, 244167, 0),
(93, 37, 3000, '2017-08-17', 2, 3651, 0),
(94, 68, 17900, '2017-08-18', 2, 17940, 0),
(95, 19, 50000, '2017-08-20', 2, 72811, 0),
(96, 2, 18000, '2017-08-20', 2, 223167, 0),
(97, 68, 40, '2017-08-20', 2, 40, 0),
(98, 2, 17000, '2017-08-20', 2, 205167, 0),
(99, 19, 22810, '2017-08-21', 2, 22810, 0),
(100, 2, 97000, '2017-08-22', 2, 188167, 0),
(101, 2, 44000, '2017-08-23', 2, 91167, 0),
(102, 2, 85000, '2017-08-23', 2, 120667, 0),
(103, 115, 9890, '2017-08-24', 2, 9891, 0),
(104, 115, 67315, '2017-08-24', 2, 0, 0),
(105, 68, 11000, '2017-08-24', 2, 11000, 0),
(106, 194, 3512, '2017-08-26', 2, 3513, 0),
(107, 2, 39000, '2017-08-26', 2, 270429, 0),
(108, 2, 63000, '2017-08-27', 2, 231428, 0),
(109, 11, 5000, '2017-08-27', 2, 17550, 0),
(110, 2, 45000, '2017-08-28', 2, 168428, 0),
(111, 84, 1968, '2017-08-28', 2, 1968, 0),
(112, 19, 25000, '2017-08-29', 2, 47581, 0),
(113, 2, 25000, '2017-08-29', 2, 123428, 0),
(114, 24, 6500, '2017-08-30', 2, 6500, 0),
(115, 19, 22580, '2017-08-30', 2, 22580, 0),
(116, 2, 16000, '2017-08-30', 2, 98428, 0),
(117, 213, 43758, '2017-08-30', 2, 0, 0),
(118, 2, 25000, '2017-08-31', 2, 82428, 0),
(119, 2, 35000, '2017-09-05', 2, 57428, 0),
(120, 37, 9150, '2017-09-06', 2, 9173, 0),
(121, 5, 11821, '2017-09-06', 2, 11821, 0),
(122, 19, 11380, '2017-09-07', 2, 11380, 0),
(123, 88, 9700, '2017-09-07', 2, 9712, 0),
(124, 1, 7000, '2017-09-07', 2, 56781, 0),
(125, 118, 3460, '2017-09-07', 2, 3461, 0),
(126, 68, 40550, '2017-09-10', 2, 41551, 0),
(127, 80, 500, '2017-09-10', 2, 500, 0),
(128, 2, 103000, '2017-09-10', 2, 187142, 0),
(129, 17, 11626, '2017-09-10', 2, 11627, 0),
(130, 37, 23, '2017-09-10', 2, 23, 0),
(131, 2, 70000, '2017-09-11', 2, 84142, 0),
(132, 2, 14142, '2017-09-12', 2, 14142, 0),
(133, 88, 100012, '2017-09-12', 2, 0, 0),
(134, 88, 12, '2017-09-12', 2, 12, 0),
(135, 88, 120000, '2017-09-12', 2, 0, 0),
(136, 2, 26000, '2017-09-13', 2, 209300, 0),
(137, 19, 30000, '2017-09-14', 2, 49051, 0),
(138, 2, 40000, '2017-09-14', 2, 183299, 0),
(139, 19, 19051, '2017-09-16', 2, 19051, 0),
(140, 2, 54000, '2017-09-16', 2, 143299, 0),
(141, 70, 60000, '2017-09-16', 2, 0, 0),
(142, 2, 35000, '2017-09-17', 2, 89299, 0),
(143, 80, 1765, '2017-09-17', 2, 1766, 0),
(144, 88, 2365, '2017-09-18', 2, 2365, 0),
(145, 2, 54299, '2017-09-18', 2, 54299, 0),
(146, 2, 7701, '2017-09-18', 2, 0, 0),
(147, 110, 20000, '2017-09-19', 2, 20000, 0),
(148, 2, 89000, '2017-09-19', 2, 0, 7701),
(149, 2, 20000, '2017-09-19', 2, 151295, 0),
(150, 2, 19000, '2017-09-20', 2, 131294, 0),
(151, 80, 200000, '2017-09-20', 2, 0, 0),
(152, 2, 68000, '2017-09-21', 2, 112294, 0),
(153, 194, 50000, '2017-09-21', 2, 111508, 0),
(154, 2, 44294, '2017-09-23', 2, 44294, 0),
(155, 32, 10000, '2017-09-24', 2, 14830, 0),
(156, 2, 46000, '2017-09-24', 2, 115557, 0),
(157, 84, 22230, '2017-09-24', 2, 22230, 0),
(158, 19, 31580, '2017-09-25', 2, 31580, 0),
(159, 2, 69556, '2017-09-25', 2, 69556, 0),
(160, 2, 45445, '2017-09-25', 2, 0, 0),
(161, 2, 45000, '2017-09-26', 2, 199466, 0),
(162, 2, 42000, '2017-09-27', 2, 154466, 0),
(163, 2, 58000, '2017-09-28', 2, 112466, 0),
(164, 2, 54466, '2017-09-30', 2, 54466, 0),
(165, 2, 49534, '2017-09-30', 2, 0, 0),
(166, 2, 66000, '2017-10-01', 2, 0, 49534),
(167, 17, 11000, '2017-10-01', 2, 19076, 0),
(168, 2, 44000, '2017-10-02', 2, 0, 115534),
(169, 2, 53000, '2017-10-03', 2, 0, 159534),
(170, 294, 25000, '2017-10-07', 2, 0, 0),
(171, 194, 50000, '2017-10-08', 2, 86482, 0),
(172, 93, 18250, '2017-10-08', 2, 18251, 0),
(173, 2, 50000, '2017-10-09', 2, 0, 212534),
(174, 68, 1000, '2017-10-09', 2, 1000, 0),
(175, 68, 215000, '2017-10-09', 2, 0, 0),
(176, 68, 30000, '2017-10-09', 2, 30000, 0),
(177, 19, 24830, '2017-10-10', 2, 24831, 0),
(178, 2, 59000, '2017-10-10', 2, 0, 262534),
(179, 2, 62000, '2017-10-11', 2, 0, 321534),
(180, 46, 11300, '2017-10-11', 2, 0, 0),
(181, 19, 7130, '2017-10-12', 2, 31521, 0),
(182, 2, 28000, '2017-10-14', 2, 0, 105297),
(183, 19, 24390, '2017-10-15', 2, 24390, 0),
(184, 194, 50000, '2017-10-15', 2, 92549, 0),
(185, 2, 60000, '2017-10-15', 2, 137340, 0),
(186, 45, 2750, '2017-10-17', 2, 2750, 0),
(187, 68, 250000, '2017-10-17', 2, 256730, 0),
(188, 2, 29000, '2017-10-18', 2, 77340, 0),
(189, 45, 75, '2017-10-18', 2, 75, 0),
(190, 80, 49060, '2017-10-19', 2, 49061, 0),
(191, 2, 12000, '2017-10-19', 2, 48340, 0),
(192, 68, 6730, '2017-10-22', 2, 6730, 0),
(193, 2, 56000, '2017-10-22', 2, 153295, 0),
(194, 46, 5000, '2017-10-22', 2, 13000, 0),
(195, 194, 70000, '2017-10-22', 2, 166856, 0),
(196, 68, 45850, '2017-10-23', 2, 45870, 0),
(197, 19, 44840, '2017-10-23', 2, 44846, 0),
(198, 2, 61000, '2017-10-24', 2, 97294, 0),
(199, 19, 21880, '2017-10-25', 2, 21885, 0),
(200, 17, 10000, '2017-10-26', 2, 21798, 0),
(201, 2, 107000, '2017-10-26', 2, 199704, 0),
(202, 194, 50000, '2017-10-27', 2, 96855, 0),
(203, 68, 47800, '2017-10-28', 2, 47845, 0),
(204, 2, 92703, '2017-10-28', 2, 92703, 0),
(205, 2, 7300, '2017-10-28', 2, 0, 0),
(206, 2, 104000, '2017-10-29', 2, 0, 7300),
(207, 17, 11798, '2017-10-29', 2, 11798, 0),
(208, 17, 3200, '2017-10-29', 2, 0, 0),
(209, 84, 5000, '2017-10-29', 2, 5000, 0),
(210, 46, 2000, '2017-10-30', 2, 8000, 0),
(211, 294, 10000, '2017-10-30', 2, 0, 0),
(212, 294, 20000, '2017-10-30', 2, 0, 10000),
(213, 2, 54000, '2017-10-31', 2, 153337, 0),
(214, 341, 6100, '2017-10-31', 2, 6101, 0),
(215, 161, 85, '2017-10-31', 2, 85, 0),
(216, 294, 650, '2017-10-31', 2, 0, 10460),
(217, 2, 42000, '2017-11-01', 2, 99337, 0),
(218, 68, 18245, '2017-11-01', 2, 18245, 0),
(219, 66, 11285, '2017-11-01', 2, 11286, 0),
(220, 2, 57337, '2017-11-01', 2, 57337, 0),
(221, 2, 30670, '2017-11-01', 2, 0, 0),
(222, 255, 2500, '2017-11-01', 2, 2501, 0),
(223, 2, 35000, '2017-11-02', 2, 0, 30670),
(224, 32, 2500, '2017-11-04', 2, 4830, 0),
(225, 351, 4120, '2017-11-04', 2, 0, 0),
(226, 68, 150000, '2017-11-05', 2, 0, 0),
(227, 68, 72400, '2017-11-06', 2, 72401, 0),
(228, 2, 103000, '2017-11-06', 2, 257088, 0),
(229, 2, 35000, '2017-11-08', 2, 154087, 0),
(230, 235, 11900, '2017-11-08', 2, 11911, 0),
(231, 2, 61000, '2017-11-08', 2, 119087, 0),
(232, 41, 1000, '2017-11-10', 2, 0, 630),
(233, 2, 58087, '2017-11-11', 2, 58087, 0),
(234, 2, 28915, '2017-11-11', 2, 0, 0),
(235, 93, 15820, '2017-11-12', 2, 15820, 0),
(236, 68, 200000, '2017-11-12', 2, 0, 0),
(237, 2, 28915, '2017-11-12', 2, 241818, 0),
(238, 2, 42000, '2017-11-12', 2, 212903, 0),
(239, 68, 40000, '2017-11-12', 2, 47801, 0),
(240, 19, 96100, '2017-11-13', 2, 96106, 0),
(241, 341, 30000, '2017-11-13', 2, 73850, 0),
(242, 17, 20000, '2017-11-13', 2, 29541, 0),
(243, 2, 50000, '2017-11-13', 2, 170903, 0),
(244, 80, 20250, '2017-11-13', 2, 20251, 0);

-- --------------------------------------------------------

--
-- Table structure for table `deposits`
--

CREATE TABLE `deposits` (
  `depositID` int(11) NOT NULL,
  `mordID` int(11) NOT NULL,
  `depositAmount` decimal(10,2) NOT NULL,
  `depositDate` date NOT NULL,
  `lastAmountRemain` decimal(10,2) NOT NULL,
  `memberID` int(11) NOT NULL,
  `depositType` tinyint(4) NOT NULL
) ENGINE=InnoDB DEFAULT CHARSET=utf8 COLLATE=utf8_unicode_ci;

--
-- Dumping data for table `deposits`
--

INSERT INTO `deposits` (`depositID`, `mordID`, `depositAmount`, `depositDate`, `lastAmountRemain`, `memberID`, `depositType`) VALUES
(1, 2, 120000.00, '2017-07-04', 130000.00, 2, 1),
(2, 4, 2000.00, '2017-07-04', 597143.00, 2, 3),
(3, 4, 250000.00, '2017-07-05', 595143.00, 2, 1),
(4, 2, 150000.00, '2017-07-05', 10000.00, 2, 1),
(5, 2, 100000.00, '2017-07-06', 189346.00, 2, 1),
(6, 4, 250000.00, '2017-07-06', 345143.00, 2, 1),
(7, 1, 300000.00, '2017-07-08', -119760.00, 2, 1),
(8, 4, 1500.00, '2017-07-08', 436778.00, 2, 3),
(9, 2, 350000.00, '2017-07-09', 534954.00, 2, 1),
(10, 4, 400000.00, '2017-07-09', 435278.00, 2, 1),
(12, 1, 350000.00, '2017-07-10', -430000.00, 2, 1),
(13, 2, 200000.00, '2017-07-10', 185500.00, 2, 1),
(14, 1, 70000.00, '2017-07-11', -780000.00, 2, 1),
(15, 4, 35000.00, '2017-07-11', 35278.00, 2, 1),
(16, 2, 200000.00, '2017-07-12', 512970.00, 2, 1),
(17, 4, 300000.00, '2017-07-12', 278.00, 2, 1),
(18, 2, 300000.00, '2017-07-13', 312970.00, 2, 1),
(19, 4, 247400.00, '2017-07-13', 247406.00, 2, 1),
(20, 2, 200000.00, '2017-07-16', 566902.00, 2, 1),
(21, 3, 250000.00, '2017-07-17', 371885.00, 2, 1),
(22, 2, 100000.00, '2017-07-18', 366902.00, 2, 1),
(23, 3, 121880.00, '2017-07-19', 121885.00, 2, 1),
(24, 3, 2000.00, '2017-07-19', 422545.00, 2, 3),
(27, 4, 200000.00, '2017-07-20', 412587.00, 2, 1),
(28, 2, 150000.00, '2017-07-20', 266902.00, 2, 1),
(29, 1, 133000.00, '2017-07-24', 142605.00, 2, 1),
(30, 4, 400000.00, '2017-07-24', 1104274.00, 2, 1),
(31, 2, 116900.00, '2017-07-24', 116902.00, 2, 1),
(32, 3, 150000.00, '2017-07-24', 420545.00, 2, 1),
(33, 2, 100000.00, '2017-07-25', 2.00, 2, 1),
(34, 2, 100000.00, '2017-07-26', 287860.00, 2, 1),
(35, 4, 100000.00, '2017-07-26', 704274.00, 2, 1),
(36, 3, 100000.00, '2017-07-27', 270545.00, 2, 1),
(37, 4, 100000.00, '2017-07-27', 604274.00, 2, 1),
(38, 1, 250000.00, '2017-07-30', 597852.00, 2, 1),
(39, 4, 150000.00, '2017-07-30', 504274.00, 2, 1),
(40, 2, 100000.00, '2017-07-30', 187860.00, 2, 1),
(41, 3, 100000.00, '2017-07-31', 170545.00, 2, 1),
(42, 1, 130000.00, '2017-08-01', 347852.00, 2, 1),
(43, 2, 87850.00, '2017-08-01', 527320.00, 2, 1),
(44, 4, 170000.00, '2017-08-01', 354274.00, 2, 1),
(45, 4, 100000.00, '2017-08-02', 184274.00, 2, 1),
(46, 1, 75000.00, '2017-08-03', 217852.00, 2, 1),
(47, 2, 70000.00, '2017-08-03', 439470.00, 2, 1),
(48, 1, 150000.00, '2017-08-05', 142852.00, 2, 2),
(50, 2, 100000.00, '2017-08-06', 369470.00, 2, 1),
(51, 3, 70000.00, '2017-08-06', 70545.00, 2, 1),
(53, 4, 584270.00, '2017-08-06', 84274.00, 2, 1),
(54, 4, 1500.00, '2017-08-06', -52798.00, 2, 3),
(55, 4, 200000.00, '2017-08-07', -54298.00, 2, 1),
(56, 4, 200000.00, '2017-08-08', 192722.00, 2, 1),
(57, 2, 70000.00, '2017-08-08', 269470.00, 2, 1),
(58, 4, 300000.00, '2017-08-09', -7278.00, 2, 1),
(59, 4, 360000.00, '2017-08-10', -307278.00, 2, 1),
(60, 2, 80000.00, '2017-08-10', 199470.00, 2, 1),
(61, 1, 250000.00, '2017-08-12', -7148.00, 2, 2),
(62, 1, 300000.00, '2017-08-13', -257148.00, 2, 1),
(63, 4, 319820.00, '2017-08-13', 219818.00, 2, 1),
(64, 2, 119400.00, '2017-08-13', 119470.00, 2, 1),
(65, 4, 100000.00, '2017-08-14', 397227.00, 2, 1),
(66, 1, 60000.00, '2017-08-15', 53436.00, 2, 1),
(67, 4, 200000.00, '2017-08-15', 297227.00, 2, 1),
(68, 4, 297220.00, '2017-08-16', 97227.00, 2, 1),
(69, 4, 500.00, '2017-08-16', 977960.00, 2, 3),
(70, 4, 400000.00, '2017-08-17', 977460.00, 2, 1),
(72, 3, 110000.00, '2017-08-17', 429593.00, 2, 1),
(73, 3, 2000.00, '2017-08-18', 731380.50, 2, 3),
(74, 4, 250000.00, '2017-08-20', 1644855.00, 2, 1),
(75, 3, 150000.00, '2017-08-20', 729380.50, 2, 1),
(76, 5, 100000.00, '2017-08-20', 0.00, 2, 1),
(77, 4, 350000.00, '2017-08-22', 1394855.00, 2, 1),
(78, 3, 100000.00, '2017-08-22', 579380.50, 2, 1),
(79, 4, 400000.00, '2017-08-24', 1044855.00, 2, 1),
(80, 3, 100000.00, '2017-08-24', 479380.50, 2, 1),
(81, 4, 400000.00, '2017-08-27', 1193775.80, 2, 1),
(82, 3, 100000.00, '2017-08-27', 379380.50, 2, 1),
(83, 2, 150000.00, '2017-08-27', 552349.00, 2, 1),
(84, 1, 400000.00, '2017-08-28', -6564.00, 2, 1),
(85, 4, 200000.00, '2017-08-29', 793775.80, 2, 1),
(87, 2, 220000.00, '2017-08-29', 402349.00, 2, 1),
(88, 4, 1000.00, '2017-08-30', 1098343.80, 2, 3),
(89, 1, 220000.00, '2017-09-06', 211580.48, 2, 1),
(90, 4, 200000.00, '2017-09-06', 1097343.80, 2, 1),
(91, 3, 100000.00, '2017-09-06', 279380.50, 2, 1),
(92, 2, 150000.00, '2017-09-07', 182349.00, 2, 1),
(93, 4, 300000.00, '2017-09-10', 897343.80, 2, 1),
(94, 3, 100000.00, '2017-09-10', 179380.50, 2, 1),
(95, 2, 100000.00, '2017-09-10', 609023.00, 2, 1),
(96, 4, 100000.00, '2017-09-10', 597343.80, 2, 1),
(97, 5, 220000.00, '2017-09-11', -100000.00, 2, 1),
(98, 4, 200000.00, '2017-09-11', 497343.80, 2, 1),
(99, 3, 2000.00, '2017-09-11', 449470.50, 2, 3),
(100, 2, 120000.00, '2017-09-12', 509023.00, 2, 1),
(101, 4, 200000.00, '2017-09-12', 805215.80, 2, 1),
(102, 5, 320000.00, '2017-09-12', 77686.00, 2, 1),
(103, 4, 2500.00, '2017-09-12', 605215.80, 2, 3),
(104, 5, 400000.00, '2017-09-13', 90088.40, 2, 1),
(105, 4, 200000.00, '2017-09-13', 602715.80, 2, 1),
(106, 3, 100000.00, '2017-09-13', 447470.50, 2, 1),
(107, 2, 120000.00, '2017-09-14', 389023.00, 2, 1),
(108, 5, 100000.00, '2017-09-14', -309911.60, 2, 1),
(109, 4, 220000.00, '2017-09-14', 791632.80, 2, 1),
(110, 4, 300000.00, '2017-09-17', 571632.80, 2, 1),
(113, 3, 100000.00, '2017-09-17', 347470.50, 2, 1),
(114, 5, 300000.00, '2017-09-17', -48284.40, 2, 1),
(115, 5, 200000.00, '2017-09-18', -348284.40, 2, 1),
(116, 2, 100000.00, '2017-09-18', 269023.00, 2, 1),
(117, 4, 300000.00, '2017-09-19', 271632.80, 2, 1),
(118, 3, 100000.00, '2017-09-19', 247470.50, 2, 1),
(119, 5, 150000.00, '2017-09-19', -188430.40, 2, 1),
(120, 5, 350000.00, '2017-09-20', 32797.60, 2, 1),
(121, 4, 120000.00, '2017-09-20', -28367.20, 2, 1),
(122, 5, 350000.00, '2017-09-21', -317202.40, 2, 1),
(123, 4, 180000.00, '2017-09-21', 414397.80, 2, 2),
(124, 4, 233170.00, '2017-09-24', 234397.80, 2, 1),
(125, 3, 100000.00, '2017-09-24', 147470.50, 2, 1),
(126, 2, 169000.00, '2017-09-24', 169000.00, 2, 1),
(129, 3, 47470.00, '2017-09-26', 47470.00, 2, 1),
(130, 4, 200000.00, '2017-09-26', 0.00, 2, 1),
(131, 3, 100000.00, '2017-10-03', 490196.00, 2, 1),
(132, 3, 100000.00, '2017-10-04', 390196.00, 2, 1),
(133, 4, 300000.00, '2017-10-04', -200000.00, 2, 1),
(134, 6, 200000.00, '2017-10-08', 509292.80, 2, 1),
(135, 3, 100000.00, '2017-10-08', 290196.00, 2, 1),
(136, 4, 110320.00, '2017-10-08', 110320.00, 2, 1),
(137, 7, 316000.00, '2017-10-08', 0.00, 2, 1),
(138, 7, 50000.00, '2017-10-08', -316000.00, 2, 2),
(139, 6, 200000.00, '2017-10-09', 309292.80, 2, 1),
(140, 7, 500000.00, '2017-10-11', -366000.00, 2, 1),
(141, 3, 100000.00, '2017-10-11', 190196.00, 2, 1),
(142, 6, 100000.00, '2017-10-11', 109292.80, 2, 1),
(143, 2, 150000.00, '2017-10-12', 551034.00, 2, 1),
(144, 4, 1500.00, '2017-10-13', 515702.00, 2, 3),
(145, 3, 90200.00, '2017-10-15', 90196.00, 2, 1),
(146, 6, 9300.00, '2017-10-15', 9292.80, 2, 1),
(147, 4, 200000.00, '2017-10-15', 1125482.00, 2, 1),
(148, 2, 100000.00, '2017-10-15', 401034.00, 2, 1),
(149, 7, 50000.00, '2017-10-15', -866000.00, 2, 2),
(150, 4, 250000.00, '2017-10-17', 925482.00, 2, 1),
(151, 2, 100000.00, '2017-10-17', 301034.00, 2, 1),
(152, 4, 250000.00, '2017-10-19', 675482.00, 2, 1),
(153, 2, 200000.00, '2017-10-19', 201034.00, 2, 1),
(154, 5, 80000.00, '2017-10-19', 71779.20, 2, 1),
(155, 7, 170000.00, '2017-10-19', -916000.00, 2, 1),
(156, 6, 2500.00, '2017-10-20', 529426.80, 2, 3),
(157, 2, 250000.00, '2017-10-22', 1034.00, 2, 1),
(158, 4, 250000.00, '2017-10-22', 425482.00, 2, 1),
(159, 6, 250000.00, '2017-10-22', 526926.80, 2, 1),
(160, 7, 70000.00, '2017-10-22', -1086000.00, 2, 2),
(161, 6, 250000.00, '2017-10-23', 276926.80, 2, 1),
(162, 4, 250000.00, '2017-10-23', 731807.00, 2, 1),
(163, 2, 250000.00, '2017-10-24', 797614.00, 2, 1),
(164, 4, 300000.00, '2017-10-25', 481807.00, 2, 1),
(165, 6, 27000.00, '2017-10-25', 26926.80, 2, 1),
(166, 2, 250000.00, '2017-10-26', 547614.00, 2, 1),
(167, 7, 50000.00, '2017-10-27', -1156000.00, 2, 2),
(168, 2, 200000.00, '2017-10-29', 297614.00, 2, 1),
(169, 3, 150000.00, '2017-10-29', 396392.00, 2, 1),
(170, 4, 250000.00, '2017-10-29', 673551.00, 2, 1),
(171, 6, 250000.00, '2017-10-29', 514165.20, 2, 1),
(172, 2, 250000.00, '2017-10-30', 484126.00, 2, 1),
(173, 6, 200000.00, '2017-10-31', 264165.20, 2, 1),
(174, 4, 200000.00, '2017-10-31', 423551.00, 2, 1),
(175, 3, 100000.00, '2017-10-31', 246392.00, 2, 1),
(176, 3, 100000.00, '2017-11-01', 146392.00, 2, 1),
(177, 6, 64000.00, '2017-11-01', 64165.20, 2, 1),
(178, 2, 150000.00, '2017-11-01', 613824.00, 2, 1),
(179, 4, 223550.00, '2017-11-02', 223551.00, 2, 1),
(180, 6, 250000.00, '2017-11-02', 587243.71, 2, 1),
(181, 2, 250000.00, '2017-11-05', 463824.00, 2, 1),
(182, 6, 150000.00, '2017-11-05', 337243.71, 2, 1),
(183, 3, 46400.00, '2017-11-06', 46392.00, 2, 1),
(184, 5, 150000.00, '2017-11-06', 350423.20, 2, 1),
(185, 6, 100000.00, '2017-11-06', 187243.71, 2, 1),
(186, 2, 150000.00, '2017-11-07', 738722.00, 2, 1),
(187, 6, 87000.00, '2017-11-07', 572578.01, 2, 1),
(188, 3, 100000.00, '2017-11-08', 439464.00, 2, 1),
(189, 5, 100000.00, '2017-11-08', 200423.20, 2, 1),
(190, 6, 85000.00, '2017-11-09', 485578.01, 2, 1),
(191, 2, 85000.00, '2017-11-09', 588722.00, 2, 1),
(194, 5, 100000.00, '2017-11-12', 100423.20, 2, 1),
(195, 2, 150000.00, '2017-11-12', 503722.00, 2, 1),
(196, 6, 150000.00, '2017-11-12', 400578.01, 2, 1),
(197, 3, 150000.00, '2017-11-12', 339464.00, 2, 1),
(198, 2, 150000.00, '2017-11-12', 353722.00, 2, 1),
(199, 2, 150000.00, '2017-11-13', 203722.00, 2, 1);

-- --------------------------------------------------------

--
-- Table structure for table `elmordeen`
--

CREATE TABLE `elmordeen` (
  `mordID` int(11) NOT NULL,
  `mordName` varchar(50) COLLATE utf8_unicode_ci NOT NULL,
  `mordPhone` varchar(50) COLLATE utf8_unicode_ci DEFAULT NULL,
  `mordBankID` varchar(50) COLLATE utf8_unicode_ci NOT NULL,
  `totalAmountRemain` decimal(10,2) NOT NULL
) ENGINE=InnoDB DEFAULT CHARSET=utf8 COLLATE=utf8_unicode_ci;

--
-- Dumping data for table `elmordeen`
--

INSERT INTO `elmordeen` (`mordID`, `mordName`, `mordPhone`, `mordBankID`, `totalAmountRemain`) VALUES
(1, 'شركه بشاي للصلب', '', '101781225001 بنك اسكندريه', -8420.00),
(2, 'شركه العلا', '0100002440 مجدي', '7250134486 بنك القاهره', 53722.00),
(3, 'شركه المظلوم', '01223993960 حسان', '46113255 بنك مصر', 189464.00),
(4, 'شركه اخوان صلاح جابر جلال', '', '224188318 بنك مصر', 0.00),
(5, 'بشري اسحق فرج غالي اعمار مصر للحديد والصلب', '', '1483070281448000011', 423.20),
(6, 'الشركه الماسيه للصلب', '', '41451029376', 250578.01),
(7, 'مروان حمدي العسال', '01006667776', '190302288567', -1206000.00);

-- --------------------------------------------------------

--
-- Table structure for table `employees`
--

CREATE TABLE `employees` (
  `employeeID` int(11) NOT NULL,
  `employeeName` varchar(40) COLLATE utf8_unicode_ci NOT NULL,
  `employeeBaseSalary` decimal(10,2) NOT NULL,
  `employeeBdlat` decimal(10,2) NOT NULL
) ENGINE=InnoDB DEFAULT CHARSET=utf8 COLLATE=utf8_unicode_ci;

-- --------------------------------------------------------

--
-- Table structure for table `giveMonyToCustomer`
--

CREATE TABLE `giveMonyToCustomer` (
  `giveMonyID` int(11) NOT NULL,
  `giveMonyAmount` int(11) NOT NULL,
  `custID` int(11) NOT NULL,
  `memberID` int(11) NOT NULL,
  `giveMonyDate` date NOT NULL
) ENGINE=InnoDB DEFAULT CHARSET=utf8 COLLATE=utf8_unicode_ci;

-- --------------------------------------------------------

--
-- Table structure for table `khazna`
--

CREATE TABLE `khazna` (
  `khaznaFirstTimeAmount` int(11) NOT NULL,
  `khaznaTotal` int(11) NOT NULL
) ENGINE=InnoDB DEFAULT CHARSET=utf8 COLLATE=utf8_unicode_ci;

--
-- Dumping data for table `khazna`
--

INSERT INTO `khazna` (`khaznaFirstTimeAmount`, `khaznaTotal`) VALUES
(0, 607391);

-- --------------------------------------------------------

--
-- Table structure for table `measures`
--

CREATE TABLE `measures` (
  `measID` int(11) NOT NULL,
  `catID` int(11) NOT NULL,
  `suppID` int(11) NOT NULL,
  `measName` varchar(50) COLLATE utf8_unicode_ci NOT NULL,
  `unitInStock` int(11) NOT NULL,
  `unitPrice` int(11) NOT NULL
) ENGINE=InnoDB DEFAULT CHARSET=utf8 COLLATE=utf8_unicode_ci;

--
-- Dumping data for table `measures`
--

INSERT INTO `measures` (`measID`, `catID`, `suppID`, `measName`, `unitInStock`, `unitPrice`) VALUES
(1, 3, 1, '10مل|3لنيه', 23234, 10550),
(2, 3, 1, '12 مل|4 لنيه', 10674, 0),
(3, 3, 1, '16 مل|5 لنيه', 28854, 10550),
(4, 3, 1, '18 مل|6 لنيه', 14147, 0),
(5, 3, 1, '20 مل', 0, 0),
(6, 3, 1, '22 مل|7 لنيه', 3861, 10700),
(7, 3, 1, '25 مل|بوصه', 0, 0),
(8, 4, 1, '6 مل|2 لنيه', 0, 0),
(9, 4, 1, '8 مل|2.5 لنيه', 0, 10500),
(10, 3, 2, '10مل|3لنيه', 765, 0),
(11, 4, 2, '8 مل|2.5 لنيه', 11927, 10500),
(12, 4, 2, '6 مل|2 لنيه', 16860, 10500),
(13, 3, 2, '25 مل|بوصه', 0, 0),
(14, 3, 2, '22 مل|7 لنيه', 0, 0),
(15, 3, 2, '20 مل', 0, 0),
(16, 3, 2, '18 مل|6 لنيه', 156, 10650),
(17, 3, 2, '16 مل|5 لنيه', 1142, 10650),
(18, 3, 2, '12 مل|4 لنيه', 0, 10800),
(19, 3, 3, '10مل|3لنيه', 13435, 0),
(20, 4, 3, '8 مل|2.5 لنيه', 0, 0),
(21, 4, 3, '6 مل|2 لنيه', 0, 0),
(22, 3, 3, '25 مل|بوصه', 0, 0),
(23, 3, 3, '22 مل|7 لنيه', 0, 0),
(24, 3, 3, '20 مل', 0, 0),
(25, 3, 3, '18 مل|6 لنيه', 0, 0),
(26, 3, 3, '16 مل|5 لنيه', 4150, 10400),
(27, 3, 3, '12 مل|4 لنيه', 0, 0),
(28, 3, 4, '10مل|3لنيه', 0, 0),
(29, 4, 4, '8 مل|2.5 لنيه', 0, 0),
(30, 4, 4, '6 مل|2 لنيه', 0, 0),
(31, 3, 4, '25 مل|بوصه', 0, 0),
(32, 3, 4, '22 مل|7 لنيه', 0, 0),
(33, 3, 4, '20 مل', 0, 0),
(34, 3, 4, '18 مل|6 لنيه', 0, 0),
(35, 3, 4, '16 مل|5 لنيه', 0, 0),
(36, 3, 4, '12 مل|4 لنيه', 0, 0),
(37, 3, 5, '10مل|3لنيه', 0, 0),
(38, 4, 5, '8 مل|2.5 لنيه', 11491, 10500),
(39, 4, 5, '6 مل|2 لنيه', 0, 0),
(40, 3, 5, '25 مل|بوصه', 0, 0),
(41, 3, 5, '22 مل|7 لنيه', 0, 0),
(42, 3, 5, '20 مل', 0, 0),
(43, 3, 5, '18 مل|6 لنيه', 0, 10350),
(45, 3, 5, '16 مل|5 لنيه', 0, 10350),
(46, 3, 5, '12 مل|4 لنيه', 0, 0),
(47, 3, 6, '10مل|3لنيه', 0, 0),
(48, 4, 6, '8 مل|2.5 لنيه', 0, 0),
(49, 4, 6, '6 مل|2 لنيه', 0, 0),
(50, 3, 6, '25 مل|بوصه', 0, 0),
(51, 3, 6, '22 مل|7 لنيه', 0, 0),
(52, 3, 6, '20 مل', 0, 0),
(53, 3, 6, '18 مل|6 لنيه', 0, 0),
(54, 3, 6, '16 مل|5 لنيه', 0, 10400),
(55, 3, 6, '12 مل|4 لنيه', 0, 0);

-- --------------------------------------------------------

--
-- Table structure for table `members`
--

CREATE TABLE `members` (
  `memberID` int(11) NOT NULL,
  `memberName` varchar(50) COLLATE utf8_unicode_ci NOT NULL,
  `memberPassword` varchar(50) COLLATE utf8_unicode_ci NOT NULL,
  `memberOficialName` varchar(50) COLLATE utf8_unicode_ci NOT NULL
) ENGINE=InnoDB DEFAULT CHARSET=utf8 COLLATE=utf8_unicode_ci;

--
-- Dumping data for table `members`
--

INSERT INTO `members` (`memberID`, `memberName`, `memberPassword`, `memberOficialName`) VALUES
(2, 'hema', 'sama1303836', 'ابراهيم عبدالفتاح احمد'),
(3, 'mohammedtoffaha', 'P@ssw0rdS', 'Mohammed Toffaha');

-- --------------------------------------------------------

--
-- Table structure for table `minusFees`
--

CREATE TABLE `minusFees` (
  `minfeeID` int(11) NOT NULL,
  `invoiceNo` varchar(40) COLLATE utf8_unicode_ci NOT NULL,
  `minfeeReason` varchar(50) COLLATE utf8_unicode_ci NOT NULL,
  `minfeeAmount` decimal(10,2) NOT NULL
) ENGINE=InnoDB DEFAULT CHARSET=utf8 COLLATE=utf8_unicode_ci;

--
-- Dumping data for table `minusFees`
--

INSERT INTO `minusFees` (`minfeeID`, `invoiceNo`, `minfeeReason`, `minfeeAmount`) VALUES
(1, ' F-0000037', 'اكرميه سواق', 20.00),
(2, ' F-0000243', 'اكرميه سواق بابور', 30.00),
(3, ' F-0000244', 'اكرميه ثروت عاطف العوضي', 20.00),
(4, ' F-0000361', 'اكرميه هاني المقاول', 100.00),
(5, ' F-0000570', 'اكرميه مقاول', 50.00),
(6, ' F-0000590', 'اكرميه سواق بابور', 50.00),
(7, ' F-0000724', 'اكرميه سواق بابور', 20.00),
(8, ' F-0000809', 'اكرميه رشاد', 50.00);

-- --------------------------------------------------------

--
-- Table structure for table `mortg3`
--

CREATE TABLE `mortg3` (
  `mortg3ID` int(11) NOT NULL,
  `invoiceNo` varchar(20) COLLATE utf8_unicode_ci NOT NULL,
  `productID` int(11) NOT NULL,
  `mortg3Date` date NOT NULL,
  `unitPrice` int(11) NOT NULL,
  `mortg3Quant` int(11) NOT NULL,
  `memberID` int(11) NOT NULL
) ENGINE=InnoDB DEFAULT CHARSET=utf8 COLLATE=utf8_unicode_ci;

--
-- Dumping data for table `mortg3`
--

INSERT INTO `mortg3` (`mortg3ID`, `invoiceNo`, `productID`, `mortg3Date`, `unitPrice`, `mortg3Quant`, `memberID`) VALUES
(1, ' F-0000018', 11, '2017-07-05', 11500, 70000, 2),
(2, 'ارجاع بدون فاتوره', 1, '2017-07-05', 11100, 189, 2),
(3, 'ارجاع بدون فاتوره', 12, '2017-07-06', 9160, 12, 2),
(4, ' F-0000038', 12, '2017-07-09', 10000, 20, 2),
(5, 'ارجاع بدون فاتوره', 1, '2017-07-10', 9960, 266, 0),
(6, 'ارجاع بدون فاتوره', 18, '2017-07-10', 9960, 289, 0),
(7, 'ارجاع بدون فاتوره', 12, '2017-07-10', 10000, 7, 0),
(8, 'ارجاع بدون فاتوره', 1, '2017-07-10', 10706, 325, 0),
(9, 'ارجاع بدون فاتوره', 18, '2017-07-10', 10706, 567, 0),
(10, 'ارجاع بدون فاتوره', 1, '2017-07-12', 10000, 210, 0),
(11, ' F-0000094', 12, '2017-07-15', 10000, 10, 2),
(12, ' F-0000084', 1, '2017-07-15', 10235, 214, 2),
(13, ' F-0000033', 1, '2017-07-15', 10000, 139, 2),
(14, ' F-0000126', 1, '2017-07-19', 10645, 155, 2),
(15, ' F-0000144', 27, '2017-07-23', 10650, 139, 2),
(16, 'ارجاع بدون فاتوره', 1, '2017-07-26', 10682, 858, 0),
(17, 'ارجاع بدون فاتوره', 12, '2017-07-26', 10260, 23, 0),
(18, 'ارجاع بدون فاتوره', 10, '2017-07-26', 10282, 439, 0),
(19, ' F-0000168', 27, '2017-07-27', 10648, 108, 2),
(20, ' F-0000184', 19, '2017-07-30', 10772, 285, 2),
(21, ' F-0000216', 12, '2017-08-05', 12000, 10, 2),
(22, 'ارجاع بدون فاتوره', 12, '2017-08-09', 10487, 82, 0),
(23, ' F-0000279', 19, '2017-08-12', 9929, 141, 2),
(24, ' F-0000157', 12, '2017-08-13', 10000, 8, 2),
(25, ' F-0000296', 19, '2017-08-13', 10828, 157, 2),
(26, 'ارجاع بدون فاتوره', 10, '2017-08-14', 11730, 682, 0),
(27, ' F-0000331', 12, '2017-08-15', 12000, 200, 2),
(28, ' F-0000359', 1, '2017-08-19', 12000, 23, 2),
(29, 'ارجاع بدون فاتوره', 4, '2017-08-19', 11850, 3972, 0),
(30, ' F-0000310', 4, '2017-08-23', 10850, 921, 2),
(31, ' F-0000389', 1, '2017-08-24', 11700, 183, 2),
(32, ' F-0000331', 2, '2017-08-26', 11750, 53, 2),
(33, 'ارجاع بدون فاتوره', 4, '2017-08-26', 11850, 3791, 0),
(34, 'ارجاع بدون فاتوره', 4, '2017-08-26', 11745, 299, 0),
(35, ' F-0000402', 1, '2017-08-26', 11764, 51, 2),
(36, ' F-0000426', 1, '2017-08-27', 12050, 740, 2),
(37, ' F-0000426', 2, '2017-08-27', 12050, 55, 2),
(38, 'ارجاع بدون فاتوره', 10, '2017-08-28', 10600, 180, 0),
(39, 'ارجاع بدون فاتوره', 9, '2017-08-30', 11200, 3907, 0),
(40, 'ارجاع بدون فاتوره', 4, '2017-09-05', 12000, 543, 0),
(41, ' F-0000509', 1, '2017-09-12', 12050, 1000, 2),
(42, ' F-0000509', 2, '2017-09-12', 12050, 800, 2),
(43, ' F-0000509', 39, '2017-09-12', 12250, 180, 2),
(44, ' F-0000517', 10, '2017-09-13', 12100, 1800, 2),
(45, ' F-0000517', 39, '2017-09-13', 12350, 200, 2),
(46, ' F-0000239', 27, '2017-09-13', 11222, 900, 2),
(47, ' F-0000523', 1, '2017-09-13', 12000, 210, 2),
(48, ' F-0000490', 10, '2017-09-14', 11640, 189, 2),
(49, ' F-0000372', 12, '2017-09-18', 11969, 66, 2),
(50, ' F-0000548', 10, '2017-09-20', 12000, 175, 2),
(51, ' F-0000588', 2, '2017-09-21', 12350, 585, 2),
(52, ' F-0000593', 39, '2017-09-24', 11875, 16, 2),
(53, ' F-0000589', 18, '2017-09-24', 12300, 3977, 2),
(54, ' F-0000640', 1, '2017-09-28', 12350, 8, 2),
(55, ' F-0000482', 39, '2017-09-28', 11785, 28, 2),
(56, ' F-0000521', 39, '2017-09-30', 11972, 71, 2),
(57, ' F-0000521', 10, '2017-09-30', 11297, 120, 2),
(58, ' F-0000521', 18, '2017-09-30', 11297, 119, 2),
(59, ' F-0000611', 10, '2017-10-01', 12400, 77, 2),
(60, ' F-0000659', 18, '2017-10-01', 12400, 294, 2),
(61, ' F-0000583', 39, '2017-10-03', 11923, 26, 2),
(62, ' F-0000612', 39, '2017-10-04', 11875, 32, 2),
(63, ' F-0000539', 10, '2017-10-05', 12100, 76, 2),
(64, ' F-0000651', 10, '2017-10-07', 12300, 60, 2),
(65, ' F-0000661', 10, '2017-10-08', 12300, 104, 2),
(66, ' F-0000711', 4, '2017-10-11', 12150, 267, 2),
(67, ' F-0000770', 38, '2017-10-19', 12400, 500, 2),
(68, ' F-0000605', 1, '2017-10-21', 11748, 183, 2),
(69, ' F-0000789', 27, '2017-10-23', 12000, 65, 2),
(70, ' F-0000662', 2, '2017-10-23', 11803, 231, 2),
(71, ' F-0000662', 1, '2017-10-23', 11803, 142, 2),
(72, ' F-0000662', 38, '2017-10-23', 11803, 4, 2),
(73, ' F-0000776', 2, '2017-10-24', 11805, 288, 2),
(74, ' F-0000818', 11, '2017-10-26', 12150, 52, 2),
(75, ' F-0000852', 39, '2017-10-29', 12500, 220, 2),
(76, ' F-0000643', 1, '2017-10-31', 11946, 80, 2),
(77, ' F-0000643', 2, '2017-10-31', 11946, 33, 2),
(78, ' F-0000864', 2, '2017-10-31', 12100, 54, 2),
(79, ' F-0000737', 39, '2017-11-01', 12500, 170, 2),
(80, ' F-0000868', 27, '2017-11-02', 11500, 22, 2),
(81, ' F-0000868', 19, '2017-11-02', 11500, 157, 2),
(82, ' F-0000813', 18, '2017-11-05', 12000, 22, 2),
(83, ' F-0000813', 10, '2017-11-05', 12000, 120, 2),
(84, ' F-0000905', 11, '2017-11-06', 12400, 250, 2),
(85, ' F-0000897', 1, '2017-11-09', 11363, 44, 2),
(86, ' F-0000828', 12, '2017-11-12', 12000, 67, 2);

-- --------------------------------------------------------

--
-- Table structure for table `msrofat`
--

CREATE TABLE `msrofat` (
  `msrofatID` int(11) NOT NULL,
  `msrofatValue` int(4) NOT NULL,
  `msrofatName` varchar(30) COLLATE utf8_unicode_ci NOT NULL,
  `msrofatDetails` varchar(70) COLLATE utf8_unicode_ci NOT NULL,
  `msrofatAmount` int(11) NOT NULL,
  `memberID` int(4) NOT NULL,
  `addedDate` date NOT NULL
) ENGINE=InnoDB DEFAULT CHARSET=utf8 COLLATE=utf8_unicode_ci;

--
-- Dumping data for table `msrofat`
--

INSERT INTO `msrofat` (`msrofatID`, `msrofatValue`, `msrofatName`, `msrofatDetails`, `msrofatAmount`, `memberID`, `addedDate`) VALUES
(1, 5, 'مصاريف اخرى', 'الست بتاعه العزبه', 50, 2, '2017-07-04'),
(2, 0, 'مصروفات تشغيليه', ' اكرميه سواق نقله بشاي اخوان صلاح', 100, 2, '2017-07-04'),
(3, 0, 'مصروفات تشغيليه', 'شاي و سكر', 55, 2, '2017-07-04'),
(4, 2, 'مسحوبات شخصيه', 'الحاج حمدي', 45, 2, '2017-07-04'),
(5, 5, 'مصاريف اخرى', 'غدا', 40, 2, '2017-07-04'),
(6, 0, 'مصروفات تشغيليه', 'اكرميه سواق نقله عز 12ملي 8ملي', 70, 2, '2017-07-04'),
(7, 0, 'مصروفات تشغيليه', 'جركن زيت هيدرلك', 115, 2, '2017-07-04'),
(8, 0, 'مصروفات تشغيليه', 'طرف السيد زبون', 20, 2, '2017-07-04'),
(9, 2, 'مسحوبات شخصيه', 'باقي حساب طلبات الحاج حمدي', 20, 2, '2017-07-04'),
(10, 0, 'مصروفات تشغيليه', 'اكرميه سواق نقله 6ملي عز العلا', 70, 2, '2017-07-05'),
(11, 0, 'مصروفات تشغيليه', 'مصاريف غدا', 40, 2, '2017-07-05'),
(12, 1, 'اجور عمال', 'من حساب محمد حمدي', 50, 2, '2017-07-05'),
(13, 1, 'اجور عمال', 'من حساب ابراهيم', 100, 2, '2017-07-05'),
(14, 0, 'مصروفات تشغيليه', 'جاز الكلرك الكبير', 300, 2, '2017-07-05'),
(15, 1, 'اجور عمال', 'من حساب محمد حمدي', 250, 2, '2017-07-05'),
(16, 1, 'اجور عمال', 'من حساب محمد الفهد', 200, 2, '2017-07-05'),
(17, 5, 'مصاريف اخرى', 'الحاج ابراهيم عبدون', 100, 2, '2017-07-06'),
(18, 1, 'اجور عمال', 'اسبوعيه عوض', 300, 2, '2017-07-06'),
(19, 0, 'مصروفات تشغيليه', 'غدا', 40, 2, '2017-07-06'),
(20, 0, 'مصروفات تشغيليه', 'جرايد الاسبوع', 20, 2, '2017-07-06'),
(21, 0, 'مصروفات تشغيليه', 'مشال فريد ابو الفتوح', 800, 2, '2017-07-06'),
(22, 1, 'اجور عمال', 'اسبوعيه احمد', 300, 2, '2017-07-06'),
(23, 0, 'مصروفات تشغيليه', 'اسبوعيه السيد', 250, 2, '2017-07-06'),
(24, 1, 'اجور عمال', 'باقي حساب الفهد', 200, 2, '2017-07-06'),
(25, 2, 'مسحوبات شخصيه', 'الحاج حمدي', 250, 2, '2017-07-06'),
(26, 1, 'اجور عمال', 'باقي حساب ابراهيم', 300, 2, '2017-07-06'),
(27, 0, 'مصروفات تشغيليه', 'اكرميه سواق نقله 10 12 بشاي', 120, 2, '2017-07-07'),
(28, 0, 'مصروفات تشغيليه', 'اكرميه سواق نقله عز 12ملي', 100, 2, '2017-07-07'),
(29, 1, 'اجور عمال', 'حساب شغل يوم الجمعه', 150, 2, '2017-07-07'),
(30, 2, 'مسحوبات شخصيه', 'الحاج حمدي مع السيد عند بشاي ', 10000, 2, '2017-07-08'),
(31, 0, 'مصروفات تشغيليه', 'مصاريف مشوار مصر السيد', 100, 2, '2017-07-08'),
(32, 0, 'مصروفات تشغيليه', 'مصاريف غدا', 40, 2, '2017-07-08'),
(33, 0, 'مصروفات تشغيليه', 'مصاريف شاي وسكر', 45, 2, '2017-07-08'),
(34, 0, 'مصروفات تشغيليه', 'اكرميه ابو الفتوح', 100, 2, '2017-07-08'),
(35, 0, 'مصروفات تشغيليه', 'فريد مشال ابو الفتوح', 100, 2, '2017-07-08'),
(36, 0, 'مصروفات تشغيليه', 'اكرميه سواق عز  12ملي 8ملي', 70, 2, '2017-07-08'),
(37, 0, 'مصروفات تشغيليه', 'مصاريف', 45, 2, '2017-07-09'),
(38, 0, 'مصروفات تشغيليه', 'جاز الكلرك الكبير', 260, 2, '2017-07-09'),
(39, 0, 'مصروفات تشغيليه', 'اكرميه ثروت عاطف العوضي', 20, 2, '2017-07-10'),
(40, 0, 'مصروفات تشغيليه', 'سواق بابور', 20, 2, '2017-07-10'),
(41, 0, 'مصروفات تشغيليه', 'اكرميه نقله عز 12ملي شركه العلا', 70, 2, '2017-07-10'),
(42, 0, 'مصروفات تشغيليه', 'مصاريف غدا', 40, 2, '2017-07-10'),
(43, 0, 'مصروفات تشغيليه', 'حساب برنامج الحسبات', 7000, 2, '2017-07-10'),
(44, 2, 'مسحوبات شخصيه', 'طلبات الحاج حمدي', 85, 2, '2017-07-11'),
(45, 0, 'مصروفات تشغيليه', 'فيشه كهربا للطباعه', 10, 2, '2017-07-11'),
(46, 0, 'مصروفات تشغيليه', 'مصاريف غدا', 20, 2, '2017-07-11'),
(47, 0, 'مصروفات تشغيليه', 'مصاريف غدا', 20, 2, '2017-07-11'),
(48, 2, 'مسحوبات شخصيه', 'رصيد لمروان', 90, 2, '2017-07-11'),
(49, 0, 'مصروفات تشغيليه', 'مصاريف غدا', 20, 2, '2017-07-11'),
(50, 2, 'مسحوبات شخصيه', 'الحاج حمدي', 5000, 2, '2017-07-12'),
(51, 0, 'مصروفات تشغيليه', 'اكرميه بتوع ىالكهرباء', 50, 2, '2017-07-12'),
(52, 0, 'مصروفات تشغيليه', 'تكتك من البنك', 5, 2, '2017-07-12'),
(53, 0, 'مصروفات تشغيليه', 'اكرميه نقله 10ملي بشاي اخوان صلاح', 100, 2, '2017-07-12'),
(54, 0, 'مصروفات تشغيليه', 'مصاريف غدا', 40, 2, '2017-07-12'),
(55, 0, 'مصروفات تشغيليه', 'شاي وسكر', 35, 2, '2017-07-12'),
(56, 2, 'مسحوبات شخصيه', 'اسبوعيه محمد حمدي', 250, 2, '2017-07-12'),
(57, 1, 'اجور عمال', 'من حساب السيد', 50, 2, '2017-07-12'),
(58, 0, 'مصروفات تشغيليه', 'اكرميه سواق بابور', 20, 2, '2017-07-12'),
(59, 0, 'مصروفات تشغيليه', 'نولون نقله حديد 10ملي بشاي', 10100, 2, '2017-07-13'),
(60, 0, 'مصروفات تشغيليه', 'مصاريف غدا', 40, 2, '2017-07-13'),
(61, 0, 'مصروفات تشغيليه', 'تصليح فرده كاوتش', 20, 2, '2017-07-13'),
(62, 1, 'اجور عمال', 'اسبوعيه عوض', 300, 2, '2017-07-13'),
(63, 0, 'مصروفات تشغيليه', 'جرايد الاسبوع', 20, 2, '2017-07-13'),
(64, 0, 'مصروفات تشغيليه', 'اكرميه نقله12ملي عز العلا', 70, 2, '2017-07-13'),
(65, 1, 'اجور عمال', 'اسبوعيه ابراهيم', 400, 2, '2017-07-13'),
(66, 2, 'مسحوبات شخصيه', 'الحاج حمدي', 250, 2, '2017-07-13'),
(67, 1, 'اجور عمال', 'اسبوعيه الفهد', 400, 2, '2017-07-13'),
(68, 1, 'اجور عمال', 'باقي حساب السيد', 200, 2, '2017-07-13'),
(69, 1, 'اجور عمال', 'اسبوعيه احمد فاضل', 300, 2, '2017-07-13'),
(70, 1, 'اجور عمال', 'حساب شغل يوم الجمعه', 50, 2, '2017-07-14'),
(71, 0, 'مصروفات تشغيليه', 'مصاريف غدا', 40, 2, '2017-07-15'),
(72, 0, 'مصروفات تشغيليه', 'جاز الكلرك الكبير', 260, 2, '2017-07-15'),
(73, 0, 'مصروفات تشغيليه', 'مصاريف غدا', 45, 2, '2017-07-16'),
(74, 0, 'مصروفات تشغيليه', 'شاي وسكر', 20, 2, '2017-07-16'),
(75, 0, 'مصروفات تشغيليه', 'بنزين عربيه محمد حمدي مشوار سعود', 100, 2, '2017-07-16'),
(76, 2, 'مسحوبات شخصيه', 'الحاج حمدي', 270, 2, '2017-07-16'),
(77, 2, 'مسحوبات شخصيه', 'محمد حمدي', 150, 2, '2017-07-16'),
(78, 0, 'مصروفات تشغيليه', 'مصاريف غدا', 40, 2, '2017-07-17'),
(79, 2, 'مسحوبات شخصيه', 'الحاج ابراهيم عبدون', 100, 2, '2017-07-17'),
(80, 2, 'مسحوبات شخصيه', 'الست العزبه', 50, 2, '2017-07-17'),
(81, 0, 'مصروفات تشغيليه', 'خالد هاشم من حساب نقلتين', 5000, 2, '2017-07-18'),
(82, 0, 'مصروفات تشغيليه', 'هاني المحامي من حساب قضيه الشقه والريع', 2000, 2, '2017-07-18'),
(83, 0, 'مصروفات تشغيليه', 'مصاريف غدا', 40, 2, '2017-07-18'),
(84, 2, 'مسحوبات شخصيه', 'الفيزاه مدام الحاج حمدي', 6800, 2, '2017-07-19'),
(85, 0, 'مصروفات تشغيليه', 'ميزان بسكول نقله حديد المظلوم', 20, 2, '2017-07-19'),
(86, 0, 'مصروفات تشغيليه', 'اكرميه نقله حديد المظلوم', 100, 2, '2017-07-19'),
(87, 0, 'مصروفات تشغيليه', 'عبدالله موظف الكهرباء من حساب ممارسه كهرباء والعداد', 2000, 2, '2017-07-19'),
(89, 0, 'مصروفات تشغيليه', 'مصاريف غدا', 40, 2, '2017-07-19'),
(91, 0, 'مصروفات تشغيليه', 'محمد حمدي الاسبوعيه', 250, 2, '2017-07-19'),
(92, 2, 'مسحوبات شخصيه', 'الحاج حمدي', 10000, 2, '2017-07-19'),
(93, 0, 'مصروفات تشغيليه', 'جرايد الاسبوع', 25, 2, '2017-07-20'),
(94, 0, 'مصروفات تشغيليه', 'اكرميه نقله حديد اخوان صلاح حديد تركي', 80, 2, '2017-07-20'),
(95, 0, 'مصروفات تشغيليه', 'طلبات المخزن ', 75, 2, '2017-07-20'),
(96, 0, 'مصروفات تشغيليه', 'اشتراك النت الشهري', 160, 2, '2017-07-20'),
(97, 0, 'مصروفات تشغيليه', 'اسبوعيه عوض', 300, 2, '2017-07-20'),
(98, 1, 'اجور عمال', 'اسبوعيه الفهد', 400, 2, '2017-07-20'),
(99, 0, 'مصروفات تشغيليه', 'اسبوعيه احمد فاضل', 300, 2, '2017-07-20'),
(100, 0, 'مصروفات تشغيليه', 'اسبوعيه السيد', 250, 2, '2017-07-20'),
(101, 0, 'مصروفات تشغيليه', 'اسبوعيه ابراهيم', 400, 2, '2017-07-20'),
(102, 0, 'مصروفات تشغيليه', 'الحاج حمدي', 250, 2, '2017-07-20'),
(103, 0, 'مصروفات تشغيليه', 'مصاريف غدا', 40, 2, '2017-07-20'),
(104, 0, 'مصروفات تشغيليه', 'عهده اشرف خالد هاشم ', 3000, 2, '2017-07-22'),
(105, 0, 'مصروفات تشغيليه', 'اكرميه اشرف سوسته نقله بشاي', 100, 2, '2017-07-22'),
(106, 0, 'مصروفات تشغيليه', 'اكرميه السيد الجوهري', 50, 2, '2017-07-22'),
(107, 0, 'مصروفات تشغيليه', 'اكرميه سواق نقله حديد تركي', 70, 2, '2017-07-22'),
(108, 0, 'مصروفات تشغيليه', 'جركن زيت للكلرك الكبير', 620, 2, '2017-07-22'),
(109, 0, 'مصروفات تشغيليه', 'جاز الكلرك الصغير', 205, 2, '2017-07-22'),
(110, 0, 'مصروفات تشغيليه', 'مصاريف غدا', 40, 2, '2017-07-22'),
(111, 0, 'مصروفات تشغيليه', 'ميزان بسكول نقله حمدي عبدالعال', 20, 2, '2017-07-22'),
(112, 0, 'مصروفات تشغيليه', 'حساب شغل يوم الجمعه', 100, 2, '2017-07-22'),
(113, 0, 'مصروفات تشغيليه', 'اكرميه سواق نقله حديد تركي', 70, 2, '2017-07-23'),
(114, 0, 'مصروفات تشغيليه', 'جاز الكلرك الكبير', 310, 2, '2017-07-23'),
(115, 0, 'مصروفات تشغيليه', 'فواتير اتصالات وموبينيل', 150, 2, '2017-07-23'),
(116, 0, 'مصروفات تشغيليه', 'مصاريف غدا', 40, 2, '2017-07-23'),
(117, 0, 'مصروفات تشغيليه', 'باقي حساب الفواتير الحاج حمدي', 50, 2, '2017-07-23'),
(118, 2, 'مسحوبات شخصيه', 'الحاج حمدي', 152000, 2, '2017-07-24'),
(119, 0, 'مصروفات تشغيليه', 'مصاريف غدا', 40, 2, '2017-07-24'),
(120, 0, 'مصروفات تشغيليه', 'محمد حمدي', 20, 2, '2017-07-24'),
(121, 0, 'مصروفات تشغيليه', 'مصاريف غدا', 40, 2, '2017-07-25'),
(122, 1, 'اجور عمال', 'اسبوعيه محمد حمدي', 250, 2, '2017-07-25'),
(123, 2, 'مسحوبات شخصيه', 'الحاج حمدي', 5000, 2, '2017-07-25'),
(124, 5, 'ضرائب', 'ضراب مبيعات شهر 4@20175', 3280, 2, '2017-07-25'),
(125, 0, 'مصروفات تشغيليه', 'حساب الشهر محمد عبد الكريم', 400, 2, '2017-07-25'),
(126, 0, 'مصروفات تشغيليه', 'اكرميه سواق نقله حديد عز العلا 6@10@12', 70, 2, '2017-07-25'),
(127, 1, 'اجور عمال', 'من اسبوعيه الفهد', 200, 2, '2017-07-25'),
(128, 0, 'مصروفات تشغيليه', 'رصيد لمروان', 90, 2, '2017-07-26'),
(129, 1, 'اجور عمال', 'من حساب السيد', 50, 2, '2017-07-26'),
(130, 0, 'مصروفات تشغيليه', 'مصاريف غدا', 40, 2, '2017-07-26'),
(131, 0, 'مصروفات تشغيليه', 'شاي وسكر', 45, 2, '2017-07-26'),
(132, 0, 'مصروفات تشغيليه', 'خالد هاشم من حساب نقلتين', 5000, 2, '2017-07-27'),
(133, 0, 'مصروفات تشغيليه', 'مصاريف غدا', 40, 2, '2017-07-27'),
(134, 1, 'اجور عمال', 'اسبوعيه عوض', 300, 2, '2017-07-27'),
(135, 0, 'مصروفات تشغيليه', 'مشال الكراسي للتصليح', 20, 2, '2017-07-27'),
(136, 1, 'اجور عمال', 'اسبوعيه احمد فاضل', 300, 2, '2017-07-27'),
(137, 1, 'اجور عمال', 'اسبوعيه الفهد', 200, 2, '2017-07-27'),
(138, 1, 'اجور عمال', 'اسبوعيه السيد', 200, 2, '2017-07-27'),
(139, 0, 'مصروفات تشغيليه', 'اسبوعيه ابراهيم', 400, 2, '2017-07-27'),
(140, 1, 'اجور عمال', 'جرايد الاسبوع', 25, 2, '2017-07-27'),
(141, 0, 'مصروفات تشغيليه', 'الحاج حمدي', 250, 2, '2017-07-27'),
(142, 0, 'مصروفات تشغيليه', 'اكرميه اشرف سوسته نقله بشاي', 100, 2, '2017-07-28'),
(143, 0, 'مصروفات تشغيليه', 'خالد هاشم عهده اشرف', 500, 2, '2017-07-28'),
(144, 0, 'مصروفات تشغيليه', 'مصاريف شاي وسكر', 25, 2, '2017-07-28'),
(145, 0, 'مصروفات تشغيليه', 'حساب شغل يوم الجمعه', 180, 2, '2017-07-28'),
(146, 0, 'مصروفات تشغيليه', 'مصاريف غدا', 40, 2, '2017-07-29'),
(147, 2, 'مسحوبات شخصيه', 'الحاج ابراهيم عبدون', 100, 2, '2017-07-29'),
(148, 0, 'مصروفات تشغيليه', 'ثروت عاطف العوضي', 10, 2, '2017-07-29'),
(149, 2, 'مسحوبات شخصيه', 'الحاج حمدي', 150, 2, '2017-07-29'),
(150, 0, 'مصروفات تشغيليه', 'جاز الكلرك الكبير', 290, 2, '2017-07-29'),
(151, 0, 'مصروفات تشغيليه', 'مصاريف غدا', 40, 2, '2017-07-30'),
(152, 2, 'مسحوبات شخصيه', 'الحاج حمدي الحاجه ماجده', 1020, 2, '2017-07-30'),
(153, 0, 'مصروفات تشغيليه', 'اكرميه سواق بابور', 20, 2, '2017-07-30'),
(154, 0, 'مصروفات تشغيليه', 'عجز في فلوس البنك', 100, 2, '2017-07-30'),
(155, 0, 'مصروفات تشغيليه', 'من اسبوعيه الفهد', 200, 2, '2017-07-30'),
(156, 0, 'مصروفات تشغيليه', 'محمد حمدي', 70, 2, '2017-07-30'),
(157, 0, 'مصروفات تشغيليه', 'ايداع خالد هاشم بنك القاهره', 5000, 2, '2017-07-31'),
(158, 0, 'مصروفات تشغيليه', 'مصاريف غدا', 40, 2, '2017-07-31'),
(159, 0, 'مصروفات تشغيليه', 'مصاريف شاي وسكر', 45, 2, '2017-07-31'),
(160, 0, 'مصروفات تشغيليه', 'اكرميه نقله تركي العلا', 70, 2, '2017-07-31'),
(161, 0, 'مصروفات تشغيليه', 'مشال الكراسي للتصليح', 15, 2, '2017-07-31'),
(162, 0, 'مصروفات تشغيليه', 'تصليح  الكراسي', 650, 2, '2017-07-31'),
(163, 0, 'مصروفات تشغيليه', 'مصاريف غدا', 40, 2, '2017-08-01'),
(164, 2, 'مسحوبات شخصيه', 'الحاج حمدي', 1000, 2, '2017-08-01'),
(165, 0, 'مصروفات تشغيليه', 'محمد حمدي', 200, 2, '2017-08-01'),
(166, 0, 'مصروفات تشغيليه', 'الخزان', 30, 2, '2017-08-01'),
(167, 0, 'مصروفات تشغيليه', 'تصوير ورق', 5, 2, '2017-08-01'),
(168, 1, 'اجور عمال', 'من حساب السيد', 100, 2, '2017-08-01'),
(169, 0, 'مصروفات تشغيليه', 'تكتك حمدي عبد العال', 20, 2, '2017-08-01'),
(170, 0, 'مصروفات تشغيليه', 'مصاريف غدا', 40, 2, '2017-08-02'),
(171, 0, 'مصروفات تشغيليه', 'جرايد الاسبوع', 25, 2, '2017-08-03'),
(172, 2, 'مسحوبات شخصيه', 'الست العزبه', 50, 2, '2017-08-03'),
(173, 2, 'مسحوبات شخصيه', 'طلبات الحاج حمدي', 120, 2, '2017-08-03'),
(174, 0, 'مصروفات تشغيليه', 'مصاريف غدا', 40, 2, '2017-08-03'),
(175, 1, 'اجور عمال', 'اسبوعيه عوض', 300, 2, '2017-08-03'),
(176, 2, 'مسحوبات شخصيه', 'طلبات الحاج حمدي', 50, 2, '2017-08-03'),
(177, 2, 'مسحوبات شخصيه', 'الحاج حمدي', 2000, 2, '2017-08-03'),
(178, 0, 'مصروفات تشغيليه', 'فاتوره فودافون', 760, 2, '2017-08-03'),
(179, 1, 'اجور عمال', 'باقي اسبوعيه الفهد', 200, 2, '2017-08-03'),
(180, 1, 'اجور عمال', 'اسبوعيه ابراهيم', 400, 2, '2017-08-03'),
(181, 1, 'اجور عمال', 'الحاج حمدي', 250, 2, '2017-08-03'),
(182, 1, 'اجور عمال', 'باقي اسبوعيه السيد', 150, 2, '2017-08-03'),
(183, 1, 'اجور عمال', 'اسبوعيه احمد فاضل', 300, 2, '2017-08-03'),
(184, 0, 'مصروفات تشغيليه', 'من اسبوعيه الفهد القادمه', 200, 2, '2017-08-03'),
(185, 2, 'مسحوبات شخصيه', 'الحاج حمدي', 1000, 2, '2017-08-04'),
(186, 1, 'اجور عمال', 'حساب شغل يوم الجمعه', 180, 2, '2017-08-04'),
(187, 0, 'مصروفات تشغيليه', 'مصاريف غدا', 40, 2, '2017-08-05'),
(188, 0, 'مصروفات تشغيليه', 'عوض السواق', 50, 2, '2017-08-05'),
(189, 1, 'اجور عمال', 'اسبوعيه محمد حمدي', 250, 2, '2017-08-05'),
(190, 0, 'مصروفات تشغيليه', 'ابراهيم اغا المحامي من حساب قضيه الدكتور مصطفي', 1000, 2, '2017-08-06'),
(191, 0, 'مصروفات تشغيليه', 'جركن زيت للكلرك الكبير', 655, 2, '2017-08-06'),
(192, 0, 'مصروفات تشغيليه', 'جاز الكلرك الكبير', 275, 2, '2017-08-06'),
(193, 0, 'مصروفات تشغيليه', 'فلتر هواء الكلرك الكبير', 60, 2, '2017-08-06'),
(194, 0, 'مصروفات تشغيليه', 'اكرميه نقله حديد اخوان صلاح حديد عز', 70, 2, '2017-08-06'),
(195, 0, 'مصروفات تشغيليه', 'مصاريف غدا', 40, 2, '2017-08-06'),
(196, 0, 'مصروفات تشغيليه', 'مصاريف شاي وسكر', 20, 2, '2017-08-06'),
(197, 0, 'مصروفات تشغيليه', 'تصليح فرده كاوتش', 5, 2, '2017-08-06'),
(198, 0, 'مصروفات تشغيليه', 'اكرميه المعلم رشاد مقاول', 50, 2, '2017-08-07'),
(199, 0, 'مصروفات تشغيليه', 'مصاريف غدا', 40, 2, '2017-08-07'),
(200, 1, 'اجور عمال', 'من حساب السيد', 100, 2, '2017-08-07'),
(201, 0, 'مصروفات تشغيليه', 'مشال احمد الجوهري د@ حامد', 50, 2, '2017-08-07'),
(202, 0, 'مصروفات تشغيليه', 'اكرميه شغل د@ حامد', 140, 2, '2017-08-07'),
(203, 0, 'مصروفات تشغيليه', 'اكرميه سواق نقله حديد تركي', 70, 2, '2017-08-08'),
(204, 0, 'مصروفات تشغيليه', 'اكرميه سواق نقله حديد تركي', 70, 2, '2017-08-08'),
(205, 2, 'مسحوبات شخصيه', 'الحاج ابراهيم عبدون', 100, 2, '2017-08-08'),
(206, 5, 'ضرائب', 'ضراب عقاريه عوايد عن سنه 20015', 3550, 2, '2017-08-08'),
(207, 0, 'مصروفات تشغيليه', 'مصاريف غدا', 40, 2, '2017-08-08'),
(208, 0, 'مصروفات تشغيليه', 'تغير زيت الكلرك الكبير', 40, 2, '2017-08-08'),
(209, 0, 'مصروفات تشغيليه', 'اكرميه وزنه حديد', 20, 2, '2017-08-08'),
(210, 0, 'مصروفات تشغيليه', 'مصاريف غدا وشاي وسكر', 70, 2, '2017-08-09'),
(211, 0, 'مصروفات تشغيليه', 'صلاح سواق بابور', 20, 2, '2017-08-09'),
(212, 5, 'مصاريف اخرى', 'احمد للتوكتوك', 20, 2, '2017-08-09'),
(213, 5, 'مصاريف اخرى', 'اكرميه 2 نقله تركي', 200, 2, '2017-08-10'),
(214, 0, 'مصروفات تشغيليه', 'جرايد الاسبوع', 25, 2, '2017-08-10'),
(215, 1, 'اجور عمال', 'اسبوعيه عوض', 300, 2, '2017-08-10'),
(216, 0, 'مصروفات تشغيليه', 'مصاريف غدا', 40, 2, '2017-08-10'),
(217, 0, 'مصروفات تشغيليه', 'سكر', 20, 2, '2017-08-10'),
(218, 0, 'مصروفات تشغيليه', 'توكتوك', 20, 2, '2017-08-10'),
(219, 0, 'مصروفات تشغيليه', 'اكرميه مقاول محمد العابد', 120, 2, '2017-08-10'),
(220, 1, 'اجور عمال', 'اسبوعيه السيد', 250, 2, '2017-08-10'),
(221, 1, 'اجور عمال', 'اسبوعيه احمد فضل', 300, 2, '2017-08-11'),
(222, 1, 'اجور عمال', 'باقي اسبوعيه الفهد', 200, 2, '2017-08-11'),
(223, 0, 'مصروفات تشغيليه', 'ابراهيم', 800, 2, '2017-08-11'),
(224, 0, 'مصروفات تشغيليه', 'مصاريف غدا', 40, 2, '2017-08-12'),
(225, 2, 'مسحوبات شخصيه', 'الحاج حمدي', 8000, 2, '2017-08-12'),
(226, 0, 'مصروفات تشغيليه', 'مصاريف اقلام واساتك فلوس', 50, 2, '2017-08-12'),
(227, 0, 'مصروفات تشغيليه', 'مشال فريد وزنه كفر الحاج عمر', 250, 2, '2017-08-12'),
(228, 2, 'مسحوبات شخصيه', 'الست العزبه', 50, 2, '2017-08-13'),
(229, 0, 'مصروفات تشغيليه', 'جاز الكلرك الصغير', 230, 2, '2017-08-13'),
(230, 0, 'مصروفات تشغيليه', 'اكرميه سواق نقله حديد بشاي اخوان صلاح', 100, 2, '2017-08-13'),
(231, 0, 'مصروفات تشغيليه', 'تكتك من البنك', 5, 2, '2017-08-13'),
(232, 0, 'مصروفات تشغيليه', 'عهده اشرف خالد هاشم', 5000, 2, '2017-08-13'),
(233, 0, 'مصروفات تشغيليه', 'اكرميه اشرف سوسته نقله بشاي', 100, 2, '2017-08-13'),
(234, 0, 'مصروفات تشغيليه', 'مصاريف غدا', 40, 2, '2017-08-13'),
(235, 0, 'مصروفات تشغيليه', 'ابراهيم', 25, 2, '2017-08-13'),
(236, 0, 'مصروفات تشغيليه', 'اكراميه سواق بابور', 20, 2, '2017-08-13'),
(237, 1, 'اجور عمال', 'من اسبوعيه الفهد', 200, 2, '2017-08-13'),
(238, 0, 'مصروفات تشغيليه', 'مصاريف غدا', 60, 2, '2017-08-14'),
(239, 0, 'مصروفات تشغيليه', 'مصاريف شاي وسكر', 45, 2, '2017-08-14'),
(240, 0, 'مصروفات تشغيليه', 'تغير زيت عربيه محمد حمدي', 350, 2, '2017-08-14'),
(241, 0, 'مصروفات تشغيليه', 'جبس واسمنت', 10, 2, '2017-08-14'),
(242, 0, 'مصروفات تشغيليه', 'للل', 5, 2, '2017-08-14'),
(243, 5, 'مصاريف اخرى', 'اكرميه المعلم رشاد مقاول', 20, 2, '2017-08-15'),
(244, 2, 'مسحوبات شخصيه', 'الحاج ابراهيم عبدون', 100, 2, '2017-08-15'),
(245, 0, 'مصروفات تشغيليه', 'مصاريف غدا', 45, 2, '2017-08-15'),
(246, 1, 'اجور عمال', 'ابراهيم', 20, 2, '2017-08-15'),
(247, 0, 'مصروفات تشغيليه', 'مصاريف غدا', 40, 2, '2017-08-16'),
(248, 0, 'مصروفات تشغيليه', 'ابراهيم', 25, 2, '2017-08-16'),
(249, 1, 'اجور عمال', 'محمد حمدي الاسبوعيه', 250, 2, '2017-08-16'),
(250, 0, 'مصروفات تشغيليه', 'اكرميه سواق نقله حديد بشاي اخوان صلاح', 100, 2, '2017-08-16'),
(251, 0, 'مصروفات تشغيليه', 'اكرميه سواق نقله حديد بشاي اخوان صلاح', 100, 2, '2017-08-16'),
(252, 2, 'مسحوبات شخصيه', 'الحاج حمدي', 5000, 2, '2017-08-16'),
(253, 0, 'مصروفات تشغيليه', 'جاز الكلرك الكبير', 270, 2, '2017-08-16'),
(254, 1, 'اجور عمال', 'عوض', 50, 2, '2017-08-16'),
(255, 1, 'اجور عمال', 'تنزيل جرار حديد', 170, 2, '2017-08-16'),
(256, 0, 'مصروفات تشغيليه', 'اكرميه سواق نقله حديد عز المظلوم', 70, 2, '2017-08-16'),
(257, 2, 'مسحوبات شخصيه', 'طلبات الحاج حمدي', 100, 2, '2017-08-17'),
(258, 0, 'مصروفات تشغيليه', 'مقايسه كهرباء لزوم عداد الكهرباء', 17280, 2, '2017-08-17'),
(259, 0, 'مصروفات تشغيليه', 'رشاد لعداد الكهرباء', 500, 2, '2017-08-17'),
(260, 0, 'مصروفات تشغيليه', 'جرايد الاسبوع', 25, 2, '2017-08-17'),
(261, 0, 'مصروفات تشغيليه', 'مصاريف شاي وسكر', 30, 2, '2017-08-17'),
(262, 0, 'مصروفات تشغيليه', 'بخور', 10, 2, '2017-08-17'),
(263, 0, 'مصروفات تشغيليه', 'مواصلات ابوكبير وتصوير ورق', 30, 2, '2017-08-17'),
(264, 0, 'مصروفات تشغيليه', 'سلف حسني عيد', 100, 2, '2017-08-17'),
(265, 0, 'مصروفات تشغيليه', 'مصاريف غدا', 40, 2, '2017-08-17'),
(266, 0, 'مصروفات تشغيليه', 'مصاريف شاي وسكر', 45, 2, '2017-08-17'),
(267, 1, 'اجور عمال', 'اسبوعيه عوض', 300, 2, '2017-08-17'),
(268, 2, 'مسحوبات شخصيه', 'الحاج حمدي', 10000, 2, '2017-08-17'),
(269, 3, 'اشتراك انترنت', 'اشتراك النت الشهري', 165, 2, '2017-08-17'),
(270, 0, 'مصروفات تشغيليه', 'شحن رصيد لمروان', 95, 2, '2017-08-17'),
(271, 0, 'مصروفات تشغيليه', 'ميزان بسكول نقله السيد حواس', 20, 2, '2017-08-17'),
(272, 2, 'مسحوبات شخصيه', 'الحاج حمدي', 150, 2, '2017-08-17'),
(273, 5, 'ضرائب', 'ضرايب مبيعات شهر 62017', 1500, 2, '2017-08-17'),
(274, 5, 'ضرائب', 'حساب الشهر محمد عبد الكريم', 400, 2, '2017-08-17'),
(275, 1, 'اجور عمال', 'اسبوعيه ابراهيم', 400, 2, '2017-08-17'),
(276, 1, 'اجور عمال', 'اسبوعيه احمد فاضل', 300, 2, '2017-08-17'),
(277, 0, 'مصروفات تشغيليه', 'اسبوعيه السيد', 250, 2, '2017-08-17'),
(278, 0, 'مصروفات تشغيليه', 'باقي اسبوعيه الفهد', 200, 2, '2017-08-17'),
(279, 0, 'مصروفات تشغيليه', 'غاز', 30, 2, '2017-08-17'),
(280, 0, 'مصروفات تشغيليه', 'غاز', 30, 2, '2017-08-17'),
(281, 2, 'مسحوبات شخصيه', 'الحاج حمدي', 200, 2, '2017-08-17'),
(282, 5, 'مصاريف اخرى', 'اكرميه سواق نقله للفف اخوان صلاح', 100, 2, '2017-08-18'),
(283, 0, 'مصروفات تشغيليه', 'حساب شغل يوم الجمعه', 180, 2, '2017-08-18'),
(284, 0, 'مصروفات تشغيليه', 'اكرميه سواق نقله حديد عز المظلوم', 100, 2, '2017-08-18'),
(285, 0, 'مصروفات تشغيليه', 'حساب شغل يوم الجمعه', 100, 2, '2017-08-18'),
(286, 5, 'مصاريف اخرى', 'اكرميه سواق نقله  بشاي اخوان صلاح', 100, 2, '2017-08-19'),
(287, 0, 'مصروفات تشغيليه', 'مصاريف غدا', 40, 2, '2017-08-19'),
(288, 2, 'مسحوبات شخصيه', 'من حساب اضحيه عيد الاضحي', 12000, 2, '2017-08-19'),
(289, 2, 'مسحوبات شخصيه', 'محمد حمدي', 100, 2, '2017-08-19'),
(290, 2, 'مسحوبات شخصيه', 'الحاج حمدي', 5000, 2, '2017-08-19'),
(291, 0, 'مصروفات تشغيليه', 'بنزين', 65, 2, '2017-08-19'),
(292, 0, 'مصروفات تشغيليه', 'علبه بوهيه', 25, 2, '2017-08-19'),
(293, 0, 'مصروفات تشغيليه', 'جاز الكلرك الكبير', 250, 2, '2017-08-19'),
(294, 0, 'مصروفات تشغيليه', 'اكرميه وزنه اشرف ابوالفتوح', 50, 2, '2017-08-19'),
(295, 0, 'مصروفات تشغيليه', 'مصاريف غدا', 40, 2, '2017-08-20'),
(296, 0, 'مصروفات تشغيليه', 'طلبات المخزن', 10, 2, '2017-08-20'),
(297, 0, 'مصروفات تشغيليه', 'ميزان بسكول نقله السيد حواس', 20, 2, '2017-08-20'),
(298, 0, 'مصروفات تشغيليه', 'مصاريف غدا', 45, 2, '2017-08-21'),
(299, 1, 'اجور عمال', 'من اسبوعيه الفهد', 200, 2, '2017-08-21'),
(300, 1, 'اجور عمال', 'ابراهيم', 100, 2, '2017-08-21'),
(301, 0, 'مصروفات تشغيليه', 'مصاريف شاي وسكر', 70, 2, '2017-08-22'),
(302, 0, 'مصروفات تشغيليه', 'مصاريف غدا', 40, 2, '2017-08-22'),
(303, 1, 'اجور عمال', 'اسبوعيه محمد حمدي', 250, 2, '2017-08-22'),
(304, 0, 'مصروفات تشغيليه', 'مصاريف غدا', 45, 2, '2017-08-23'),
(305, 1, 'اجور عمال', 'من حساب السيد', 50, 2, '2017-08-23'),
(306, 0, 'مصروفات تشغيليه', 'اكرميه مقاول', 50, 2, '2017-08-23'),
(307, 0, 'مصروفات تشغيليه', 'اكرميه سواق السيد فتح الله', 20, 2, '2017-08-23'),
(308, 5, 'مصاريف اخرى', 'جرايد الاسبوع', 25, 2, '2017-08-24'),
(309, 0, 'مصروفات تشغيليه', 'اسبوعيه عوض', 300, 2, '2017-08-24'),
(310, 0, 'مصروفات تشغيليه', 'مصاريف غدا', 40, 2, '2017-08-24'),
(311, 2, 'مسحوبات شخصيه', 'الحاج حمدي', 1000, 2, '2017-08-24'),
(312, 0, 'مصروفات تشغيليه', 'تصليح الكلرك الكبير', 50, 2, '2017-08-24'),
(313, 0, 'مصروفات تشغيليه', 'خرطوم زيت', 70, 2, '2017-08-24'),
(314, 0, 'مصروفات تشغيليه', 'باقي اسبوعيه الفهد', 200, 2, '2017-08-24'),
(315, 0, 'مصروفات تشغيليه', 'باقي اسبوعيه السيد', 200, 2, '2017-08-24'),
(316, 1, 'اجور عمال', 'اسبوعيه ابراهيم', 400, 2, '2017-08-24'),
(317, 1, 'اجور عمال', 'اسبوعيه احمد فاضل', 300, 2, '2017-08-24'),
(318, 1, 'اجور عمال', 'الحاج حمدي', 200, 2, '2017-08-24'),
(319, 0, 'مصروفات تشغيليه', 'مشال ابوالفتوح', 100, 2, '2017-08-24'),
(320, 2, 'مسحوبات شخصيه', 'تصليح دهب للحاج حمدي', 20, 2, '2017-08-24'),
(321, 0, 'مصروفات تشغيليه', 'اكرميه سواق نقله حديد بشاي اخوان صلاح', 100, 2, '2017-08-25'),
(322, 0, 'مصروفات تشغيليه', 'حساب شغل يوم الجمعه', 180, 2, '2017-08-25'),
(323, 0, 'مصروفات تشغيليه', 'اكرميه سواق نقله حديد عز العلا', 100, 2, '2017-08-25'),
(324, 5, 'مصاريف اخرى', 'جاز الكلارك الكبير', 275, 2, '2017-08-26'),
(325, 2, 'مسحوبات شخصيه', 'الحاج ابراهيم عبدون', 100, 2, '2017-08-26'),
(326, 0, 'مصروفات تشغيليه', 'حساب ماتور مياه', 1010, 2, '2017-08-26'),
(327, 0, 'مصروفات تشغيليه', 'تركيب ماتور مياه', 100, 2, '2017-08-26'),
(328, 2, 'مسحوبات شخصيه', 'الحاج حمدي', 10000, 2, '2017-08-26'),
(329, 0, 'مصروفات تشغيليه', 'مصاريف غدا', 45, 2, '2017-08-26'),
(330, 0, 'مصروفات تشغيليه', 'تصليح فرده كاوتش', 10, 2, '2017-08-26'),
(331, 0, 'مصروفات تشغيليه', 'مصاريف غدا', 40, 2, '2017-08-27'),
(332, 0, 'مصروفات تشغيليه', 'مصاريف كياس ومشمع للعيد', 115, 2, '2017-08-27'),
(333, 2, 'مسحوبات شخصيه', 'من اسبوعيه الفهد', 200, 2, '2017-08-27'),
(334, 0, 'مصروفات تشغيليه', 'ثروت عاطف العوضي', 10, 2, '2017-08-28'),
(335, 0, 'مصروفات تشغيليه', 'ايداع خالد هاشم بنك القاهره', 10000, 2, '2017-08-28'),
(336, 0, 'مصروفات تشغيليه', 'مصاريف غدا', 45, 2, '2017-08-28'),
(337, 0, 'مصروفات تشغيليه', 'مصاريف شاي وسكر', 50, 2, '2017-08-28'),
(338, 0, 'مصروفات تشغيليه', 'قص الشجر', 50, 2, '2017-08-28'),
(339, 1, 'اجور عمال', 'ابراهيم', 100, 2, '2017-08-28'),
(340, 0, 'مصروفات تشغيليه', 'مصاريف غدا', 45, 2, '2017-08-29'),
(341, 0, 'مصروفات تشغيليه', 'من اسبوعيه الفهد', 100, 2, '2017-08-29'),
(342, 0, 'مصروفات تشغيليه', 'اكرميه سواق نقله حديد العتال اخوان صلاح', 100, 2, '2017-08-30'),
(343, 0, 'مصروفات تشغيليه', 'مصاريف بن', 15, 2, '2017-08-30'),
(344, 0, 'مصروفات تشغيليه', 'مشال ابوالفتوح واكرميه ', 150, 2, '2017-08-30'),
(345, 0, 'مصروفات تشغيليه', 'اكرميه اشرف سوسته نقله بشاي', 100, 2, '2017-08-30'),
(346, 0, 'مصروفات تشغيليه', 'مصاريف غدا', 45, 2, '2017-08-30'),
(347, 0, 'مصروفات تشغيليه', 'تصليح الميزان', 20, 2, '2017-08-30'),
(348, 2, 'مسحوبات شخصيه', 'ا', 5, 2, '2017-08-30'),
(349, 0, 'مصروفات تشغيليه', 'جرايد الاسبوع', 25, 2, '2017-08-31'),
(350, 0, 'مصروفات تشغيليه', 'اسبوعيه عوض', 300, 2, '2017-08-31'),
(351, 0, 'مصروفات تشغيليه', 'طلبات للمخزن', 50, 2, '2017-08-31'),
(352, 1, 'اجور عمال', 'عديه عوض', 150, 2, '2017-08-31'),
(353, 0, 'مصروفات تشغيليه', 'باقي اسبوعيه الفهد', 100, 2, '2017-08-31'),
(354, 1, 'اجور عمال', 'من اسبوعيه الفهد', 200, 2, '2017-08-31'),
(355, 1, 'اجور عمال', 'عديه الفهد', 150, 2, '2017-08-31'),
(356, 1, 'اجور عمال', 'باقي اسبوعيه السيد', 250, 2, '2017-08-31'),
(357, 1, 'اجور عمال', 'عيديه السيد', 150, 2, '2017-08-31'),
(358, 1, 'اجور عمال', 'اسبوعيه ابراهيم', 400, 2, '2017-08-31'),
(359, 1, 'اجور عمال', 'عيديه ابراهيم', 150, 2, '2017-08-31'),
(360, 1, 'اجور عمال', 'الحاج حمدي', 350, 2, '2017-08-31'),
(361, 1, 'اجور عمال', 'اسبوعيه احمد فاضل', 300, 2, '2017-08-31'),
(362, 0, 'مصروفات تشغيليه', 'عيديه احمد فاضل', 150, 2, '2017-08-31'),
(363, 2, 'مسحوبات شخصيه', 'الحاج ابراهيم عبدون', 100, 2, '2017-09-05'),
(364, 0, 'مصروفات تشغيليه', 'جاز الكلرك الكبير', 325, 2, '2017-09-05'),
(365, 0, 'مصروفات تشغيليه', 'جركن زيت للكلرك الكبير', 625, 2, '2017-09-05'),
(366, 0, 'مصروفات تشغيليه', 'مصاريف غدا', 40, 2, '2017-09-05'),
(367, 0, 'مصروفات تشغيليه', 'مصاريف شاي وسكر', 45, 2, '2017-09-05'),
(368, 0, 'مصروفات تشغيليه', 'اكرميه محمد ابوالعبد', 50, 2, '2017-09-05'),
(369, 2, 'مسحوبات شخصيه', 'محمد حمدي', 250, 2, '2017-09-05'),
(370, 0, 'مصروفات تشغيليه', 'اكرميه مقاول', 40, 2, '2017-09-05'),
(371, 0, 'مصروفات تشغيليه', 'مصاريف غدا', 40, 2, '2017-09-06'),
(372, 0, 'مصروفات تشغيليه', 'اكرميه محمد ابوالعبد', 50, 2, '2017-09-07'),
(373, 0, 'مصروفات تشغيليه', 'تكتك المحكمه', 10, 2, '2017-09-07'),
(374, 0, 'مصروفات تشغيليه', 'مصاريف غدا', 40, 2, '2017-09-07'),
(375, 3, 'اشتراك انترنت', 'فاتوره فودافون', 765, 2, '2017-09-07'),
(376, 1, 'اجور عمال', 'اسبوعيه عوض', 300, 2, '2017-09-07'),
(377, 1, 'اجور عمال', 'اسبوعيه ابراهيم', 400, 2, '2017-09-07'),
(378, 1, 'اجور عمال', 'باقي اسبوعيه الفهد', 200, 2, '2017-09-07'),
(379, 1, 'اجور عمال', 'اسبوعيه احمد فاضل', 300, 2, '2017-09-07'),
(380, 1, 'اجور عمال', 'الحاج حمدي', 250, 2, '2017-09-07'),
(381, 0, 'مصروفات تشغيليه', 'اكرميه عبد الصمد وزنتين', 150, 2, '2017-09-07'),
(382, 1, 'اجور عمال', 'محمد حمدي', 350, 2, '2017-09-07'),
(383, 1, 'اجور عمال', 'اسبوعيه السيد', 250, 2, '2017-09-07'),
(384, 0, 'مصروفات تشغيليه', 'اكرميه سواق نقله حديدعز العلا', 100, 2, '2017-09-08'),
(385, 0, 'مصروفات تشغيليه', 'حساب شغل يوم الجمعه', 150, 2, '2017-09-08'),
(386, 0, 'مصروفات تشغيليه', 'مصاريف غدا', 40, 2, '2017-09-09'),
(387, 0, 'مصروفات تشغيليه', 'مصاريف غدا', 40, 2, '2017-09-09'),
(388, 0, 'مصروفات تشغيليه', 'مصاريف غدا', 40, 2, '2017-09-09'),
(389, 0, 'مصروفات تشغيليه', 'شاي وسكر', 10, 2, '2017-09-09'),
(390, 0, 'مصروفات تشغيليه', 'ميزان بسكول نقله السيد حواس', 20, 2, '2017-09-09'),
(391, 0, 'مصروفات تشغيليه', 'لحام كاوتش', 20, 2, '2017-09-09'),
(392, 0, 'مصروفات تشغيليه', 'محمد حمدي20', 20, 2, '2017-09-09'),
(393, 0, 'مصروفات تشغيليه', 'ثروت عاطف العوضي', 10, 2, '2017-09-10'),
(394, 1, 'اجور عمال', 'من اسبوعيه الفهد', 50, 2, '2017-09-10'),
(395, 0, 'مصروفات تشغيليه', 'اكرميه مقاول محمد ابوالعبد', 50, 2, '2017-09-10'),
(396, 0, 'مصروفات تشغيليه', 'جركن زيت للكلرك الكبير', 660, 2, '2017-09-10'),
(397, 0, 'مصروفات تشغيليه', 'جاز الكلرك الكبير', 275, 2, '2017-09-10'),
(398, 1, 'اجور عمال', 'من اسبوعيه الفهد', 150, 2, '2017-09-10'),
(399, 0, 'مصروفات تشغيليه', 'مصاريف غدا', 40, 2, '2017-09-10'),
(400, 0, 'مصروفات تشغيليه', 'مصاريف شاي وسكر', 45, 2, '2017-09-11'),
(401, 0, 'مصروفات تشغيليه', 'تغير زيت الكلرك الكبير اسماعيل الميكانيكي', 30, 2, '2017-09-11'),
(402, 0, 'مصروفات تشغيليه', 'اكرميه سواق نقله حديد عز المظلوم', 70, 2, '2017-09-11'),
(403, 0, 'مصروفات تشغيليه', 'مصاريف غدا', 40, 2, '2017-09-11'),
(404, 0, 'مصروفات تشغيليه', 'ثروت عاطف العوضي', 20, 2, '2017-09-11'),
(405, 1, 'اجور عمال', 'ابراهيم', 100, 2, '2017-09-11'),
(406, 2, 'مسحوبات شخصيه', 'من حساب السيد', 100, 2, '2017-09-12'),
(407, 0, 'مصروفات تشغيليه', 'اكرميه سواق نقله حديد بشاي اخوان صلاح', 100, 2, '2017-09-12'),
(408, 0, 'مصروفات تشغيليه', 'اكرميه سواق نقله حديد عز بشري', 100, 2, '2017-09-12'),
(409, 0, 'مصروفات تشغيليه', 'جركن زيت للكلرك الصغير', 685, 2, '2017-09-12'),
(410, 0, 'مصروفات تشغيليه', 'جاز الكلرك الصغير', 300, 2, '2017-09-12'),
(411, 0, 'مصروفات تشغيليه', 'اكرميه مقاول', 50, 2, '2017-09-12'),
(412, 0, 'مصروفات تشغيليه', 'مصاريف غدا', 50, 2, '2017-09-12'),
(413, 0, 'مصروفات تشغيليه', 'اكرميه سواق نقله حديد عز بشري', 100, 2, '2017-09-13'),
(414, 0, 'مصروفات تشغيليه', 'اكرميه سواق نقله حديد عز لفف 8ملي اخوان صلاح', 100, 2, '2017-09-13'),
(415, 2, 'مسحوبات شخصيه', 'الحاج حمدي الحاج ابراهيم عبدون', 100, 2, '2017-09-13'),
(416, 0, 'مصروفات تشغيليه', 'تصليح فرده كاوتش', 95, 2, '2017-09-13'),
(417, 0, 'مصروفات تشغيليه', 'مصاريف غدا', 40, 2, '2017-09-13'),
(418, 2, 'مسحوبات شخصيه', 'الحاج حمدي', 155000, 2, '2017-09-13'),
(419, 1, 'اجور عمال', 'محمد حمدي', 250, 2, '2017-09-13'),
(420, 0, 'مصروفات تشغيليه', 'تصليح الكلرك الكبير', 100, 2, '2017-09-13'),
(421, 0, 'مصروفات تشغيليه', 'اكرميه مقاول', 30, 2, '2017-09-13'),
(422, 0, 'مصروفات تشغيليه', 'جرايد الاسبوع', 25, 2, '2017-09-14'),
(423, 0, 'مصروفات تشغيليه', 'اكراميه سلكه مقاول', 50, 2, '2017-09-14'),
(424, 0, 'مصروفات تشغيليه', 'مصاريف شاي وسكر', 45, 2, '2017-09-14'),
(425, 0, 'مصروفات تشغيليه', 'مصاريف غدا', 40, 2, '2017-09-14'),
(426, 0, 'مصروفات تشغيليه', 'اكرميه مقاول', 60, 2, '2017-09-14'),
(427, 1, 'اجور عمال', 'اسبوعيه عوض', 300, 2, '2017-09-14'),
(428, 0, 'مصروفات تشغيليه', 'اكرميه سواق نقله حديد عز بشري', 70, 2, '2017-09-14'),
(429, 1, 'اجور عمال', 'باقي اسبوعيه الفهد', 200, 2, '2017-09-14'),
(430, 1, 'اجور عمال', 'باقي اسبوعيه السيد', 150, 2, '2017-09-14'),
(431, 1, 'اجور عمال', 'اسبوعيه ابراهيم', 400, 2, '2017-09-14'),
(432, 0, 'مصروفات تشغيليه', 'اسبوعيه احمد فاضل', 300, 2, '2017-09-14'),
(433, 2, 'مسحوبات شخصيه', 'الحاج حمدي', 250, 2, '2017-09-14'),
(434, 0, 'مصروفات تشغيليه', 'جاز الكلرك الكبير', 300, 2, '2017-09-14'),
(435, 0, 'مصروفات تشغيليه', 'مصاريف غدا', 40, 2, '2017-09-16'),
(436, 0, 'مصروفات تشغيليه', 'اكرميه محمد ابوالعبد', 70, 2, '2017-09-16'),
(437, 0, 'مصروفات تشغيليه', 'محمد حمدي', 950, 2, '2017-09-16'),
(438, 0, 'مصروفات تشغيليه', 'محمد حمدي', 50, 2, '2017-09-16'),
(439, 1, 'اجور عمال', 'من اسبوعيه الفهد', 200, 2, '2017-09-16'),
(440, 2, 'مسحوبات شخصيه', 'الست العزبه', 50, 2, '2017-09-17'),
(441, 0, 'مصروفات تشغيليه', 'اكرميه سواق نقله حديد بشاي اخوان صلاح', 100, 2, '2017-09-17'),
(442, 0, 'مصروفات تشغيليه', 'اكراميه سواق بابور', 40, 2, '2017-09-17'),
(443, 0, 'مصروفات تشغيليه', 'مصاريف غدا', 40, 2, '2017-09-17'),
(444, 0, 'مصروفات تشغيليه', 'مصاريف غدا', 40, 2, '2017-09-18'),
(445, 0, 'مصروفات تشغيليه', 'شاي وسكر', 10, 2, '2017-09-18'),
(446, 0, 'مصروفات تشغيليه', 'ابراهيم', 100, 2, '2017-09-18'),
(447, 0, 'مصروفات تشغيليه', 'اكرميه سواق نقله حديد عز بشري', 70, 2, '2017-09-19'),
(448, 0, 'مصروفات تشغيليه', 'الخزان', 30, 2, '2017-09-19'),
(449, 0, 'مصروفات تشغيليه', 'طلبات المخزن', 15, 2, '2017-09-19'),
(450, 3, 'اشتراك انترنت', 'اشتراك النت الشهري', 185, 2, '2017-09-19'),
(451, 3, 'اشتراك انترنت', 'فاتوره تليفون ا', 155, 2, '2017-09-19'),
(452, 0, 'مصروفات تشغيليه', 'مصاريف غدا', 40, 2, '2017-09-19'),
(453, 1, 'اجور عمال', 'من حساب السيد', 100, 2, '2017-09-19'),
(454, 0, 'مصروفات تشغيليه', 'محمد حمدي', 10, 2, '2017-09-19'),
(455, 0, 'مصروفات تشغيليه', 'اكرميه سواق نقله حديد عز بشري', 75, 2, '2017-09-20'),
(456, 0, 'مصروفات تشغيليه', 'مصاريف شاي وسكر', 45, 2, '2017-09-20'),
(457, 0, 'مصروفات تشغيليه', 'غاز', 30, 2, '2017-09-20'),
(458, 0, 'مصروفات تشغيليه', 'مصاريف غدا', 40, 2, '2017-09-20'),
(459, 0, 'مصروفات تشغيليه', 'اكرميه لطفي', 150, 2, '2017-09-20'),
(460, 0, 'مصروفات تشغيليه', 'جاز الكلرك الكبير', 300, 2, '2017-09-20'),
(461, 5, 'ضرائب', 'ضرايب مبيعات شهر  7@ 2017', 5650, 2, '2017-09-20'),
(462, 5, 'ضرائب', 'حساب الشهر محمد عبد الكريم شهر7', 450, 2, '2017-09-20'),
(463, 5, 'مصاريف اخرى', 'جرايد الاسبوع', 25, 2, '2017-09-21'),
(464, 2, 'مسحوبات شخصيه', 'طلبات الحاج حمدي', 180, 2, '2017-09-21'),
(465, 1, 'اجور عمال', 'اسبوعيه عوض', 300, 2, '2017-09-21'),
(466, 0, 'مصروفات تشغيليه', 'بنزين عربيه محمد حمدي مشوار مصر', 150, 2, '2017-09-21'),
(467, 1, 'اجور عمال', 'باقي اسبوعيه محمد حمدي', 200, 2, '2017-09-21'),
(468, 0, 'مصروفات تشغيليه', 'اكرميه مندوب شركه اخوان صلاح', 100, 2, '2017-09-21'),
(469, 0, 'مصروفات تشغيليه', 'مصاريف غدا', 40, 2, '2017-09-21'),
(470, 0, 'مصروفات تشغيليه', 'اكرميه سواق نقله حديد عز بشري', 70, 2, '2017-09-21'),
(471, 0, 'مصروفات تشغيليه', 'ميزان بسكول نقله حديد عز بشري', 30, 2, '2017-09-21'),
(472, 1, 'اجور عمال', 'باقي اسبوعيه الفهد', 200, 2, '2017-09-21'),
(473, 1, 'اجور عمال', 'باقي اسبوعيه السيد', 150, 2, '2017-09-21'),
(474, 1, 'اجور عمال', 'اسبوعيه ابراهيم', 400, 2, '2017-09-21'),
(475, 1, 'اجور عمال', 'الحاج حمدي', 250, 2, '2017-09-21'),
(476, 1, 'اجور عمال', 'اسبوعيه احمد فاضل', 300, 2, '2017-09-21'),
(477, 0, 'مصروفات تشغيليه', 'مصاريف غدا', 40, 2, '2017-09-21'),
(478, 0, 'مصروفات تشغيليه', 'اكرميه وزنه اشرف ابوالفتوح', 100, 2, '2017-09-21'),
(479, 0, 'مصروفات تشغيليه', 'مشال ابوالفتوح فريد', 200, 2, '2017-09-21'),
(480, 0, 'مصروفات تشغيليه', 'ا', 10, 2, '2017-09-21'),
(481, 2, 'مسحوبات شخصيه', 'الحاج حمدي', 50000, 2, '2017-09-23'),
(482, 2, 'مسحوبات شخصيه', 'الحاج ابراهيم عبدون', 100, 2, '2017-09-23'),
(483, 0, 'مصروفات تشغيليه', 'مصاريف غدا', 40, 2, '2017-09-23'),
(484, 0, 'مصروفات تشغيليه', 'حساب شغل يوم الجمعه', 150, 2, '2017-09-23'),
(485, 1, 'اجور عمال', 'من اسبوعيه الفهد', 200, 2, '2017-09-23'),
(486, 0, 'مصروفات تشغيليه', 'علبه اقلام', 10, 2, '2017-09-23'),
(487, 0, 'مصروفات تشغيليه', 'اكرميه عبد الصمد', 100, 2, '2017-09-23'),
(488, 0, 'مصروفات تشغيليه', 'اكرميه سواق بابور', 20, 2, '2017-09-23'),
(489, 1, 'اجور عمال', 'من حساب السيد', 50, 2, '2017-09-23'),
(490, 0, 'مصروفات تشغيليه', 'جركن بنزين', 100, 2, '2017-09-23'),
(491, 2, 'مسحوبات شخصيه', 'الحاج حمدي', 250, 2, '2017-09-23'),
(492, 0, 'مصروفات تشغيليه', 'مصاريف غدا', 40, 2, '2017-09-24'),
(493, 0, 'مصروفات تشغيليه', 'اكرميه محمد ابوالعبد', 100, 2, '2017-09-24'),
(494, 0, 'مصروفات تشغيليه', 'تصليح فرده كاوتش', 20, 2, '2017-09-25'),
(495, 0, 'مصروفات تشغيليه', 'اكرميه وزنه فريد', 100, 2, '2017-09-25'),
(496, 0, 'مصروفات تشغيليه', 'محمد حسان المحضر', 100, 2, '2017-09-25'),
(497, 0, 'مصروفات تشغيليه', 'مصاريف غدا', 40, 2, '2017-09-25'),
(498, 0, 'مصروفات تشغيليه', 'شاي وسكر', 20, 2, '2017-09-25'),
(499, 0, 'مصروفات تشغيليه', 'ابراهيم', 100, 2, '2017-09-25'),
(500, 0, 'مصروفات تشغيليه', 'جاز الكلرك الكبير', 285, 2, '2017-09-26'),
(501, 0, 'مصروفات تشغيليه', 'اكرميه سواق نقله حديد عز بشري', 70, 2, '2017-09-26'),
(502, 2, 'مسحوبات شخصيه', 'الفيزاه مدام الحاج حمدي', 6500, 2, '2017-09-26'),
(503, 0, 'مصروفات تشغيليه', 'مصاريف غدا', 40, 2, '2017-09-26'),
(504, 2, 'مسحوبات شخصيه', 'شحن رصيد لمروان', 90, 2, '2017-09-26'),
(505, 0, 'مصروفات تشغيليه', 'مصاريف غدا', 40, 2, '2017-09-27'),
(506, 0, 'مصروفات تشغيليه', 'جرنان المساء', 5, 2, '2017-09-27'),
(507, 1, 'اجور عمال', 'اسبوعيه محمد حمدي', 250, 2, '2017-09-27'),
(508, 2, 'مسحوبات شخصيه', 'طلبات الحاج حمدي', 250, 2, '2017-09-27'),
(509, 0, 'مصروفات تشغيليه', 'جرايد الاسبوع', 25, 2, '2017-09-28'),
(510, 0, 'مصروفات تشغيليه', 'مصاريف شاي وسكر وبن', 75, 2, '2017-09-28'),
(511, 1, 'اجور عمال', 'من حساب السيد', 50, 2, '2017-09-28'),
(512, 0, 'مصروفات تشغيليه', 'مصاريف حبر للطباعه', 20, 2, '2017-09-28'),
(513, 0, 'مصروفات تشغيليه', 'ا', 5, 2, '2017-09-28'),
(514, 1, 'اجور عمال', 'اسبوعيه عوض', 300, 2, '2017-09-28'),
(515, 0, 'مصروفات تشغيليه', 'مصاريف غدا', 40, 2, '2017-09-28'),
(516, 1, 'اجور عمال', 'باقي اسبوعيه الفهد', 200, 2, '2017-09-28'),
(517, 0, 'مصروفات تشغيليه', 'من اسبوعيه الفهد الجديده', 200, 2, '2017-09-28'),
(518, 1, 'اجور عمال', 'اسبوعيه ابراهيم', 400, 2, '2017-09-28'),
(519, 1, 'اجور عمال', 'الحاج حمدي', 250, 2, '2017-09-28'),
(520, 1, 'اجور عمال', 'اسبوعيه احمد فاضل', 300, 2, '2017-09-28'),
(521, 0, 'مصروفات تشغيليه', 'باقي اسبوعيه السيد', 150, 2, '2017-09-28'),
(522, 2, 'مسحوبات شخصيه', 'الحاج حمدي', 5000, 2, '2017-09-29'),
(523, 0, 'مصروفات تشغيليه', 'حساب شغل يوم الجمعه', 180, 2, '2017-09-29'),
(524, 2, 'مسحوبات شخصيه', 'الحاج ابراهيم عبدون', 100, 2, '2017-09-30'),
(525, 0, 'مصروفات تشغيليه', 'مصاريف غدا', 40, 2, '2017-09-30'),
(526, 1, 'اجور عمال', 'من اسبوعيه محمد حمدي', 150, 2, '2017-09-30'),
(527, 0, 'مصروفات تشغيليه', 'مصاريف غدا', 40, 2, '2017-10-01'),
(528, 1, 'اجور عمال', 'محمد حمدي', 100, 2, '2017-10-01'),
(529, 0, 'مصروفات تشغيليه', 'اكرميه سواق نقله حديد عز المظلوم', 100, 2, '2017-10-01'),
(530, 0, 'مصروفات تشغيليه', 'مصاريف غدا', 40, 2, '2017-10-02'),
(531, 5, 'ضرائب', 'ضرائب عقاريه عن سنه 2016', 3450, 2, '2017-10-02'),
(532, 1, 'اجور عمال', 'ابراهيم', 150, 2, '2017-10-02'),
(533, 2, 'مسحوبات شخصيه', 'الحاج حمدي', 150000, 2, '2017-10-03'),
(534, 0, 'مصروفات تشغيليه', 'جاز الكلرك الكبير', 290, 2, '2017-10-03'),
(535, 0, 'مصروفات تشغيليه', 'مصاريف غدا', 40, 2, '2017-10-03'),
(536, 0, 'مصروفات تشغيليه', 'تركيب طبق الدش', 60, 2, '2017-10-04'),
(537, 0, 'مصروفات تشغيليه', 'مصاريف غدا', 40, 2, '2017-10-04'),
(538, 0, 'مصروفات تشغيليه', 'مصاريف شاي وسكر', 25, 2, '2017-10-04'),
(539, 0, 'مصروفات تشغيليه', 'اكرميه سواق نقله حديد تركي اخوان صلاح', 100, 2, '2017-10-04'),
(540, 0, 'مصروفات تشغيليه', 'حنفيه للحمام', 45, 2, '2017-10-04'),
(541, 3, 'اشتراك انترنت', 'فاتوره فودافون', 750, 2, '2017-10-04'),
(542, 0, 'مصروفات تشغيليه', 'مصاريف غدا', 40, 2, '2017-10-05'),
(543, 0, 'مصروفات تشغيليه', 'مصاريف شاي', 25, 2, '2017-10-05'),
(544, 0, 'مصروفات تشغيليه', 'جرايد الاسبوع', 25, 2, '2017-10-05'),
(545, 1, 'اجور عمال', 'اسبوعيه عوض', 300, 2, '2017-10-05'),
(546, 1, 'اجور عمال', 'باقي اسبوعيه الفهد', 200, 2, '2017-10-05'),
(547, 1, 'اجور عمال', 'سلف محمد الفهد', 500, 2, '2017-10-05'),
(548, 1, 'اجور عمال', 'باقي اسبوعيه ابراهيم', 250, 2, '2017-10-05'),
(549, 1, 'اجور عمال', 'الحاج حمدي', 450, 2, '2017-10-05'),
(550, 1, 'اجور عمال', 'اسبوعيه السيد', 250, 2, '2017-10-05'),
(551, 1, 'اجور عمال', 'اسبوعيه احمد فاضل', 300, 2, '2017-10-05'),
(552, 0, 'مصروفات تشغيليه', 'مصاريف غدا', 40, 2, '2017-10-07'),
(553, 0, 'مصروفات تشغيليه', 'محمد حسان المحضر', 100, 2, '2017-10-07'),
(554, 1, 'اجور عمال', 'ابراهيم', 100, 2, '2017-10-07'),
(555, 0, 'مصروفات تشغيليه', 'مصاريف غدا', 40, 2, '2017-10-08'),
(556, 0, 'مصروفات تشغيليه', 'مصاريف سكر', 20, 2, '2017-10-08'),
(557, 0, 'مصروفات تشغيليه', 'مصاريف غدا', 40, 2, '2017-10-09'),
(558, 0, 'مصروفات تشغيليه', 'جاز الكلرك الكبير', 275, 2, '2017-10-09'),
(559, 2, 'مسحوبات شخصيه', 'الحاج حمدي الحاج ابراهيم عبدون', 100, 2, '2017-10-09'),
(560, 0, 'مصروفات تشغيليه', 'اكراميه سواق بابور', 50, 2, '2017-10-09'),
(561, 0, 'مصروفات تشغيليه', 'مصاريف غدا', 40, 2, '2017-10-10'),
(562, 0, 'مصروفات تشغيليه', 'احمد فاضل شغل ماتور المياه', 100, 2, '2017-10-10'),
(563, 1, 'اجور عمال', 'من حساب السيد', 100, 2, '2017-10-10'),
(564, 2, 'مسحوبات شخصيه', 'طلبات سباكه الحاج حمدي', 100, 2, '2017-10-10'),
(565, 2, 'مسحوبات شخصيه', 'حساب ماتور مياه وبلونه اتومتك', 3280, 2, '2017-10-10'),
(566, 2, 'مسحوبات شخصيه', 'سلك وفيشه كهرباء', 65, 2, '2017-10-10'),
(567, 2, 'مسحوبات شخصيه', 'اجره سباك وتنظيف الشقه', 250, 2, '2017-10-10'),
(568, 2, 'مسحوبات شخصيه', 'طلبات منظفات لشقه الحاج حمدي', 80, 2, '2017-10-10'),
(569, 2, 'مسحوبات شخصيه', 'طلبات سباكه الحاج حمدي واجره سباك', 255, 2, '2017-10-11'),
(570, 0, 'مصروفات تشغيليه', 'مصاريف غدا', 40, 2, '2017-10-11'),
(571, 0, 'مصروفات تشغيليه', 'اكرميه سواق نقله حديد عز العلا', 100, 2, '2017-10-11'),
(572, 0, 'مصروفات تشغيليه', 'مشال واكراميه ابوالفتوح', 150, 2, '2017-10-11'),
(573, 0, 'مصروفات تشغيليه', 'احمد فاضل شغل ماتور المياه', 50, 2, '2017-10-11'),
(574, 0, 'مصروفات تشغيليه', 'جرايد الاسبوع', 25, 2, '2017-10-12'),
(575, 0, 'مصروفات تشغيليه', ' 2ساعه زيت الكلرك', 70, 2, '2017-10-12'),
(576, 0, 'مصروفات تشغيليه', 'اجره الميكانيكي', 50, 2, '2017-10-12'),
(577, 2, 'مسحوبات شخصيه', 'الست العزبه', 50, 2, '2017-10-12'),
(578, 2, 'مسحوبات شخصيه', 'رصيد لمريم', 75, 2, '2017-10-12'),
(579, 0, 'مصروفات تشغيليه', 'جاز الكلرك الكبير+4جراكن', 560, 2, '2017-10-12'),
(580, 0, 'مصروفات تشغيليه', 'بنزين لمكنه الكهرباء', 95, 2, '2017-10-12'),
(581, 0, 'مصروفات تشغيليه', 'عوض النادي تنزيل الخزنه', 150, 2, '2017-10-12'),
(582, 0, 'مصروفات تشغيليه', 'مشال الخزنه وتحميل الكللرلك', 65, 2, '2017-10-12'),
(583, 1, 'اجور عمال', 'اسبوعيه عوض', 300, 2, '2017-10-12'),
(584, 0, 'مصروفات تشغيليه', 'مصاريف غدا', 40, 2, '2017-10-12'),
(585, 0, 'مصروفات تشغيليه', 'اجره تنظيف الشقه', 175, 2, '2017-10-12'),
(586, 0, 'مصروفات تشغيليه', 'طلبات منظفات لشقه الحاج حمدي', 70, 2, '2017-10-12'),
(587, 0, 'مصروفات تشغيليه', 'احمد فاضل تنظيف شقه الحاج حمدي', 50, 2, '2017-10-12'),
(588, 0, 'مصروفات تشغيليه', 'مصاريف شاي وسكر', 45, 2, '2017-10-12'),
(589, 1, 'اجور عمال', 'اسبوعيه احمد فاضل', 300, 2, '2017-10-12'),
(590, 0, 'مصروفات تشغيليه', 'باقي اسبوعيه السيد', 150, 2, '2017-10-12'),
(591, 1, 'اجور عمال', 'من اسبوعيه الفهد', 400, 2, '2017-10-12'),
(592, 1, 'اجور عمال', 'اسبوعيه ابراهيم', 400, 2, '2017-10-12'),
(593, 1, 'اجور عمال', 'الحاج حمدي', 250, 2, '2017-10-12'),
(594, 1, 'اجور عمال', 'اسبوعيه محمد حمدي', 250, 2, '2017-10-12'),
(595, 0, 'مصروفات تشغيليه', 'اكرميه سواق نقله حديد عز اخوان صلاح', 100, 2, '2017-10-13'),
(596, 0, 'مصروفات تشغيليه', 'حساب شغل يوم الجمعه', 180, 2, '2017-10-13'),
(597, 0, 'مصروفات تشغيليه', 'مصاريف غدا', 40, 2, '2017-10-14'),
(598, 0, 'مصروفات تشغيليه', 'جاز الكلرك الكبير', 290, 2, '2017-10-15'),
(599, 0, 'مصروفات تشغيليه', 'فلتر هواء الكلرك الكبير', 60, 2, '2017-10-15'),
(600, 0, 'مصروفات تشغيليه', 'اكرميه سواق نقله حديد تركي اخوان صلاح', 100, 2, '2017-10-15'),
(601, 4, 'وصل كهرباء', 'تمن عداد الكهراء', 5050, 2, '2017-10-15'),
(602, 0, 'مصروفات تشغيليه', 'مصاريف غدا', 40, 2, '2017-10-15'),
(603, 0, 'مصروفات تشغيليه', 'مصاريف سكر', 10, 2, '2017-10-15'),
(604, 0, 'مصروفات تشغيليه', 'اكراميه مقاول', 100, 2, '2017-10-15'),
(605, 1, 'اجور عمال', 'من اسبوعيه الفهد', 200, 2, '2017-10-15'),
(606, 0, 'مصروفات تشغيليه', 'غاز', 35, 2, '2017-10-16'),
(607, 2, 'مسحوبات شخصيه', 'رصيد لمريم', 25, 2, '2017-10-16'),
(608, 0, 'مصروفات تشغيليه', 'اكرميه سواق بابور', 25, 2, '2017-10-16'),
(609, 0, 'مصروفات تشغيليه', 'مصاريف غدا', 40, 2, '2017-10-16'),
(610, 0, 'مصروفات تشغيليه', 'ثروت عاطف العوضي', 20, 2, '2017-10-16'),
(611, 0, 'مصروفات تشغيليه', 'اّ عبد القادر حمايه الاراضي', 2000, 2, '2017-10-16'),
(612, 1, 'اجور عمال', 'ابراهيم', 100, 2, '2017-10-16'),
(613, 0, 'مصروفات تشغيليه', 'مصاريف غدا', 40, 2, '2017-10-17'),
(614, 2, 'مسحوبات شخصيه', 'طلبات الحاج حمدي', 130, 2, '2017-10-17'),
(615, 0, 'مصروفات تشغيليه', 'جركن زيت للكلرك الكبير', 735, 2, '2017-10-18'),
(616, 0, 'مصروفات تشغيليه', 'جركن زيت هيدرولك', 685, 2, '2017-10-18'),
(617, 0, 'مصروفات تشغيليه', 'اكراميه سواق بابور', 10, 2, '2017-10-18'),
(618, 0, 'مصروفات تشغيليه', 'مصاريف غدا', 40, 2, '2017-10-18'),
(619, 0, 'مصروفات تشغيليه', 'مصاريف سكر', 10, 2, '2017-10-18'),
(620, 0, 'مصروفات تشغيليه', 'هاني المحامي من حساب قضيه الدكتور مصطفي', 250, 2, '2017-10-18'),
(621, 0, 'مصروفات تشغيليه', 'اكرميه مقاول', 50, 2, '2017-10-18'),
(622, 0, 'مصروفات تشغيليه', 'ثروت عاطف العوضي', 20, 2, '2017-10-18'),
(623, 0, 'مصروفات تشغيليه', 'جرايد الاسبوع', 25, 2, '2017-10-19'),
(624, 0, 'مصروفات تشغيليه', 'ثروت عاطف العوضي', 20, 2, '2017-10-19'),
(625, 2, 'مسحوبات شخصيه', 'الحاج ابراهيم عبدون', 100, 2, '2017-10-19'),
(626, 0, 'مصروفات تشغيليه', 'مصاريف غدا', 40, 2, '2017-10-19'),
(627, 0, 'مصروفات تشغيليه', 'مصاريف شاي', 25, 2, '2017-10-19'),
(628, 1, 'اجور عمال', 'اسبوعيه عوض', 300, 2, '2017-10-19'),
(629, 0, 'مصروفات تشغيليه', 'ثروت عاطف العوضي', 30, 2, '2017-10-19'),
(630, 1, 'اجور عمال', 'اسبوعيه محمد حمدي', 250, 2, '2017-10-19'),
(631, 1, 'اجور عمال', 'اسبوعيه احمد فاضل', 300, 2, '2017-10-19'),
(632, 1, 'اجور عمال', 'اسبوعيه ابراهيم', 400, 2, '2017-10-19'),
(633, 2, 'مسحوبات شخصيه', 'الحاج حمدي', 250, 2, '2017-10-19'),
(634, 1, 'اجور عمال', 'اسبوعيه السيد', 250, 2, '2017-10-19'),
(635, 0, 'مصروفات تشغيليه', 'عجز في فلوس البنك', 100, 2, '2017-10-19'),
(636, 0, 'مصروفات تشغيليه', 'اكراميه سواق بابور', 20, 2, '2017-10-19'),
(637, 1, 'اجور عمال', 'باقي اسبوعيه الفهد', 200, 2, '2017-10-19'),
(638, 0, 'مصروفات تشغيليه', 'خصم في وزنه', 55, 2, '2017-10-19'),
(639, 0, 'مصروفات تشغيليه', 'اكرميه سواق نقله حديد بشاي الماسيه', 100, 2, '2017-10-20'),
(640, 0, 'مصروفات تشغيليه', 'حساب شغل يوم الجمعه', 150, 2, '2017-10-20'),
(641, 3, 'اشتراك انترنت', 'اشترك النت', 190, 2, '2017-10-21'),
(642, 0, 'مصروفات تشغيليه', 'تغير زيت الكلرك الكبير اسماعيل الميكانيكي', 30, 2, '2017-10-21'),
(643, 0, 'مصروفات تشغيليه', 'جاز الكلرك الكبير', 300, 2, '2017-10-21'),
(644, 4, 'وصل كهرباء', 'باقي حساب عداد الكهرباء', 550, 2, '2017-10-21'),
(645, 0, 'مصروفات تشغيليه', 'مشال واكراميه ابوالفتوح', 350, 2, '2017-10-21'),
(646, 0, 'مصروفات تشغيليه', 'اكرميه سعيد المقاول', 50, 2, '2017-10-21'),
(647, 0, 'مصروفات تشغيليه', 'مصاريف غدا', 40, 2, '2017-10-21'),
(648, 0, 'مصروفات تشغيليه', 'مصاريف سكر', 10, 2, '2017-10-21'),
(649, 3, 'اشتراك انترنت', 'فواتير اتصالات وموبينيل', 90, 2, '2017-10-22'),
(650, 0, 'مصروفات تشغيليه', 'مصاريف غدا', 40, 2, '2017-10-22'),
(651, 0, 'مصروفات تشغيليه', 'اكرميه سواق نقله حديد تركي اخوان صلاح', 100, 2, '2017-10-22'),
(652, 0, 'مصروفات تشغيليه', 'اكرميه سواق نقله حديدعز العلا', 100, 2, '2017-10-22'),
(653, 0, 'مصروفات تشغيليه', 'اكرميه سواق نقله حديد تركي العلا', 100, 2, '2017-10-22'),
(654, 1, 'اجور عمال', 'اسبوعيه محمد حمدي', 250, 2, '2017-10-22'),
(655, 5, 'ضرائب', 'ضرايب مبيعات شهر 8@ 2017', 2250, 2, '2017-10-22'),
(656, 5, 'ضرائب', 'حساب الشهر محمد عبد الكريم 8', 400, 2, '2017-10-22'),
(657, 0, 'مصروفات تشغيليه', 'اكرميه وزنه', 10, 2, '2017-10-22'),
(658, 0, 'مصروفات تشغيليه', 'مصاريف غدا', 40, 2, '2017-10-23'),
(659, 0, 'مصروفات تشغيليه', 'مصاريف سكر', 20, 2, '2017-10-23'),
(660, 1, 'اجور عمال', 'ابراهيم', 200, 2, '2017-10-23'),
(661, 1, 'اجور عمال', 'من اسبوعيه الفهد', 200, 2, '2017-10-23'),
(662, 0, 'مصروفات تشغيليه', 'مصاريف غدا', 45, 2, '2017-10-24'),
(663, 0, 'مصروفات تشغيليه', 'اكرميه المعلم رشاد مقاول', 50, 2, '2017-10-24'),
(664, 0, 'مصروفات تشغيليه', 'ثروت عاطف العوضي', 20, 2, '2017-10-24'),
(665, 0, 'مصروفات تشغيليه', 'اكرميه سواق نقله حديد عز اخوان صلاح', 100, 2, '2017-10-25'),
(666, 0, 'مصروفات تشغيليه', 'اكرميه مقاول هاني ابو ياره الفدادنه', 100, 2, '2017-10-25'),
(667, 0, 'مصروفات تشغيليه', 'اكرميه المعلم رشاد مقاول', 50, 2, '2017-10-25'),
(668, 3, 'اشتراك انترنت', 'حساب جهاز تقويه شبكه محمول', 2500, 2, '2017-10-25'),
(669, 0, 'مصروفات تشغيليه', 'ميزان بسكول نقله حمدي عبدالعال', 20, 2, '2017-10-25'),
(670, 0, 'مصروفات تشغيليه', 'ثروت عاطف العوضي', 20, 2, '2017-10-25'),
(671, 0, 'مصروفات تشغيليه', 'مصاريف غدا', 50, 2, '2017-10-25'),
(672, 2, 'مسحوبات شخصيه', 'الحاج حمدي', 10000, 2, '2017-10-26'),
(673, 0, 'مصروفات تشغيليه', 'مصاريف شاي وسكر وبن', 50, 2, '2017-10-26'),
(674, 2, 'مسحوبات شخصيه', 'الحاج حمدي', 58000, 2, '2017-10-26'),
(675, 0, 'مصروفات تشغيليه', 'مصاريف غدا', 50, 2, '2017-10-26'),
(676, 1, 'اجور عمال', 'اسبوعيه عوض', 300, 2, '2017-10-26'),
(677, 0, 'مصروفات تشغيليه', 'جرايد الاسبوع', 25, 2, '2017-10-26'),
(678, 0, 'مصروفات تشغيليه', 'مشال فريد وزنه السواقي', 75, 2, '2017-10-26'),
(679, 0, 'مصروفات تشغيليه', 'اكراميه', 20, 2, '2017-10-26'),
(680, 1, 'اجور عمال', 'باقي اسبوعيه الفهد', 200, 2, '2017-10-26'),
(681, 0, 'مصروفات تشغيليه', 'اسبوعيه السيد', 250, 2, '2017-10-26'),
(682, 0, 'مصروفات تشغيليه', 'اسبوعيه ابراهيم', 400, 2, '2017-10-26'),
(683, 1, 'اجور عمال', 'الحاج حمدي', 350, 2, '2017-10-26'),
(684, 1, 'اجور عمال', 'اسبوعيه احمد فاضل', 300, 2, '2017-10-26'),
(685, 0, 'مصروفات تشغيليه', 'اكرميه سواق نقله حديد عز المظلوم', 100, 2, '2017-10-27'),
(686, 0, 'مصروفات تشغيليه', 'اكرميه سواق نقله حديد بشاي الماسيه', 100, 2, '2017-10-27'),
(687, 1, 'اجور عمال', 'حساب شغل يوم الجمعه', 180, 2, '2017-10-27'),
(688, 0, 'مصروفات تشغيليه', 'جاز الكلرك الكبير', 260, 2, '2017-10-28'),
(689, 0, 'مصروفات تشغيليه', 'مصاريف فك الماتور', 40, 2, '2017-10-28'),
(690, 0, 'مصروفات تشغيليه', 'مصاريف غدا', 40, 2, '2017-10-28'),
(691, 0, 'مصروفات تشغيليه', 'مصاريف شاي', 25, 2, '2017-10-28'),
(692, 2, 'مسحوبات شخصيه', 'الحاج ابراهيم عبدون', 100, 2, '2017-10-29'),
(693, 0, 'مصروفات تشغيليه', 'مصاريف غدا', 40, 2, '2017-10-29'),
(694, 0, 'مصروفات تشغيليه', 'بيروسول', 10, 2, '2017-10-29'),
(695, 0, 'مصروفات تشغيليه', 'اكراميه مقاول', 50, 2, '2017-10-29'),
(696, 0, 'مصروفات تشغيليه', 'اكرمية سواق العلا نقله حديد تركي', 100, 2, '2017-10-30'),
(697, 2, 'مسحوبات شخصيه', 'الحاج حمدي باقي حساب الكاوتش', 7200, 2, '2017-10-30'),
(698, 1, 'اجور عمال', 'من اسبوعيه الفهد', 200, 2, '2017-10-30'),
(699, 0, 'مصروفات تشغيليه', 'كرسي خشب للخزنه', 250, 2, '2017-10-30'),
(700, 0, 'مصروفات تشغيليه', 'اكرميه الكاوتش', 20, 2, '2017-10-30'),
(701, 0, 'مصروفات تشغيليه', 'محمد حمدي بنزين', 50, 2, '2017-10-30'),
(702, 0, 'مصروفات تشغيليه', 'فواتير ', 45, 2, '2017-10-30'),
(703, 0, 'مصروفات تشغيليه', 'مصاريف غدا', 40, 2, '2017-10-30'),
(704, 0, 'مصروفات تشغيليه', 'مصاريف سكر', 20, 2, '2017-10-30'),
(705, 0, 'مصروفات تشغيليه', 'تصليح الميزان', 120, 2, '2017-10-30'),
(706, 0, 'مصروفات تشغيليه', 'اكرميه مقاول', 50, 2, '2017-10-30'),
(707, 0, 'مصروفات تشغيليه', 'مشال واكراميه  الحاج خليل ابوعلي', 200, 2, '2017-10-30'),
(708, 1, 'اجور عمال', 'ابراهيم', 100, 2, '2017-10-30'),
(709, 2, 'مسحوبات شخصيه', 'الست العزبه', 50, 2, '2017-10-31'),
(710, 0, 'مصروفات تشغيليه', 'اكرميه سواق نقله حديد عز العلا 6@10@12', 100, 2, '2017-10-31'),
(711, 0, 'مصروفات تشغيليه', 'مصاريف غدا', 40, 2, '2017-10-31'),
(712, 2, 'مسحوبات شخصيه', 'مصاريف مشوار مصر الكاوتش العربيه الحاج حمدي', 150, 2, '2017-10-31'),
(713, 2, 'مسحوبات شخصيه', 'طلبات الحاج حمدي', 30, 2, '2017-10-31'),
(714, 0, 'مصروفات تشغيليه', 'اكراميه سواق نقله بشاي الماسيه', 100, 2, '2017-11-01'),
(715, 0, 'مصروفات تشغيليه', 'جاز الكلرك الكبير', 290, 2, '2017-11-01'),
(716, 0, 'مصروفات تشغيليه', 'اكرميه مقاول محمد ابوالعبد', 50, 2, '2017-11-01'),
(717, 0, 'مصروفات تشغيليه', 'مصاريف غدا', 40, 2, '2017-11-01'),
(718, 0, 'مصروفات تشغيليه', 'خطين فودافون للبنك', 50, 2, '2017-11-01'),
(719, 0, 'مصروفات تشغيليه', 'h', 10, 2, '2017-11-01'),
(720, 2, 'مسحوبات شخصيه', 'الحاج حمدي ايداع في حسابه', 20000, 2, '2017-11-02'),
(721, 1, 'اجور عمال', 'اسبوعيه عوض', 300, 2, '2017-11-02'),
(722, 0, 'مصروفات تشغيليه', 'مصاريف غدا', 40, 2, '2017-11-02'),
(723, 0, 'مصروفات تشغيليه', 'مصاريف شاي وسكر', 45, 2, '2017-11-02'),
(724, 0, 'مصروفات تشغيليه', 'جرايد الاسبوع', 25, 2, '2017-11-02'),
(725, 0, 'مصروفات تشغيليه', 'باقي اسبوعيه الفهد', 200, 2, '2017-11-02'),
(726, 1, 'اجور عمال', 'اسبوعيه السيد', 250, 2, '2017-11-02'),
(727, 1, 'اجور عمال', 'اسبوعيه احمد فاضل', 300, 2, '2017-11-02'),
(728, 1, 'اجور عمال', 'محمد حمدي', 250, 2, '2017-11-02'),
(729, 1, 'اجور عمال', 'اسبوعيه ابراهيم', 400, 2, '2017-11-02'),
(730, 1, 'اجور عمال', 'الحاج حمدي', 250, 2, '2017-11-02'),
(731, 0, 'مصروفات تشغيليه', 'فرق حديد', 14, 2, '2017-11-02'),
(732, 0, 'مصروفات تشغيليه', 'مصاريف غدا', 40, 2, '2017-11-04'),
(733, 2, 'مسحوبات شخصيه', 'الحاجه ماجده الحاج عادل العسال', 2000, 2, '2017-11-04'),
(734, 0, 'مصروفات تشغيليه', 'مصاريف غدا', 40, 2, '2017-11-05'),
(735, 0, 'مصروفات تشغيليه', 'تغير زيت عربيه محمد حمدي', 300, 2, '2017-11-05'),
(736, 1, 'اجور عمال', 'من اسبوعيه محمد حمدي', 100, 2, '2017-11-05'),
(737, 1, 'اجور عمال', 'محمد حمدي', 150, 2, '2017-11-05'),
(738, 0, 'مصروفات تشغيليه', 'اكراميه مقاول', 30, 2, '2017-11-05'),
(739, 0, 'مصروفات تشغيليه', 'اكرميه سواق نقله حديد عز العلا', 100, 2, '2017-11-05'),
(740, 1, 'اجور عمال', 'من اسبوعيه الفهد', 200, 2, '2017-11-05'),
(741, 0, 'مصروفات تشغيليه', 'اكراميه سواق نقله حديد عز بشري', 100, 2, '2017-11-06'),
(742, 0, 'مصروفات تشغيليه', 'مصاريف غدا', 40, 2, '2017-11-06');
INSERT INTO `msrofat` (`msrofatID`, `msrofatValue`, `msrofatName`, `msrofatDetails`, `msrofatAmount`, `memberID`, `addedDate`) VALUES
(743, 3, 'اشتراك انترنت', 'فاتوره فودافون', 735, 2, '2017-11-06'),
(744, 0, 'مصروفات تشغيليه', 'اكراميه مقاول', 25, 2, '2017-11-06'),
(745, 0, 'مصروفات تشغيليه', 'اكرميه سواق نقله حديد عز المظلوم', 100, 2, '2017-11-06'),
(746, 1, 'اجور عمال', 'ابراهيم', 150, 2, '2017-11-06'),
(747, 0, 'مصروفات تشغيليه', 'فواتير ورق تصوير', 70, 2, '2017-11-06'),
(748, 0, 'مصروفات تشغيليه', 'اكراميه سواق نقله بشاي الماسيه', 100, 2, '2017-11-07'),
(749, 0, 'مصروفات تشغيليه', 'مصاريف غدا', 40, 2, '2017-11-07'),
(750, 4, 'وصل كهرباء', 'اشتراك كهرباء', 105, 2, '2017-11-07'),
(751, 0, 'مصروفات تشغيليه', 'جاز الكلرك الكبير', 300, 2, '2017-11-07'),
(752, 0, 'مصروفات تشغيليه', 'مصاريف سكر', 20, 2, '2017-11-07'),
(753, 2, 'مسحوبات شخصيه', 'الحاج حمدي الحاج ابراهيم عبدون', 100, 2, '2017-11-08'),
(754, 0, 'مصروفات تشغيليه', 'مصاريف حبر للطباعه', 20, 2, '2017-11-08'),
(755, 0, 'مصروفات تشغيليه', 'اكرميه حسين المقاول', 100, 2, '2017-11-08'),
(756, 0, 'مصروفات تشغيليه', 'مصاريف غدا', 40, 2, '2017-11-08'),
(757, 0, 'مصروفات تشغيليه', 'مليان الشعلة غاز', 30, 2, '2017-11-09'),
(758, 0, 'مصروفات تشغيليه', 'جرايد الاسبوع', 25, 2, '2017-11-09'),
(759, 0, 'مصروفات تشغيليه', 'مصاريف غدا', 40, 2, '2017-11-09'),
(760, 1, 'اجور عمال', 'اسبوعيه عوض', 300, 2, '2017-11-09'),
(761, 0, 'مصروفات تشغيليه', 'مشمعات للحديد', 3950, 2, '2017-11-09'),
(762, 0, 'مصروفات تشغيليه', 'اكراميه وزنه الحاج محمد عبد الرازق رمضان', 20, 2, '2017-11-09'),
(763, 1, 'اجور عمال', 'باقي اسبوعيه الفهد', 200, 2, '2017-11-09'),
(764, 1, 'اجور عمال', 'اسبوعيه السيد', 250, 2, '2017-11-09'),
(765, 1, 'اجور عمال', 'اسبوعيه احمد فاضل', 300, 2, '2017-11-09'),
(766, 1, 'اجور عمال', 'اسبوعيه ابراهيم', 400, 2, '2017-11-09'),
(767, 1, 'اجور عمال', 'الحاج حمدي', 250, 2, '2017-11-09'),
(768, 0, 'مصروفات تشغيليه', 'ثروت عاطف العوضي', 35, 2, '2017-11-10'),
(769, 1, 'اجور عمال', 'حساب شغل يوم الجمعه', 180, 2, '2017-11-10'),
(770, 0, 'مصروفات تشغيليه', 'مصاريف غدا', 40, 2, '2017-11-11'),
(771, 0, 'مصروفات تشغيليه', 'ثروت عاطف العوضي', 20, 2, '2017-11-11'),
(772, 0, 'مصروفات تشغيليه', 'مصاريف شاي', 25, 2, '2017-11-12'),
(773, 0, 'مصروفات تشغيليه', 'اكراميه مقاول', 20, 2, '2017-11-12'),
(774, 0, 'مصروفات تشغيليه', 'ثروت عاطف العوضي', 20, 2, '2017-11-12'),
(775, 0, 'مصروفات تشغيليه', 'جاز الكلرك الكبير', 265, 2, '2017-11-12'),
(776, 1, 'اجور عمال', 'من اسبوعيه الفهد', 200, 2, '2017-11-12'),
(777, 0, 'مصروفات تشغيليه', 'مصاريف غدا', 40, 2, '2017-11-12'),
(778, 0, 'مصروفات تشغيليه', 'اكراميه مقاول', 60, 2, '2017-11-12'),
(779, 0, 'مصروفات تشغيليه', 'اكراميه مقاول', 50, 2, '2017-11-13'),
(780, 1, 'اجور عمال', 'محمد حمدي', 100, 2, '2017-11-13'),
(781, 0, 'مصروفات تشغيليه', 'مصاريف غدا', 40, 2, '2017-11-13'),
(782, 0, 'مصروفات تشغيليه', 'مصاريف سكر', 10, 2, '2017-11-13'),
(783, 0, 'مصروفات تشغيليه', 'ثروت عاطف العوضي', 20, 2, '2017-11-13'),
(784, 0, 'مصروفات تشغيليه', 'مشوار مصر احمد فاضل', 100, 2, '2017-11-13');

-- --------------------------------------------------------

--
-- Table structure for table `nwloon`
--

CREATE TABLE `nwloon` (
  `nwloonID` int(11) NOT NULL,
  `nwloonName` varchar(50) COLLATE utf8_unicode_ci NOT NULL,
  `nwloonPhone` varchar(50) COLLATE utf8_unicode_ci NOT NULL,
  `nwloonRemainMony` int(6) NOT NULL
) ENGINE=InnoDB DEFAULT CHARSET=utf8 COLLATE=utf8_unicode_ci;

-- --------------------------------------------------------

--
-- Table structure for table `orderDetails`
--

CREATE TABLE `orderDetails` (
  `orderDetailsID` int(11) NOT NULL,
  `invoiceNo` varchar(40) COLLATE utf8_unicode_ci NOT NULL,
  `productID` int(11) NOT NULL,
  `unitPrice` decimal(10,2) NOT NULL,
  `Quantity` int(11) NOT NULL,
  `outQuantity` int(11) DEFAULT NULL
) ENGINE=InnoDB DEFAULT CHARSET=utf8 COLLATE=utf8_unicode_ci;

--
-- Dumping data for table `orderDetails`
--

INSERT INTO `orderDetails` (`orderDetailsID`, `invoiceNo`, `productID`, `unitPrice`, `Quantity`, `outQuantity`) VALUES
(1, ' F-0000001', 9, 12000.00, 160, NULL),
(2, ' F-0000002', 1, 10850.00, 12214, NULL),
(3, ' F-0000002', 12, 11100.00, 2063, NULL),
(4, ' F-0000003', 18, 11000.00, 8835, NULL),
(5, ' F-0000004', 1, 10800.00, 1200, NULL),
(6, ' F-0000004', 18, 10900.00, 1500, NULL),
(7, ' F-0000004', 9, 1155.00, 450, NULL),
(8, ' F-0000005', 1, 10850.00, 6048, NULL),
(9, ' F-0000005', 18, 11000.00, 3889, NULL),
(10, ' F-0000006', 18, 11000.00, 2970, NULL),
(11, ' F-0000006', 1, 11000.00, 925, NULL),
(12, ' F-0000006', 11, 11500.00, 255, NULL),
(13, ' F-0000006', 12, 11500.00, 100, NULL),
(14, ' F-0000007', 1, 10850.00, 4107, NULL),
(15, ' F-0000008', 1, 10700.00, 600, NULL),
(16, ' F-0000009', 18, 11100.00, 321, NULL),
(17, ' F-0000010', 1, 11200.00, 1250, NULL),
(18, ' F-0000011', 11, 11600.00, 52, NULL),
(19, ' F-0000012', 18, 11000.00, 1400, NULL),
(20, ' F-0000012', 1, 10900.00, 900, NULL),
(21, ' F-0000012', 9, 11500.00, 350, NULL),
(22, ' F-0000013', 1, 11000.00, 700, NULL),
(23, ' F-0000013', 18, 11000.00, 400, NULL),
(24, ' F-0000013', 12, 11500.00, 70, NULL),
(25, ' F-0000014', 1, 11000.00, 400, NULL),
(26, ' F-0000014', 18, 11000.00, 199, NULL),
(27, ' F-0000015', 1, 10800.00, 10217, NULL),
(28, ' F-0000016', 1, 10800.00, 4088, NULL),
(29, ' F-0000016', 18, 10900.00, 4277, NULL),
(30, ' F-0000016', 12, 11100.00, 982, NULL),
(31, ' F-0000017', 1, 11000.00, 200, NULL),
(32, ' F-0000018', 11, 11500.00, 70000, 70000),
(33, ' F-0000019', 11, 11500.00, 70, NULL),
(34, ' F-0000020', 1, 10850.00, 1200, NULL),
(35, ' F-0000020', 18, 10950.00, 200, NULL),
(36, ' F-0000021', 1, 11500.00, 52, NULL),
(37, ' F-0000022', 18, 10950.00, 2020, NULL),
(38, ' F-0000022', 1, 10950.00, 2974, NULL),
(39, ' F-0000022', 11, 11500.00, 406, NULL),
(40, ' F-0000023', 18, 10500.00, 1770, NULL),
(41, ' F-0000023', 9, 11000.00, 512, NULL),
(42, ' F-0000024', 18, 10800.00, 2198, NULL),
(43, ' F-0000024', 1, 10800.00, 1802, NULL),
(44, ' F-0000024', 9, 11600.00, 500, NULL),
(45, ' F-0000025', 1, 10400.00, 1800, NULL),
(46, ' F-0000025', 18, 11000.00, 1100, NULL),
(47, ' F-0000025', 9, 11000.00, 150, NULL),
(48, ' F-0000026', 12, 11500.00, 71, NULL),
(49, ' F-0000027', 1, 10850.00, 3983, NULL),
(50, ' F-0000027', 18, 10750.00, 5950, NULL),
(51, ' F-0000028', 18, 10500.00, 2230, NULL),
(52, ' F-0000028', 17, 10500.00, 2000, NULL),
(53, ' F-0000028', 9, 11000.00, 988, NULL),
(54, ' F-0000029', 1, 10900.00, 1200, NULL),
(55, ' F-0000029', 18, 10950.00, 200, NULL),
(56, ' F-0000030', 18, 11000.00, 1019, NULL),
(57, ' F-0000031', 1, 11000.00, 1216, NULL),
(58, ' F-0000031', 18, 11000.00, 1084, NULL),
(59, ' F-0000031', 12, 12000.00, 100, NULL),
(60, ' F-0000032', 1, 11000.00, 1300, NULL),
(61, ' F-0000032', 18, 11000.00, 500, NULL),
(62, ' F-0000032', 12, 11500.00, 100, NULL),
(63, ' F-0000033', 1, 11000.00, 750, 139),
(64, ' F-0000033', 18, 11000.00, 700, NULL),
(65, ' F-0000033', 12, 11500.00, 100, NULL),
(66, ' F-0000034', 1, 11000.00, 1400, NULL),
(67, ' F-0000034', 18, 11000.00, 700, NULL),
(68, ' F-0000035', 18, 11000.00, 2000, NULL),
(69, ' F-0000035', 1, 11000.00, 1000, NULL),
(70, ' F-0000035', 9, 11500.00, 250, NULL),
(71, ' F-0000036', 1, 9750.00, 850, NULL),
(72, ' F-0000036', 18, 10850.00, 928, NULL),
(73, ' F-0000036', 9, 11000.00, 185, NULL),
(74, ' F-0000037', 1, 11000.00, 687, NULL),
(75, ' F-0000037', 18, 11000.00, 413, NULL),
(76, ' F-0000037', 12, 12000.00, 70, NULL),
(77, ' F-0000038', 18, 11000.00, 223, NULL),
(78, ' F-0000038', 12, 12000.00, 61, 20),
(79, ' F-0000039', 18, 11000.00, 3012, NULL),
(80, ' F-0000039', 1, 11000.00, 688, NULL),
(81, ' F-0000040', 18, 11000.00, 2060, NULL),
(82, ' F-0000040', 12, 11500.00, 300, NULL),
(83, ' F-0000041', 2, 10550.00, 2018, NULL),
(84, ' F-0000041', 3, 10550.00, 382, NULL),
(85, ' F-0000041', 9, 11000.00, 885, NULL),
(86, ' F-0000042', 1, 11000.00, 496, NULL),
(87, ' F-0000042', 18, 11000.00, 195, NULL),
(88, ' F-0000042', 12, 12000.00, 20, NULL),
(89, ' F-0000043', 1, 10850.00, 4025, NULL),
(90, ' F-0000043', 18, 10900.00, 3881, NULL),
(91, ' F-0000044', 1, 10850.00, 1350, NULL),
(92, ' F-0000044', 1, 10850.00, 1000, NULL),
(93, ' F-0000044', 2, 10850.00, 900, NULL),
(94, ' F-0000044', 12, 11000.00, 150, NULL),
(95, ' F-0000045', 2, 10370.00, 2993, NULL),
(96, ' F-0000045', 12, 10500.00, 500, NULL),
(97, ' F-0000046', 9, 12000.00, 17, NULL),
(98, ' F-0000047', 1, 10880.00, 12102, NULL),
(99, ' F-0000047', 2, 10880.00, 4030, NULL),
(100, ' F-0000048', 18, 10900.00, 2000, NULL),
(101, ' F-0000048', 1, 10900.00, 1995, NULL),
(102, ' F-0000049', 1, 11000.00, 890, NULL),
(103, ' F-0000049', 2, 11000.00, 110, NULL),
(104, ' F-0000050', 1, 11000.00, 1000, NULL),
(105, ' F-0000050', 18, 11000.00, 400, NULL),
(106, ' F-0000050', 12, 12000.00, 49, NULL),
(107, ' F-0000051', 18, 11000.00, 2033, NULL),
(108, ' F-0000051', 12, 11500.00, 500, NULL),
(109, ' F-0000052', 1, 10850.00, 5945, NULL),
(110, ' F-0000052', 18, 11000.00, 3859, NULL),
(111, ' F-0000052', 12, 11100.00, 4122, NULL),
(112, ' F-0000053', 18, 11000.00, 2000, NULL),
(113, ' F-0000054', 1, 11000.00, 1500, NULL),
(114, ' F-0000054', 9, 11500.00, 500, NULL),
(115, ' F-0000055', 1, 10850.00, 1200, NULL),
(116, ' F-0000055', 9, 11000.00, 700, NULL),
(117, ' F-0000055', 2, 10850.00, 3300, NULL),
(118, ' F-0000056', 1, 10880.00, 9871, NULL),
(119, ' F-0000056', 18, 11000.00, 3873, NULL),
(120, ' F-0000057', 11, 11500.00, 20, NULL),
(121, ' F-0000058', 1, 10950.00, 2033, NULL),
(122, ' F-0000058', 2, 10950.00, 1000, NULL),
(123, ' F-0000059', 1, 13000.00, 15, NULL),
(124, ' F-0000060', 1, 11000.00, 1703, NULL),
(125, ' F-0000061', 2, 11000.00, 139, NULL),
(126, ' F-0000062', 1, 11000.00, 1386, NULL),
(127, ' F-0000063', 1, 11000.00, 185, NULL),
(128, ' F-0000064', 1, 10100.00, 1605, NULL),
(129, ' F-0000064', 2, 10100.00, 1195, NULL),
(130, ' F-0000064', 12, 10100.00, 200, NULL),
(131, ' F-0000065', 1, 10950.00, 5964, NULL),
(132, ' F-0000066', 18, 11000.00, 664, NULL),
(133, ' F-0000067', 1, 11000.00, 2100, NULL),
(134, ' F-0000067', 18, 11000.00, 1200, NULL),
(135, ' F-0000067', 12, 11500.00, 200, NULL),
(136, ' F-0000068', 11, 10950.00, 4100, NULL),
(137, ' F-0000069', 9, 11500.00, 1300, NULL),
(138, ' F-0000070', 1, 11000.00, 1496, NULL),
(139, ' F-0000070', 18, 11000.00, 804, NULL),
(140, ' F-0000070', 9, 11500.00, 200, NULL),
(141, ' F-0000071', 2, 11000.00, 287, NULL),
(142, ' F-0000071', 12, 11500.00, 90, NULL),
(143, ' F-0000072', 3, 11000.00, 191, NULL),
(144, ' F-0000072', 9, 11500.00, 500, NULL),
(145, ' F-0000073', 1, 11000.00, 150, NULL),
(146, ' F-0000074', 1, 11000.00, 2000, NULL),
(147, ' F-0000074', 18, 11000.00, 250, NULL),
(148, ' F-0000075', 18, 10980.00, 428, NULL),
(149, ' F-0000075', 12, 11000.00, 60, NULL),
(150, ' F-0000076', 18, 11000.00, 1066, NULL),
(151, ' F-0000076', 17, 11000.00, 120, NULL),
(152, ' F-0000076', 9, 11500.00, 345, NULL),
(153, ' F-0000077', 18, 11000.00, 4014, NULL),
(154, ' F-0000077', 9, 11200.00, 773, NULL),
(155, ' F-0000078', 12, 11500.00, 160, NULL),
(156, ' F-0000079', 18, 11000.00, 1996, NULL),
(157, ' F-0000079', 12, 11600.00, 504, NULL),
(158, ' F-0000080', 1, 10880.00, 4000, NULL),
(159, ' F-0000080', 2, 10880.00, 800, NULL),
(160, ' F-0000080', 9, 11000.00, 200, NULL),
(161, ' F-0000081', 2, 10550.00, 502, NULL),
(162, ' F-0000082', 1, 10850.00, 4039, NULL),
(163, ' F-0000082', 18, 10900.00, 3928, NULL),
(164, ' F-0000083', 1, 10850.00, 8077, NULL),
(165, ' F-0000084', 1, 11000.00, 990, 214),
(166, ' F-0000084', 18, 11000.00, 510, NULL),
(167, ' F-0000085', 18, 11100.00, 163, NULL),
(168, ' F-0000085', 12, 11000.00, 20, NULL),
(169, ' F-0000086', 12, 11000.00, 60, NULL),
(170, ' F-0000087', 26, 10750.00, 6000, NULL),
(171, ' F-0000087', 45, 10750.00, 4000, NULL),
(172, ' F-0000087', 17, 10900.00, 1977, NULL),
(173, ' F-0000087', 18, 10900.00, 2604, NULL),
(174, ' F-0000087', 1, 10900.00, 914, NULL),
(175, ' F-0000087', 9, 11500.00, 826, NULL),
(176, ' F-0000087', 12, 11500.00, 201, NULL),
(177, ' F-0000088', 1, 11000.00, 2510, NULL),
(178, ' F-0000088', 9, 11500.00, 490, NULL),
(179, ' F-0000089', 18, 11000.00, 3000, NULL),
(180, ' F-0000089', 11, 11500.00, 600, NULL),
(181, ' F-0000090', 1, 10400.00, 3273, NULL),
(182, ' F-0000090', 2, 10400.00, 1977, NULL),
(183, ' F-0000090', 9, 11000.00, 250, NULL),
(184, ' F-0000091', 17, 10900.00, 9985, NULL),
(185, ' F-0000091', 18, 10900.00, 2042, NULL),
(186, ' F-0000091', 1, 10900.00, 2064, NULL),
(187, ' F-0000091', 16, 11050.00, 1227, NULL),
(188, ' F-0000092', 18, 11000.00, 1509, NULL),
(189, ' F-0000092', 1, 11000.00, 1295, NULL),
(190, ' F-0000092', 12, 11500.00, 216, NULL),
(191, ' F-0000093', 18, 11000.00, 6062, NULL),
(192, ' F-0000093', 1, 10900.00, 6175, NULL),
(193, ' F-0000093', 11, 11100.00, 2061, NULL),
(194, ' F-0000094', 12, 12000.00, 39, 10),
(195, ' F-0000095', 18, 11000.00, 1004, NULL),
(196, ' F-0000095', 1, 11000.00, 1300, NULL),
(197, ' F-0000095', 12, 12000.00, 100, NULL),
(198, ' F-0000096', 1, 10900.00, 1992, NULL),
(199, ' F-0000096', 18, 10900.00, 2091, NULL),
(200, ' F-0000097', 17, 11000.00, 1900, NULL),
(201, ' F-0000098', 18, 10950.00, 8244, NULL),
(202, ' F-0000098', 1, 10880.00, 2193, NULL),
(203, ' F-0000098', 11, 11000.00, 2016, NULL),
(204, ' F-0000098', 12, 11000.00, 383, NULL),
(205, ' F-0000099', 18, 11000.00, 300, NULL),
(206, ' F-0000099', 1, 11000.00, 1150, NULL),
(207, ' F-0000099', 12, 12000.00, 50, NULL),
(208, ' F-0000100', 18, 11000.00, 500, NULL),
(209, ' F-0000100', 1, 11000.00, 753, NULL),
(210, ' F-0000101', 17, 11000.00, 2492, NULL),
(211, ' F-0000101', 18, 11000.00, 503, NULL),
(212, ' F-0000102', 18, 11000.00, 2009, NULL),
(213, ' F-0000102', 1, 11000.00, 1625, NULL),
(214, ' F-0000102', 17, 11000.00, 585, NULL),
(215, ' F-0000102', 9, 11000.00, 200, NULL),
(216, ' F-0000103', 1, 10950.00, 550, NULL),
(217, ' F-0000103', 18, 10950.00, 109, NULL),
(218, ' F-0000104', 18, 10980.00, 214, NULL),
(219, ' F-0000104', 9, 11500.00, 102, NULL),
(220, ' F-0000105', 18, 11180.00, 161, NULL),
(221, ' F-0000106', 18, 11000.00, 1000, NULL),
(222, ' F-0000106', 9, 11500.00, 325, NULL),
(223, ' F-0000107', 1, 11000.00, 2012, NULL),
(224, ' F-0000108', 18, 10940.00, 8182, NULL),
(225, ' F-0000108', 1, 10880.00, 6135, NULL),
(226, ' F-0000108', 12, 11100.00, 2060, NULL),
(227, ' F-0000109', 1, 11000.00, 8, NULL),
(228, ' F-0000110', 18, 11000.00, 357, NULL),
(229, ' F-0000110', 9, 11500.00, 301, NULL),
(230, ' F-0000111', 1, 11365.00, 22, NULL),
(232, ' F-0000112', 18, 10850.00, 34780, NULL),
(233, ' F-0000114', 18, 11000.00, 542, NULL),
(234, ' F-0000114', 12, 11500.00, 50, NULL),
(235, ' F-0000115', 1, 11250.00, 8, NULL),
(236, ' F-0000116', 17, 11000.00, 180, NULL),
(237, ' F-0000116', 18, 11250.00, 55, NULL),
(238, ' F-0000117', 1, 12140.00, 7, NULL),
(239, ' F-0000118', 18, 11000.00, 326, NULL),
(240, ' F-0000119', 9, 11500.00, 191, NULL),
(241, ' F-0000120', 18, 10900.00, 1500, NULL),
(242, ' F-0000121', 1, 11800.00, 22, NULL),
(243, ' F-0000122', 1, 10900.00, 148, NULL),
(244, ' F-0000123', 17, 11000.00, 113, NULL),
(245, ' F-0000123', 12, 11000.00, 10, NULL),
(246, ' F-0000124', 18, 10900.00, 4089, NULL),
(247, ' F-0000125', 1, 10850.00, 1775, NULL),
(248, ' F-0000125', 38, 11000.00, 150, NULL),
(249, ' F-0000125', 12, 11000.00, 150, NULL),
(250, ' F-0000126', 1, 10950.00, 954, 155),
(251, ' F-0000126', 18, 10950.00, 696, NULL),
(252, ' F-0000126', 12, 11500.00, 100, NULL),
(253, ' F-0000127', 1, 11000.00, 90, NULL),
(254, ' F-0000128', 17, 10900.00, 3806, NULL),
(255, ' F-0000128', 18, 10900.00, 2045, NULL),
(256, ' F-0000129', 1, 10900.00, 1206, NULL),
(257, ' F-0000129', 18, 10900.00, 694, NULL),
(258, ' F-0000129', 12, 11250.00, 200, NULL),
(259, ' F-0000130', 12, 11660.00, 150, NULL),
(260, ' F-0000130', 18, 10850.00, 705, NULL),
(261, ' F-0000130', 1, 10850.00, 1295, NULL),
(262, ' F-0000131', 38, 11500.00, 350, NULL),
(263, ' F-0000132', 12, 11500.00, 50, NULL),
(264, ' F-0000132', 18, 11360.00, 33, NULL),
(265, ' F-0000133', 1, 10900.00, 5193, NULL),
(266, ' F-0000133', 17, 10900.00, 462, NULL),
(267, ' F-0000134', 12, 11500.00, 20, NULL),
(268, ' F-0000135', 18, 11000.00, 88, NULL),
(269, ' F-0000135', 12, 11500.00, 20, NULL),
(270, ' F-0000136', 27, 10800.00, 888, NULL),
(271, ' F-0000136', 38, 11500.00, 300, NULL),
(272, ' F-0000137', 1, 10850.00, 570, NULL),
(273, ' F-0000137', 2, 10850.00, 430, NULL),
(274, ' F-0000137', 12, 11000.00, 85, NULL),
(275, ' F-0000138', 19, 10750.00, 2037, NULL),
(276, ' F-0000138', 27, 10750.00, 4094, NULL),
(277, ' F-0000138', 18, 10850.00, 2022, NULL),
(278, ' F-0000138', 12, 11000.00, 1135, NULL),
(279, ' F-0000139', 18, 10850.00, 502, NULL),
(280, ' F-0000140', 18, 10850.00, 996, NULL),
(281, ' F-0000140', 1, 10850.00, 258, NULL),
(282, ' F-0000140', 9, 11222.00, 110, NULL),
(283, ' F-0000140', 38, 11222.00, 393, NULL),
(284, ' F-0000141', 19, 10720.00, 6119, NULL),
(285, ' F-0000141', 27, 10720.00, 16316, NULL),
(286, ' F-0000142', 1, 10850.00, 2055, NULL),
(287, ' F-0000142', 3, 10850.00, 387, NULL),
(288, ' F-0000143', 19, 10750.00, 4002, NULL),
(289, ' F-0000143', 12, 11000.00, 1054, NULL),
(290, ' F-0000143', 38, 11000.00, 712, NULL),
(291, ' F-0000144', 27, 10800.00, 1100, 139),
(292, ' F-0000144', 19, 10800.00, 800, NULL),
(293, ' F-0000144', 11, 11100.00, 250, NULL),
(294, ' F-0000145', 18, 10850.00, 635, NULL),
(295, ' F-0000146', 38, 11268.00, 355, NULL),
(296, ' F-0000147', 18, 10900.00, 235, NULL),
(297, ' F-0000147', 38, 11500.00, 100, NULL),
(298, ' F-0000148', 2, 10760.00, 10131, NULL),
(299, ' F-0000148', 11, 10900.00, 2069, NULL),
(300, ' F-0000148', 12, 10900.00, 798, NULL),
(301, ' F-0000149', 18, 10850.00, 1100, NULL),
(302, ' F-0000149', 1, 10850.00, 1500, NULL),
(303, ' F-0000150', 38, 11775.00, 62, NULL),
(304, ' F-0000151', 11, 11300.00, 500, NULL),
(305, ' F-0000152', 12, 11666.00, 60, NULL),
(306, ' F-0000153', 1, 10850.00, 2000, NULL),
(307, ' F-0000153', 27, 10750.00, 1500, NULL),
(308, ' F-0000153', 12, 11250.00, 193, NULL),
(309, ' F-0000154', 19, 10750.00, 185, NULL),
(310, ' F-0000154', 27, 10750.00, 110, NULL),
(311, ' F-0000154', 12, 11250.00, 50, NULL),
(312, ' F-0000154', 11, 11250.00, 120, NULL),
(313, ' F-0000155', 11, 11000.00, 150, NULL),
(314, ' F-0000156', 19, 10720.00, 10300, NULL),
(315, ' F-0000156', 27, 10720.00, 10300, NULL),
(316, ' F-0000157', 18, 10850.00, 1134, NULL),
(317, ' F-0000157', 1, 10850.00, 996, NULL),
(318, ' F-0000157', 12, 11200.00, 160, 8),
(319, ' F-0000158', 19, 10750.00, 277, NULL),
(320, ' F-0000159', 18, 10850.00, 422, NULL),
(321, ' F-0000160', 19, 10750.00, 997, NULL),
(322, ' F-0000160', 27, 10750.00, 300, NULL),
(323, ' F-0000160', 12, 10750.00, 5, NULL),
(324, ' F-0000161', 38, 11500.00, 50, NULL),
(325, ' F-0000162', 1, 10851.00, 1963, NULL),
(326, ' F-0000162', 36, 10752.00, 984, NULL),
(327, ' F-0000163', 17, 10900.00, 841, NULL),
(328, ' F-0000164', 1, 10800.00, 4053, NULL),
(329, ' F-0000164', 2, 10800.00, 3976, NULL),
(330, ' F-0000164', 12, 10950.00, 936, NULL),
(331, ' F-0000165', 19, 10800.00, 899, NULL),
(332, ' F-0000166', 18, 10880.00, 3853, NULL),
(333, ' F-0000166', 10, 10880.00, 8116, NULL),
(334, ' F-0000166', 17, 10880.00, 3981, NULL),
(335, ' F-0000167', 18, 10950.00, 476, NULL),
(336, ' F-0000167', 38, 11500.00, 149, NULL),
(337, ' F-0000168', 27, 10850.00, 790, 108),
(338, ' F-0000168', 12, 11500.00, 50, NULL),
(339, ' F-0000169', 19, 10850.00, 900, NULL),
(340, ' F-0000169', 27, 10850.00, 400, NULL),
(341, ' F-0000169', 12, 11500.00, 60, NULL),
(342, ' F-0000170', 18, 10270.00, 2500, NULL),
(343, ' F-0000170', 38, 11000.00, 500, NULL),
(344, ' F-0000171', 19, 10850.00, 1992, NULL),
(345, ' F-0000171', 26, 10850.00, 2021, NULL),
(346, ' F-0000172', 18, 11068.00, 131, NULL),
(347, ' F-0000173', 12, 10950.00, 4112, NULL),
(348, ' F-0000174', 19, 10850.00, 2000, NULL),
(349, ' F-0000174', 27, 10850.00, 900, NULL),
(350, ' F-0000174', 38, 11500.00, 85, NULL),
(351, ' F-0000174', 12, 11500.00, 15, NULL),
(352, ' F-0000175', 12, 11904.00, 42, NULL),
(353, ' F-0000176', 1, 11000.00, 15, NULL),
(354, ' F-0000177', 36, 10800.00, 1004, NULL),
(355, ' F-0000177', 12, 11500.00, 89, NULL),
(356, ' F-0000178', 27, 10800.00, 4116, NULL),
(357, ' F-0000178', 19, 10800.00, 4050, NULL),
(358, ' F-0000179', 17, 11000.00, 1393, NULL),
(359, ' F-0000179', 18, 11000.00, 218, NULL),
(360, ' F-0000179', 10, 11000.00, 150, NULL),
(361, ' F-0000179', 38, 11000.00, 109, NULL),
(362, ' F-0000180', 17, 11000.00, 56, NULL),
(363, ' F-0000181', 11, 11500.00, 95, NULL),
(364, ' F-0000182', 1, 10550.00, 1500, NULL),
(365, ' F-0000182', 10, 10550.00, 300, NULL),
(366, ' F-0000182', 2, 10550.00, 536, NULL),
(367, ' F-0000182', 2, 10850.00, 1064, NULL),
(368, ' F-0000182', 12, 10850.00, 80, NULL),
(369, ' F-0000183', 18, 10900.00, 1500, NULL),
(370, ' F-0000183', 38, 11500.00, 500, NULL),
(371, ' F-0000184', 19, 10830.00, 1299, 285),
(372, ' F-0000185', 19, 10850.00, 996, NULL),
(373, ' F-0000186', 26, 10850.00, 381, NULL),
(374, ' F-0000187', 11, 10800.00, 4074, NULL),
(375, ' F-0000188', 18, 10986.00, 152, NULL),
(376, ' F-0000189', 19, 11000.00, 23, NULL),
(377, ' F-0000190', 27, 10850.00, 345, NULL),
(378, ' F-0000190', 12, 11500.00, 30, NULL),
(379, ' F-0000191', 18, 10900.00, 3013, NULL),
(380, ' F-0000191', 10, 10900.00, 1487, NULL),
(381, ' F-0000191', 12, 11500.00, 170, NULL),
(382, ' F-0000192', 3, 10830.00, 2012, NULL),
(383, ' F-0000192', 2, 10830.00, 3015, NULL),
(384, ' F-0000192', 38, 10950.00, 1130, NULL),
(385, ' F-0000193', 19, 10850.00, 75, NULL),
(386, ' F-0000193', 27, 10850.00, 432, NULL),
(387, ' F-0000194', 26, 10800.00, 364, NULL),
(388, ' F-0000194', 38, 11500.00, 350, NULL),
(389, ' F-0000195', 18, 10900.00, 2043, NULL),
(390, ' F-0000195', 17, 10900.00, 1917, NULL),
(391, ' F-0000195', 11, 11400.00, 745, NULL),
(392, ' F-0000195', 12, 11400.00, 190, NULL),
(393, ' F-0000196', 19, 10800.00, 493, NULL),
(394, ' F-0000196', 27, 10800.00, 632, NULL),
(395, ' F-0000196', 26, 10800.00, 800, NULL),
(396, ' F-0000196', 38, 11500.00, 227, NULL),
(397, ' F-0000197', 27, 10800.00, 865, NULL),
(398, ' F-0000197', 38, 11500.00, 250, NULL),
(399, ' F-0000197', 26, 10800.00, 135, NULL),
(400, ' F-0000198', 12, 11500.00, 100, NULL),
(401, ' F-0000199', 27, 10780.00, 4110, NULL),
(402, ' F-0000199', 18, 10880.00, 4283, NULL),
(403, ' F-0000199', 1, 10830.00, 8011, NULL),
(404, ' F-0000200', 19, 10850.00, 127, NULL),
(405, ' F-0000200', 27, 10850.00, 96, NULL),
(406, ' F-0000200', 12, 11500.00, 14, NULL),
(407, ' F-0000201', 27, 10800.00, 2000, NULL),
(408, ' F-0000201', 38, 11500.00, 300, NULL),
(409, ' F-0000201', 12, 11500.00, 200, NULL),
(410, ' F-0000202', 27, 10850.00, 498, NULL),
(411, ' F-0000203', 2, 10830.00, 1995, NULL),
(412, ' F-0000203', 27, 10800.00, 2064, NULL),
(413, ' F-0000203', 19, 10800.00, 2057, NULL),
(414, ' F-0000204', 38, 11430.00, 350, NULL),
(415, ' F-0000205', 19, 10825.00, 600, NULL),
(416, ' F-0000205', 27, 10825.00, 400, NULL),
(417, ' F-0000205', 12, 11500.00, 50, NULL),
(418, ' F-0000206', 1, 10370.00, 1322, NULL),
(419, ' F-0000207', 18, 10880.00, 2000, NULL),
(420, ' F-0000207', 10, 10880.00, 2500, NULL),
(421, ' F-0000207', 38, 11000.00, 400, NULL),
(422, ' F-0000208', 1, 10800.00, 6086, NULL),
(423, ' F-0000208', 27, 10800.00, 2071, NULL),
(424, ' F-0000208', 12, 10950.00, 1003, NULL),
(425, ' F-0000209', 38, 11300.00, 282, NULL),
(426, ' F-0000210', 10, 10950.00, 2600, NULL),
(427, ' F-0000210', 18, 10950.00, 500, NULL),
(428, ' F-0000210', 12, 11500.00, 10, NULL),
(429, ' F-0000211', 12, 10950.00, 2009, NULL),
(430, ' F-0000211', 11, 10900.00, 4104, NULL),
(431, ' F-0000212', 19, 10900.00, 4103, NULL),
(432, ' F-0000212', 27, 10900.00, 4890, NULL),
(433, ' F-0000212', 11, 11900.00, 1004, NULL),
(434, ' F-0000213', 12, 11300.00, 55, NULL),
(435, ' F-0000214', 11, 11500.00, 20, NULL),
(436, ' F-0000215', 10, 10950.00, 1250, NULL),
(437, ' F-0000215', 18, 10950.00, 2250, NULL),
(438, ' F-0000216', 1, 11590.00, 22, NULL),
(439, ' F-0000216', 2, 11360.00, 33, NULL),
(440, ' F-0000216', 12, 12000.00, 10, 10),
(441, ' F-0000217', 1, 10900.00, 3971, NULL),
(442, ' F-0000217', 27, 10850.00, 4100, NULL),
(443, ' F-0000217', 12, 11000.00, 661, NULL),
(444, ' F-0000218', 12, 11500.00, 50, NULL),
(445, ' F-0000219', 18, 10900.00, 2017, NULL),
(446, ' F-0000220', 19, 10900.00, 365, NULL),
(447, ' F-0000220', 27, 10900.00, 385, NULL),
(448, ' F-0000220', 12, 11500.00, 50, NULL),
(449, ' F-0000221', 12, 11250.00, 48, NULL),
(450, ' F-0000222', 1, 11000.00, 22, NULL),
(451, ' F-0000223', 16, 11100.00, 441, NULL),
(452, ' F-0000224', 1, 10950.00, 900, NULL),
(453, ' F-0000224', 2, 10950.00, 675, NULL),
(454, ' F-0000224', 12, 11500.00, 120, NULL),
(455, ' F-0000225', 1, 10950.00, 200, NULL),
(456, ' F-0000225', 2, 10950.00, 200, NULL),
(457, ' F-0000225', 3, 10950.00, 40, NULL),
(458, ' F-0000226', 1, 10950.00, 1850, NULL),
(459, ' F-0000227', 18, 11000.00, 700, NULL),
(460, ' F-0000227', 10, 11000.00, 300, NULL),
(461, ' F-0000227', 38, 11500.00, 200, NULL),
(462, ' F-0000228', 1, 10950.00, 4026, NULL),
(463, ' F-0000229', 27, 10900.00, 426, NULL),
(464, ' F-0000229', 38, 11650.00, 117, NULL),
(465, ' F-0000230', 27, 10900.00, 615, NULL),
(466, ' F-0000230', 12, 11550.00, 130, NULL),
(467, ' F-0000231', 19, 10950.00, 700, NULL),
(468, ' F-0000231', 27, 10950.00, 700, NULL),
(469, ' F-0000231', 12, 11500.00, 150, NULL),
(470, ' F-0000232', 19, 11666.00, 30, NULL),
(471, ' F-0000232', 19, 11333.00, 15, NULL),
(472, ' F-0000233', 38, 10980.00, 500, NULL),
(473, ' F-0000234', 18, 10980.00, 900, NULL),
(474, ' F-0000234', 1, 10930.00, 1250, NULL),
(475, ' F-0000234', 12, 10980.00, 150, NULL),
(476, ' F-0000235', 18, 10980.00, 4000, NULL),
(477, ' F-0000235', 1, 10930.00, 2000, NULL),
(478, ' F-0000235', 38, 10980.00, 1500, NULL),
(479, ' F-0000236', 19, 11666.00, 30, NULL),
(480, ' F-0000236', 12, 12000.00, 10, NULL),
(481, ' F-0000237', 19, 10900.00, 2038, NULL),
(482, ' F-0000237', 27, 10900.00, 2071, NULL),
(483, ' F-0000237', 12, 11100.00, 444, NULL),
(484, ' F-0000237', 38, 11100.00, 415, NULL),
(485, ' F-0000238', 27, 11150.00, 88, NULL),
(486, ' F-0000238', 12, 12000.00, 50, NULL),
(487, ' F-0000239', 19, 10900.00, 2029, NULL),
(488, ' F-0000239', 27, 10900.00, 4677, 900),
(489, ' F-0000239', 11, 11500.00, 294, NULL),
(490, ' F-0000240', 38, 11500.00, 250, NULL),
(491, ' F-0000241', 18, 11000.00, 2000, NULL),
(492, ' F-0000241', 1, 10950.00, 2000, NULL),
(493, ' F-0000241', 11, 11500.00, 200, NULL),
(494, ' F-0000241', 18, 11000.00, 41, NULL),
(495, ' F-0000242', 11, 12000.00, 14, NULL),
(496, ' F-0000243', 19, 11000.00, 2200, NULL),
(497, ' F-0000243', 27, 11000.00, 1000, NULL),
(498, ' F-0000244', 17, 10950.00, 4106, NULL),
(499, ' F-0000245', 1, 10950.00, 4058, NULL),
(500, ' F-0000245', 27, 10900.00, 3867, NULL),
(501, ' F-0000246', 18, 11100.00, 254, NULL),
(502, ' F-0000246', 17, 11100.00, 133, NULL),
(503, ' F-0000246', 12, 11500.00, 35, NULL),
(504, ' F-0000247', 19, 10950.00, 2070, NULL),
(505, ' F-0000247', 27, 10950.00, 1430, NULL),
(506, ' F-0000247', 11, 11300.00, 300, NULL),
(507, ' F-0000248', 26, 11000.00, 962, NULL),
(508, ' F-0000249', 16, 11100.00, 4088, NULL),
(509, ' F-0000250', 12, 11400.00, 26, NULL),
(510, ' F-0000251', 27, 11000.00, 464, NULL),
(511, ' F-0000252', 18, 11100.00, 75, NULL),
(512, ' F-0000253', 10, 11030.00, 4088, NULL),
(513, ' F-0000253', 18, 11030.00, 4099, NULL),
(514, ' F-0000253', 19, 10920.00, 6157, NULL),
(515, ' F-0000253', 27, 10920.00, 6126, NULL),
(516, ' F-0000254', 10, 11050.00, 1200, NULL),
(517, ' F-0000254', 18, 11050.00, 800, NULL),
(518, ' F-0000254', 12, 11250.00, 200, NULL),
(519, ' F-0000255', 19, 10950.00, 992, NULL),
(520, ' F-0000255', 27, 10950.00, 508, NULL),
(521, ' F-0000256', 43, 11100.00, 2000, NULL),
(522, ' F-0000256', 16, 11100.00, 2088, NULL),
(523, ' F-0000257', 11, 11500.00, 20, NULL),
(524, ' F-0000257', 18, 11300.00, 77, NULL),
(525, ' F-0000258', 1, 10950.00, 1941, NULL),
(526, ' F-0000258', 2, 10950.00, 1234, NULL),
(527, ' F-0000259', 10, 11000.00, 1685, NULL),
(528, ' F-0000259', 10, 11000.00, 1315, NULL),
(529, ' F-0000260', 12, 11500.00, 80, NULL),
(530, ' F-0000261', 18, 11030.00, 8148, NULL),
(531, ' F-0000261', 1, 10950.00, 12299, NULL),
(532, ' F-0000262', 3, 11100.00, 440, NULL),
(533, ' F-0000262', 2, 11100.00, 510, NULL),
(534, ' F-0000262', 11, 11600.00, 250, NULL),
(535, ' F-0000263', 10, 11100.00, 1500, NULL),
(536, ' F-0000263', 18, 11100.00, 500, NULL),
(537, ' F-0000263', 11, 12000.00, 190, NULL),
(538, ' F-0000264', 27, 11000.00, 3462, NULL),
(539, ' F-0000264', 19, 11000.00, 2038, NULL),
(540, ' F-0000264', 11, 11400.00, 700, NULL),
(541, ' F-0000264', 12, 11400.00, 100, NULL),
(542, ' F-0000264', 26, 11000.00, 500, NULL),
(543, ' F-0000265', 19, 11000.00, 1400, NULL),
(544, ' F-0000265', 27, 11000.00, 500, NULL),
(545, ' F-0000266', 19, 11050.00, 1365, NULL),
(546, ' F-0000266', 27, 11050.00, 785, NULL),
(547, ' F-0000266', 12, 11500.00, 70, NULL),
(548, ' F-0000267', 18, 11200.00, 3000, NULL),
(549, ' F-0000268', 19, 11000.00, 2044, NULL),
(550, ' F-0000268', 27, 11000.00, 2068, NULL),
(551, ' F-0000268', 12, 11300.00, 459, NULL),
(552, ' F-0000269', 27, 11000.00, 1621, NULL),
(553, ' F-0000269', 19, 11000.00, 802, NULL),
(554, ' F-0000269', 12, 11500.00, 77, NULL),
(555, ' F-0000270', 19, 11050.00, 1412, NULL),
(556, ' F-0000270', 27, 11050.00, 1307, NULL),
(557, ' F-0000270', 11, 11500.00, 281, NULL),
(558, ' F-0000271', 19, 11200.00, 2800, NULL),
(559, ' F-0000271', 27, 11200.00, 950, NULL),
(560, ' F-0000271', 26, 11200.00, 120, NULL),
(561, ' F-0000272', 19, 11180.00, 1300, NULL),
(562, ' F-0000272', 27, 11180.00, 600, NULL),
(563, ' F-0000272', 12, 12000.00, 100, NULL),
(564, ' F-0000273', 10, 11500.00, 494, NULL),
(565, ' F-0000274', 12, 12000.00, 20, NULL),
(566, ' F-0000275', 27, 11150.00, 549, NULL),
(567, ' F-0000275', 11, 11500.00, 176, NULL),
(568, ' F-0000276', 10, 11350.00, 800, NULL),
(569, ' F-0000276', 27, 11150.00, 550, NULL),
(570, ' F-0000276', 12, 11500.00, 190, NULL),
(571, ' F-0000277', 54, 11150.00, 2688, NULL),
(572, ' F-0000277', 19, 11150.00, 2998, NULL),
(573, ' F-0000278', 36, 11350.00, 639, NULL),
(574, ' F-0000278', 12, 11800.00, 55, NULL),
(575, ' F-0000279', 19, 11385.00, 1000, 141),
(576, ' F-0000280', 27, 11385.00, 300, NULL),
(577, ' F-0000280', 12, 12000.00, 50, NULL),
(578, ' F-0000281', 11, 12000.00, 100, NULL),
(579, ' F-0000281', 27, 11400.00, 414, NULL),
(580, ' F-0000282', 18, 11500.00, 10116, NULL),
(581, ' F-0000282', 1, 11350.00, 10117, NULL),
(582, ' F-0000283', 26, 11500.00, 2043, NULL),
(583, ' F-0000283', 19, 11500.00, 500, NULL),
(584, ' F-0000283', 11, 12000.00, 500, NULL),
(585, ' F-0000283', 12, 12000.00, 100, NULL),
(586, ' F-0000284', 27, 11500.00, 1530, NULL),
(587, ' F-0000284', 19, 11500.00, 1470, NULL),
(588, ' F-0000284', 11, 12000.00, 200, NULL),
(589, ' F-0000285', 27, 11653.00, 1100, NULL),
(590, ' F-0000285', 19, 11653.00, 1500, NULL),
(591, ' F-0000285', 12, 12000.00, 100, NULL),
(592, ' F-0000286', 18, 11724.00, 2064, NULL),
(593, ' F-0000286', 11, 12000.00, 200, NULL),
(594, ' F-0000286', 12, 12000.00, 100, NULL),
(595, ' F-0000287', 19, 11400.00, 1775, NULL),
(596, ' F-0000287', 27, 11400.00, 500, NULL),
(597, ' F-0000288', 27, 11400.00, 2018, NULL),
(598, ' F-0000288', 19, 11400.00, 1975, NULL),
(599, ' F-0000288', 11, 11950.00, 490, NULL),
(600, ' F-0000288', 1, 11550.00, 2028, NULL),
(601, ' F-0000289', 11, 12000.00, 305, NULL),
(602, ' F-0000289', 18, 11700.00, 5013, NULL),
(603, ' F-0000289', 10, 11700.00, 4500, NULL),
(604, ' F-0000289', 17, 11700.00, 500, NULL),
(605, ' F-0000290', 10, 11750.00, 900, NULL),
(606, ' F-0000290', 18, 11750.00, 600, NULL),
(607, ' F-0000290', 12, 12500.00, 84, NULL),
(608, ' F-0000291', 19, 11600.00, 2033, NULL),
(609, ' F-0000291', 27, 11600.00, 2717, NULL),
(610, ' F-0000291', 11, 12500.00, 250, NULL),
(611, ' F-0000292', 27, 11550.00, 1750, NULL),
(612, ' F-0000292', 19, 11550.00, 750, NULL),
(613, ' F-0000293', 26, 11750.00, 562, NULL),
(614, ' F-0000294', 11, 11500.00, 70, NULL),
(615, ' F-0000294', 27, 11153.00, 750, NULL),
(616, ' F-0000294', 19, 11153.00, 225, NULL),
(617, ' F-0000295', 3, 10850.00, 9999, NULL),
(618, ' F-0000295', 1, 10850.00, 7941, NULL),
(619, ' F-0000295', 11, 10850.00, 2019, NULL),
(620, ' F-0000296', 19, 10925.00, 2000, 157),
(621, ' F-0000296', 27, 10925.00, 1000, NULL),
(622, ' F-0000296', 12, 11500.00, 120, NULL),
(623, ' F-0000297', 27, 11400.00, 4112, NULL),
(624, ' F-0000297', 19, 11400.00, 4026, NULL),
(625, ' F-0000297', 12, 11750.00, 2058, NULL),
(626, ' F-0000298', 27, 11550.00, 4090, NULL),
(627, ' F-0000298', 1, 11650.00, 4173, NULL),
(628, ' F-0000298', 12, 12000.00, 340, NULL),
(629, ' F-0000299', 1, 11650.00, 1996, NULL),
(630, ' F-0000299', 27, 11500.00, 1904, NULL),
(631, ' F-0000300', 10, 11700.00, 2511, NULL),
(632, ' F-0000300', 18, 11700.00, 5500, NULL),
(633, ' F-0000300', 17, 11700.00, 2071, NULL),
(634, ' F-0000300', 12, 11700.00, 100, NULL),
(635, ' F-0000301', 1, 11800.00, 1300, NULL),
(636, ' F-0000301', 18, 11800.00, 650, NULL),
(637, ' F-0000301', 12, 12500.00, 50, NULL),
(638, ' F-0000302', 18, 11800.00, 1200, NULL),
(639, ' F-0000302', 11, 12500.00, 100, NULL),
(640, ' F-0000303', 19, 11750.00, 30, NULL),
(641, ' F-0000303', 27, 11750.00, 74, NULL),
(642, ' F-0000304', 27, 12045.00, 22, NULL),
(643, ' F-0000305', 1, 11750.00, 4000, NULL),
(644, ' F-0000305', 11, 12250.00, 207, NULL),
(645, ' F-0000305', 2, 11750.00, 257, NULL),
(646, ' F-0000306', 17, 11850.00, 2003, NULL),
(647, ' F-0000307', 18, 12045.00, 110, NULL),
(648, ' F-0000307', 12, 12500.00, 150, NULL),
(649, ' F-0000308', 18, 11850.00, 220, NULL),
(650, ' F-0000308', 12, 12500.00, 100, NULL),
(651, ' F-0000309', 26, 11700.00, 1835, NULL),
(652, ' F-0000309', 9, 11900.00, 306, NULL),
(653, ' F-0000310', 2, 10850.00, 12016, NULL),
(654, ' F-0000310', 4, 10850.00, 2006, 921),
(655, ' F-0000311', 19, 11700.00, 2032, NULL),
(656, ' F-0000311', 27, 11700.00, 468, NULL),
(657, ' F-0000312', 1, 11750.00, 3961, NULL),
(658, ' F-0000312', 12, 11950.00, 708, NULL),
(659, ' F-0000313', 1, 11850.00, 1100, NULL),
(660, ' F-0000313', 36, 11700.00, 700, NULL),
(661, ' F-0000313', 12, 12500.00, 40, NULL),
(662, ' F-0000314', 4, 11900.00, 2032, NULL),
(663, ' F-0000315', 27, 11700.00, 2060, NULL),
(664, ' F-0000315', 19, 11700.00, 1440, NULL),
(665, ' F-0000316', 19, 11750.00, 387, NULL),
(666, ' F-0000317', 26, 11700.00, 462, NULL),
(667, ' F-0000318', 19, 11750.00, 850, NULL),
(668, ' F-0000318', 27, 11750.00, 150, NULL),
(669, ' F-0000318', 12, 12500.00, 70, NULL),
(670, ' F-0000319', 27, 11650.00, 6106, NULL),
(671, ' F-0000319', 18, 11850.00, 4105, NULL),
(672, ' F-0000319', 1, 11730.00, 6026, NULL),
(673, ' F-0000319', 12, 12000.00, 1210, NULL),
(674, ' F-0000320', 1, 11750.00, 4127, NULL),
(675, ' F-0000320', 27, 11650.00, 2042, NULL),
(676, ' F-0000321', 27, 11750.00, 90, NULL),
(677, ' F-0000322', 27, 11000.00, 1003, NULL),
(678, ' F-0000322', 12, 11500.00, 126, NULL),
(679, ' F-0000322', 27, 11000.00, 1591, NULL),
(680, ' F-0000323', 19, 12000.00, 30, NULL),
(681, ' F-0000324', 27, 11750.00, 681, NULL),
(682, ' F-0000325', 2, 11750.00, 1443, NULL),
(683, ' F-0000325', 36, 11750.00, 57, NULL),
(684, ' F-0000326', 1, 11750.00, 4081, NULL),
(685, ' F-0000326', 26, 11700.00, 2047, NULL),
(686, ' F-0000327', 10, 11806.00, 168, NULL),
(687, ' F-0000327', 18, 11806.00, 751, NULL),
(688, ' F-0000327', 11, 11920.00, 151, NULL),
(689, ' F-0000328', 19, 11850.00, 75, NULL),
(690, ' F-0000328', 27, 11850.00, 107, NULL),
(691, ' F-0000329', 18, 11850.00, 275, NULL),
(692, ' F-0000330', 6, 12000.00, 3903, NULL),
(693, ' F-0000331', 1, 11750.00, 500, NULL),
(694, ' F-0000331', 2, 11750.00, 350, 53),
(695, ' F-0000331', 12, 12000.00, 200, 200),
(696, ' F-0000332', 9, 12000.00, 200, NULL),
(697, ' F-0000333', 1, 11750.00, 37, NULL),
(698, ' F-0000333', 2, 11750.00, 426, NULL),
(699, ' F-0000333', 12, 11750.00, 10, NULL),
(700, ' F-0000334', 1, 11800.00, 750, NULL),
(701, ' F-0000335', 1, 11700.00, 1700, NULL),
(702, ' F-0000335', 36, 11400.00, 215, NULL),
(703, ' F-0000336', 18, 11850.00, 6116, NULL),
(704, ' F-0000336', 27, 11650.00, 6143, NULL),
(705, ' F-0000336', 1, 11730.00, 8065, NULL),
(706, ' F-0000336', 2, 11730.00, 1981, NULL),
(707, ' F-0000337', 36, 11700.00, 2017, NULL),
(708, ' F-0000337', 9, 12500.00, 383, NULL),
(709, ' F-0000338', 3, 11750.00, 1480, NULL),
(710, ' F-0000338', 1, 11750.00, 2006, NULL),
(711, ' F-0000338', 27, 11650.00, 2054, NULL),
(712, ' F-0000339', 1, 11800.00, 800, NULL),
(713, ' F-0000340', 1, 11700.00, 1446, NULL),
(714, ' F-0000340', 36, 11400.00, 107, NULL),
(715, ' F-0000341', 18, 11850.00, 644, NULL),
(716, ' F-0000341', 1, 11850.00, 37, NULL),
(717, ' F-0000342', 19, 11700.00, 372, NULL),
(718, ' F-0000343', 26, 11750.00, 770, NULL),
(719, ' F-0000344', 36, 11850.00, 428, NULL),
(720, ' F-0000344', 12, 12500.00, 40, NULL),
(721, ' F-0000345', 1, 11850.00, 750, NULL),
(722, ' F-0000345', 2, 11850.00, 1000, NULL),
(723, ' F-0000345', 3, 11850.00, 300, NULL),
(724, ' F-0000345', 12, 12500.00, 50, NULL),
(725, ' F-0000346', 11, 12500.00, 52, NULL),
(726, ' F-0000347', 36, 11800.00, 96, NULL),
(727, ' F-0000348', 27, 11750.00, 4099, NULL),
(728, ' F-0000348', 12, 12000.00, 1236, NULL),
(729, ' F-0000349', 18, 11880.00, 4190, NULL),
(730, ' F-0000349', 10, 11880.00, 3926, NULL),
(731, ' F-0000349', 12, 12000.00, 2068, NULL),
(732, ' F-0000350', 36, 11800.00, 1000, NULL),
(733, ' F-0000350', 9, 12300.00, 300, NULL),
(734, ' F-0000351', 27, 11800.00, 1000, NULL),
(735, ' F-0000352', 1, 11750.00, 8000, NULL),
(736, ' F-0000352', 2, 11750.00, 7995, NULL),
(737, ' F-0000353', 18, 12200.00, 658, NULL),
(738, ' F-0000353', 1, 12200.00, 15, NULL),
(739, ' F-0000353', 12, 12500.00, 15, NULL),
(740, ' F-0000353', 9, 12500.00, 10, NULL),
(741, ' F-0000354', 27, 11850.00, 750, NULL),
(742, ' F-0000354', 19, 11850.00, 500, NULL),
(743, ' F-0000355', 6, 12000.00, 986, NULL),
(744, ' F-0000356', 3, 11850.00, 4047, NULL),
(745, ' F-0000357', 1, 11850.00, 187, NULL),
(746, ' F-0000358', 18, 11900.00, 880, NULL),
(747, ' F-0000358', 11, 12500.00, 350, NULL),
(748, ' F-0000359', 1, 12000.00, 23, 23),
(749, ' F-0000359', 12, 12500.00, 5, NULL),
(750, ' F-0000360', 1, 12000.00, 22, NULL),
(751, ' F-0000361', 2, 11850.00, 1967, NULL),
(752, ' F-0000361', 1, 11850.00, 2309, NULL),
(753, ' F-0000361', 9, 12500.00, 224, NULL),
(754, ' F-0000362', 27, 11400.00, 509, NULL),
(755, ' F-0000362', 9, 12000.00, 100, NULL),
(756, ' F-0000363', 1, 11800.00, 900, NULL),
(757, ' F-0000363', 2, 11800.00, 900, NULL),
(758, ' F-0000363', 12, 12500.00, 100, NULL),
(759, ' F-0000364', 10, 11900.00, 1000, NULL),
(760, ' F-0000364', 18, 11900.00, 1000, NULL),
(761, ' F-0000364', 9, 11900.00, 350, NULL),
(762, ' F-0000365', 1, 11800.00, 6171, NULL),
(763, ' F-0000366', 18, 11900.00, 994, NULL),
(764, ' F-0000366', 10, 11900.00, 1806, NULL),
(765, ' F-0000366', 9, 12500.00, 200, NULL),
(766, ' F-0000367', 3, 12680.00, 3712, NULL),
(767, ' F-0000368', 36, 11800.00, 482, NULL),
(768, ' F-0000368', 12, 12000.00, 70, NULL),
(769, ' F-0000369', 1, 11700.00, 1300, NULL),
(770, ' F-0000369', 27, 11400.00, 498, NULL),
(771, ' F-0000369', 27, 11400.00, 434, NULL),
(772, ' F-0000370', 3, 10900.00, 6555, NULL),
(773, ' F-0000370', 2, 10900.00, 1998, NULL),
(774, ' F-0000370', 1, 10900.00, 2184, NULL),
(775, ' F-0000370', 4, 11050.00, 940, NULL),
(776, ' F-0000371', 1, 11750.00, 10100, NULL),
(777, ' F-0000371', 2, 11750.00, 10000, NULL),
(778, ' F-0000372', 2, 11850.00, 1495, NULL),
(779, ' F-0000372', 12, 12250.00, 305, 66),
(780, ' F-0000373', 2, 11800.00, 2000, NULL),
(781, ' F-0000373', 1, 11800.00, 1500, NULL),
(782, ' F-0000373', 9, 12250.00, 200, NULL),
(783, ' F-0000374', 1, 11850.00, 1787, NULL),
(784, ' F-0000374', 27, 11850.00, 1428, NULL),
(785, ' F-0000375', 3, 10900.00, 4101, NULL),
(786, ' F-0000375', 1, 10900.00, 2006, NULL),
(787, ' F-0000375', 2, 10900.00, 2052, NULL),
(788, ' F-0000376', 36, 11810.00, 335, NULL),
(789, ' F-0000377', 18, 11850.00, 2053, NULL),
(790, ' F-0000377', 10, 11850.00, 2500, NULL),
(791, ' F-0000377', 12, 11850.00, 20, NULL),
(792, ' F-0000378', 19, 11800.00, 720, NULL),
(793, ' F-0000378', 12, 12200.00, 70, NULL),
(794, ' F-0000379', 2, 11850.00, 1984, NULL),
(795, ' F-0000379', 9, 12350.00, 400, NULL),
(796, ' F-0000380', 27, 11800.00, 1300, NULL),
(797, ' F-0000380', 1, 11850.00, 1300, NULL),
(798, ' F-0000380', 12, 12350.00, 250, NULL),
(799, ' F-0000381', 4, 12000.00, 2002, NULL),
(800, ' F-0000382', 10, 12000.00, 15, NULL),
(801, ' F-0000382', 36, 12000.00, 22, NULL),
(802, ' F-0000383', 12, 12500.00, 281, NULL),
(803, ' F-0000384', 27, 11750.00, 8266, NULL),
(804, ' F-0000384', 12, 12000.00, 790, NULL),
(805, ' F-0000384', 9, 12000.00, 700, NULL),
(806, ' F-0000385', 17, 11800.00, 8188, NULL),
(807, ' F-0000385', 10, 11800.00, 75, NULL),
(808, ' F-0000385', 11, 11800.00, 60, NULL),
(809, ' F-0000386', 3, 11800.00, 1366, NULL),
(810, ' F-0000386', 2, 11800.00, 475, NULL),
(811, ' F-0000386', 9, 12000.00, 401, NULL),
(812, ' F-0000387', 2, 11850.00, 475, NULL),
(813, ' F-0000388', 3, 10850.00, 3537, NULL),
(814, ' F-0000389', 2, 11750.00, 708, NULL),
(815, ' F-0000389', 1, 11750.00, 1503, 183),
(816, ' F-0000389', 12, 12500.00, 139, NULL),
(817, ' F-0000390', 1, 11800.00, 1535, NULL),
(818, ' F-0000390', 2, 11800.00, 865, NULL),
(819, ' F-0000390', 12, 12500.00, 100, NULL),
(820, ' F-0000391', 2, 11800.00, 225, NULL),
(821, ' F-0000391', 12, 12500.00, 50, NULL),
(822, ' F-0000392', 1, 12000.00, 15, NULL),
(823, ' F-0000393', 2, 12000.00, 88, NULL),
(824, ' F-0000394', 1, 11850.00, 995, NULL),
(825, ' F-0000394', 2, 11850.00, 388, NULL),
(826, ' F-0000394', 12, 12500.00, 70, NULL),
(827, ' F-0000395', 1, 11850.00, 3989, NULL),
(828, ' F-0000395', 2, 11850.00, 2011, NULL),
(829, ' F-0000395', 12, 12000.00, 200, NULL),
(830, ' F-0000396', 2, 11850.00, 246, NULL),
(831, ' F-0000396', 12, 12500.00, 25, NULL),
(832, ' F-0000397', 11, 12500.00, 80, NULL),
(833, ' F-0000398', 27, 11900.00, 2061, NULL),
(834, ' F-0000398', 1, 11900.00, 4047, NULL),
(835, ' F-0000399', 1, 12000.00, 4188, NULL),
(836, ' F-0000399', 2, 12000.00, 567, NULL),
(837, ' F-0000399', 18, 12000.00, 130, NULL),
(838, ' F-0000400', 1, 10900.00, 2047, NULL),
(839, ' F-0000400', 2, 10900.00, 1943, NULL),
(840, ' F-0000401', 10, 12000.00, 75, NULL),
(841, ' F-0000402', 1, 12000.00, 750, 51),
(842, ' F-0000402', 18, 12000.00, 200, NULL),
(843, ' F-0000402', 9, 12000.00, 50, NULL),
(844, ' F-0000403', 18, 12150.00, 110, NULL),
(845, ' F-0000404', 18, 12100.00, 2071, NULL),
(846, ' F-0000405', 18, 11970.00, 3936, NULL),
(847, ' F-0000405', 10, 11970.00, 6269, NULL),
(848, ' F-0000405', 1, 11920.00, 4273, NULL),
(849, ' F-0000405', 12, 12100.00, 2027, NULL),
(850, ' F-0000405', 38, 12100.00, 3070, NULL),
(851, ' F-0000406', 2, 12000.00, 489, NULL),
(852, ' F-0000406', 12, 12500.00, 100, NULL),
(853, ' F-0000407', 2, 12000.00, 415, NULL),
(854, ' F-0000408', 26, 11950.00, 559, NULL),
(855, ' F-0000408', 12, 12500.00, 20, NULL),
(856, ' F-0000409', 12, 12500.00, 30, NULL),
(857, ' F-0000410', 10, 12000.00, 1700, NULL),
(858, ' F-0000410', 18, 12000.00, 2300, NULL),
(859, ' F-0000411', 9, 12400.00, 250, NULL),
(860, ' F-0000412', 12, 12500.00, 35, NULL),
(861, ' F-0000413', 1, 12640.00, 1000, NULL),
(862, ' F-0000413', 3, 12640.00, 2054, NULL),
(863, ' F-0000413', 9, 12640.00, 500, NULL),
(864, ' F-0000414', 1, 11900.00, 2354, NULL),
(865, ' F-0000414', 2, 11900.00, 2047, NULL),
(866, ' F-0000415', 1, 11950.00, 1190, NULL),
(867, ' F-0000415', 27, 11950.00, 810, NULL),
(868, ' F-0000415', 26, 11950.00, 194, NULL),
(869, ' F-0000416', 26, 12125.00, 80, NULL),
(870, ' F-0000417', 26, 11900.00, 4086, NULL),
(871, ' F-0000418', 17, 12050.00, 415, NULL),
(872, ' F-0000419', 1, 11900.00, 6005, NULL),
(873, ' F-0000419', 2, 11900.00, 10079, NULL),
(874, ' F-0000420', 1, 12000.00, 300, NULL),
(875, ' F-0000421', 18, 12100.00, 110, NULL),
(876, ' F-0000422', 27, 11950.00, 323, NULL),
(877, ' F-0000422', 19, 11950.00, 320, NULL),
(878, ' F-0000423', 19, 11950.00, 406, NULL),
(879, ' F-0000423', 12, 12500.00, 60, NULL),
(880, ' F-0000424', 3, 11900.00, 10173, NULL),
(881, ' F-0000425', 19, 11950.00, 245, NULL),
(882, ' F-0000425', 2, 11950.00, 130, NULL),
(883, ' F-0000426', 1, 12050.00, 740, 740),
(884, ' F-0000426', 2, 12050.00, 55, 55),
(885, ' F-0000427', 1, 12050.00, 740, NULL),
(886, ' F-0000427', 2, 12050.00, 55, NULL),
(887, ' F-0000428', 17, 11950.00, 2008, NULL),
(888, ' F-0000429', 1, 12050.00, 186, NULL),
(889, ' F-0000430', 12, 12200.00, 1500, NULL),
(890, ' F-0000431', 1, 12000.00, 1250, NULL),
(891, ' F-0000431', 2, 12000.00, 500, NULL),
(892, ' F-0000431', 3, 12000.00, 100, NULL),
(893, ' F-0000431', 12, 12000.00, 150, NULL),
(894, ' F-0000432', 2, 12100.00, 22, NULL),
(895, ' F-0000432', 10, 12100.00, 30, NULL),
(896, ' F-0000433', 18, 11950.00, 3990, NULL),
(897, ' F-0000433', 11, 12200.00, 1000, NULL),
(898, ' F-0000434', 18, 12000.00, 220, NULL),
(899, ' F-0000434', 9, 12500.00, 30, NULL),
(900, ' F-0000435', 18, 11950.00, 3982, NULL),
(901, ' F-0000436', 12, 12000.00, 6113, NULL),
(902, ' F-0000437', 10, 12000.00, 1000, NULL),
(903, ' F-0000437', 18, 12000.00, 1500, NULL),
(904, ' F-0000438', 4, 12000.00, 1000, NULL),
(905, ' F-0000439', 18, 12000.00, 1700, NULL),
(906, ' F-0000439', 12, 12500.00, 400, NULL),
(907, ' F-0000440', 18, 12100.00, 313, NULL),
(908, ' F-0000440', 9, 12500.00, 150, NULL),
(909, ' F-0000441', 2, 11900.00, 2038, NULL),
(910, ' F-0000442', 17, 11950.00, 2134, NULL),
(911, ' F-0000443', 10, 12000.00, 2000, NULL),
(912, ' F-0000443', 18, 12000.00, 1105, NULL),
(913, ' F-0000443', 11, 12250.00, 405, NULL),
(914, ' F-0000444', 18, 12700.00, 33, NULL),
(915, ' F-0000445', 2, 11950.00, 1539, NULL),
(916, ' F-0000445', 9, 12500.00, 500, NULL),
(917, ' F-0000446', 2, 12000.00, 495, NULL),
(918, ' F-0000446', 12, 12500.00, 70, NULL),
(919, ' F-0000447', 18, 12200.00, 55, NULL),
(920, ' F-0000448', 2, 12000.00, 320, NULL),
(921, ' F-0000449', 17, 12050.00, 1747, NULL),
(922, ' F-0000449', 10, 12050.00, 151, NULL),
(923, ' F-0000449', 11, 12500.00, 505, NULL),
(924, ' F-0000450', 18, 11950.00, 4116, NULL),
(925, ' F-0000450', 39, 12200.00, 1000, NULL),
(926, ' F-0000451', 10, 12000.00, 1500, NULL),
(927, ' F-0000451', 18, 12000.00, 1000, NULL),
(928, ' F-0000451', 39, 12500.00, 100, NULL),
(929, ' F-0000452', 9, 11200.00, 998, NULL),
(930, ' F-0000453', 2, 12751.00, 511, NULL),
(931, ' F-0000454', 10, 12050.00, 1496, NULL),
(932, ' F-0000454', 18, 12050.00, 504, NULL),
(933, ' F-0000455', 10, 11950.00, 1255, NULL),
(934, ' F-0000455', 18, 11950.00, 2895, NULL),
(935, ' F-0000455', 39, 12500.00, 350, NULL),
(936, ' F-0000456', 17, 12000.00, 2152, NULL),
(937, ' F-0000456', 9, 12200.00, 396, NULL),
(938, ' F-0000457', 18, 12000.00, 118, NULL),
(939, ' F-0000457', 9, 12500.00, 66, NULL),
(940, ' F-0000458', 18, 12000.00, 392, NULL),
(941, ' F-0000458', 11, 12500.00, 91, NULL),
(942, ' F-0000459', 10, 12000.00, 1417, NULL),
(943, ' F-0000459', 18, 12000.00, 583, NULL),
(944, ' F-0000460', 18, 12000.00, 33, NULL),
(945, ' F-0000461', 1, 12000.00, 700, NULL),
(946, ' F-0000461', 36, 12000.00, 161, NULL),
(947, ' F-0000461', 39, 12500.00, 10, NULL),
(948, ' F-0000462', 3, 10850.00, 2482, NULL),
(949, ' F-0000463', 3, 10850.00, 921, NULL),
(950, ' F-0000464', 3, 12050.00, 806, NULL),
(951, ' F-0000465', 2, 11900.00, 6153, NULL),
(952, ' F-0000465', 17, 11925.00, 2072, NULL),
(953, ' F-0000465', 10, 11925.00, 7778, NULL),
(954, ' F-0000465', 18, 11925.00, 4531, NULL),
(955, ' F-0000466', 2, 11950.00, 724, NULL),
(956, ' F-0000467', 10, 12100.00, 52, NULL),
(957, ' F-0000468', 11, 12500.00, 200, NULL),
(958, ' F-0000469', 1, 12000.00, 15, NULL),
(959, ' F-0000470', 10, 12000.00, 1900, NULL),
(960, ' F-0000470', 18, 12000.00, 600, NULL),
(961, ' F-0000471', 2, 12100.00, 44, NULL),
(962, ' F-0000471', 39, 12500.00, 40, NULL),
(963, ' F-0000472', 1, 11900.00, 3500, NULL),
(964, ' F-0000472', 2, 11900.00, 4500, NULL),
(965, ' F-0000472', 9, 12200.00, 1000, NULL),
(966, ' F-0000473', 2, 12000.00, 55, NULL),
(967, ' F-0000473', 1, 12000.00, 37, NULL),
(968, ' F-0000473', 12, 12500.00, 5, NULL),
(969, ' F-0000474', 18, 12100.00, 163, NULL),
(970, ' F-0000475', 1, 11925.00, 2000, NULL),
(971, ' F-0000475', 2, 11925.00, 1100, NULL),
(972, ' F-0000475', 9, 12500.00, 200, NULL),
(973, ' F-0000476', 1, 11900.00, 1400, NULL),
(974, ' F-0000476', 2, 11900.00, 600, NULL),
(975, ' F-0000477', 1, 12000.00, 7, NULL),
(976, ' F-0000478', 10, 11950.00, 500, NULL),
(977, ' F-0000479', 18, 11950.00, 1780, NULL),
(978, ' F-0000479', 10, 11950.00, 1770, NULL),
(979, ' F-0000479', 11, 12400.00, 350, NULL),
(980, ' F-0000480', 2, 11930.00, 377, NULL),
(981, ' F-0000480', 12, 12500.00, 30, NULL),
(982, ' F-0000481', 2, 11930.00, 132, NULL),
(983, ' F-0000482', 10, 11950.00, 1200, NULL),
(984, ' F-0000482', 18, 11950.00, 600, NULL),
(985, ' F-0000482', 17, 11950.00, 60, NULL),
(986, ' F-0000482', 39, 12500.00, 140, 28),
(987, ' F-0000483', 10, 11950.00, 700, NULL),
(988, ' F-0000483', 18, 11950.00, 500, NULL),
(989, ' F-0000483', 39, 11950.00, 50, NULL),
(990, ' F-0000484', 1, 12500.00, 7, NULL),
(991, ' F-0000484', 2, 12500.00, 11, NULL),
(992, ' F-0000484', 3, 12500.00, 20, NULL),
(993, ' F-0000484', 4, 12500.00, 23, NULL),
(994, ' F-0000484', 11, 12500.00, 3, NULL),
(995, ' F-0000485', 10, 11950.00, 1300, NULL),
(996, ' F-0000485', 18, 11950.00, 1150, NULL),
(997, ' F-0000485', 39, 12200.00, 200, NULL),
(998, ' F-0000486', 1, 11870.00, 6000, NULL),
(999, ' F-0000486', 2, 11870.00, 14350, NULL),
(1000, ' F-0000487', 18, 12700.00, 11, NULL),
(1001, ' F-0000488', 39, 12500.00, 95, NULL),
(1002, ' F-0000489', 10, 11950.00, 1300, NULL),
(1003, ' F-0000489', 18, 11950.00, 300, NULL),
(1004, ' F-0000490', 10, 11950.00, 2150, 189),
(1005, ' F-0000490', 18, 11950.00, 1500, NULL),
(1006, ' F-0000490', 11, 12500.00, 350, NULL),
(1007, ' F-0000491', 10, 11950.00, 2070, NULL),
(1008, ' F-0000491', 18, 11950.00, 930, NULL),
(1009, ' F-0000492', 10, 12000.00, 1400, NULL),
(1010, ' F-0000492', 18, 12000.00, 550, NULL),
(1011, ' F-0000492', 39, 12500.00, 50, NULL),
(1012, ' F-0000493', 10, 11950.00, 1300, NULL),
(1013, ' F-0000493', 18, 11950.00, 850, NULL),
(1014, ' F-0000493', 9, 12500.00, 230, NULL),
(1015, ' F-0000494', 36, 12100.00, 510, NULL),
(1016, ' F-0000494', 1, 12100.00, 410, NULL),
(1017, ' F-0000494', 10, 12100.00, 391, NULL),
(1018, ' F-0000494', 39, 12500.00, 89, NULL),
(1019, ' F-0000495', 18, 12000.00, 939, NULL),
(1020, ' F-0000495', 38, 12500.00, 91, NULL),
(1021, ' F-0000496', 10, 12000.00, 1400, NULL),
(1022, ' F-0000496', 18, 12000.00, 400, NULL),
(1023, ' F-0000497', 9, 12500.00, 50, NULL),
(1024, ' F-0000498', 2, 11900.00, 571, NULL),
(1025, ' F-0000498', 9, 12250.00, 170, NULL),
(1026, ' F-0000499', 39, 12500.00, 5, NULL),
(1027, ' F-0000500', 10, 11940.00, 2026, NULL),
(1028, ' F-0000500', 17, 11940.00, 2142, NULL),
(1029, ' F-0000501', 10, 12000.00, 75, NULL),
(1030, ' F-0000501', 18, 12000.00, 222, NULL),
(1031, ' F-0000502', 10, 12500.00, 168, NULL),
(1032, ' F-0000503', 18, 11950.00, 4000, NULL),
(1033, ' F-0000503', 10, 11950.00, 3000, NULL),
(1034, ' F-0000503', 11, 12250.00, 500, NULL),
(1035, ' F-0000503', 39, 12250.00, 250, NULL),
(1036, ' F-0000504', 9, 12500.00, 200, NULL),
(1037, ' F-0000504', 39, 12500.00, 100, NULL),
(1038, ' F-0000505', 10, 12000.00, 112, NULL),
(1039, ' F-0000506', 2, 12000.00, 2030, NULL),
(1040, ' F-0000506', 3, 12000.00, 964, NULL),
(1041, ' F-0000506', 9, 12500.00, 507, NULL),
(1042, ' F-0000507', 17, 12000.00, 10861, NULL),
(1043, ' F-0000507', 10, 12000.00, 5946, NULL),
(1044, ' F-0000507', 18, 12000.00, 423, NULL),
(1045, ' F-0000508', 10, 12050.00, 8728, NULL),
(1046, ' F-0000508', 18, 12050.00, 11866, NULL),
(1047, ' F-0000509', 1, 12050.00, 1000, 1000),
(1048, ' F-0000509', 2, 12050.00, 800, 800),
(1049, ' F-0000509', 39, 12250.00, 180, 180),
(1050, ' F-0000510', 2, 12050.00, 1000, NULL),
(1051, ' F-0000510', 1, 12050.00, 800, NULL),
(1052, ' F-0000510', 39, 12250.00, 180, NULL),
(1053, ' F-0000511', 1, 12000.00, 4105, NULL),
(1054, ' F-0000512', 10, 12200.00, 111, NULL),
(1055, ' F-0000513', 1, 11900.00, 4081, NULL),
(1056, ' F-0000513', 3, 11900.00, 4095, NULL),
(1057, ' F-0000513', 11, 12200.00, 2055, NULL),
(1058, ' F-0000514', 18, 12100.00, 850, NULL),
(1059, ' F-0000514', 10, 12100.00, 1100, NULL),
(1060, ' F-0000514', 39, 12500.00, 50, NULL),
(1061, ' F-0000515', 2, 12000.00, 600, NULL),
(1062, ' F-0000515', 1, 12000.00, 900, NULL),
(1063, ' F-0000516', 10, 12500.00, 8, NULL),
(1064, ' F-0000517', 10, 12100.00, 1800, 1800),
(1065, ' F-0000517', 39, 12500.00, 200, 200),
(1066, ' F-0000518', 18, 12100.00, 1800, NULL),
(1067, ' F-0000518', 39, 12500.00, 200, NULL),
(1068, ' F-0000519', 18, 12100.00, 400, NULL),
(1069, ' F-0000519', 39, 12500.00, 56, NULL),
(1070, ' F-0000520', 39, 12500.00, 41, NULL),
(1071, ' F-0000521', 10, 12100.00, 400, 120),
(1072, ' F-0000521', 18, 12100.00, 400, 119),
(1073, ' F-0000521', 39, 12500.00, 150, 71),
(1074, ' F-0000522', 1, 11950.00, 2043, NULL),
(1075, ' F-0000522', 2, 11950.00, 6081, NULL),
(1076, ' F-0000522', 9, 12100.00, 150, NULL),
(1077, ' F-0000522', 39, 12100.00, 914, NULL),
(1078, ' F-0000523', 1, 12000.00, 1000, 210),
(1079, ' F-0000523', 2, 12000.00, 500, NULL),
(1080, ' F-0000523', 39, 12500.00, 70, NULL),
(1081, ' F-0000524', 1, 11950.00, 8022, NULL),
(1082, ' F-0000525', 1, 12000.00, 2040, NULL),
(1083, ' F-0000525', 2, 12000.00, 4052, NULL),
(1084, ' F-0000525', 39, 12400.00, 108, NULL),
(1085, ' F-0000525', 9, 12400.00, 600, NULL),
(1086, ' F-0000526', 26, 12000.00, 1236, NULL),
(1087, ' F-0000527', 17, 12000.00, 3904, NULL),
(1088, ' F-0000528', 18, 12050.00, 3906, NULL),
(1089, ' F-0000528', 10, 12050.00, 4165, NULL),
(1090, ' F-0000528', 11, 12500.00, 1000, NULL),
(1091, ' F-0000529', 2, 12050.00, 594, NULL),
(1092, ' F-0000529', 39, 12500.00, 130, NULL),
(1093, ' F-0000530', 2, 12000.00, 107, NULL),
(1094, ' F-0000531', 1, 11900.00, 700, NULL),
(1095, ' F-0000531', 2, 11900.00, 500, NULL),
(1096, ' F-0000531', 39, 12500.00, 60, NULL),
(1097, ' F-0000532', 1, 12000.00, 2074, NULL),
(1098, ' F-0000532', 10, 12000.00, 2014, NULL),
(1099, ' F-0000533', 2, 12000.00, 3500, NULL),
(1100, ' F-0000533', 1, 12000.00, 1600, NULL),
(1101, ' F-0000533', 9, 12400.00, 400, NULL),
(1102, ' F-0000533', 39, 12400.00, 350, NULL),
(1103, ' F-0000534', 1, 12050.00, 493, NULL),
(1104, ' F-0000534', 2, 12050.00, 1926, NULL),
(1105, ' F-0000534', 36, 12050.00, 4052, NULL),
(1106, ' F-0000534', 45, 12050.00, 3878, NULL),
(1107, ' F-0000535', 18, 12050.00, 2306, NULL),
(1108, ' F-0000535', 11, 12500.00, 700, NULL),
(1109, ' F-0000536', 10, 12100.00, 3000, NULL),
(1110, ' F-0000536', 18, 12100.00, 2500, NULL),
(1111, ' F-0000537', 10, 12100.00, 1525, NULL),
(1112, ' F-0000537', 18, 12100.00, 975, NULL),
(1113, ' F-0000537', 11, 12500.00, 200, NULL),
(1114, ' F-0000538', 18, 12100.00, 404, NULL),
(1115, ' F-0000538', 39, 12500.00, 96, NULL),
(1116, ' F-0000539', 10, 12100.00, 1800, 76),
(1117, ' F-0000539', 18, 12100.00, 700, NULL),
(1118, ' F-0000540', 1, 12000.00, 1650, NULL),
(1119, ' F-0000540', 3, 12000.00, 40, NULL),
(1120, ' F-0000540', 2, 12000.00, 1210, NULL),
(1121, ' F-0000540', 39, 12250.00, 200, NULL),
(1122, ' F-0000541', 1, 12100.00, 4149, NULL),
(1123, ' F-0000541', 2, 12100.00, 4034, NULL),
(1124, ' F-0000541', 38, 12150.00, 501, NULL),
(1125, ' F-0000542', 1, 12150.00, 1976, NULL),
(1126, ' F-0000542', 2, 12150.00, 1018, NULL),
(1127, ' F-0000542', 39, 12500.00, 126, NULL),
(1128, ' F-0000543', 2, 11900.00, 3962, NULL),
(1129, ' F-0000543', 9, 12200.00, 1000, NULL),
(1130, ' F-0000544', 10, 12150.00, 750, NULL),
(1131, ' F-0000544', 18, 12150.00, 1200, NULL),
(1132, ' F-0000544', 39, 12250.00, 150, NULL),
(1133, ' F-0000545', 39, 13000.00, 5, NULL),
(1134, ' F-0000546', 10, 12200.00, 1350, NULL),
(1135, ' F-0000546', 18, 12200.00, 1400, NULL),
(1136, ' F-0000546', 17, 12200.00, 120, NULL);
INSERT INTO `orderDetails` (`orderDetailsID`, `invoiceNo`, `productID`, `unitPrice`, `Quantity`, `outQuantity`) VALUES
(1137, ' F-0000546', 39, 12250.00, 200, NULL),
(1138, ' F-0000547', 10, 12200.00, 1485, NULL),
(1139, ' F-0000547', 18, 12200.00, 2515, NULL),
(1140, ' F-0000547', 11, 12500.00, 300, NULL),
(1141, ' F-0000548', 18, 12200.00, 2500, NULL),
(1142, ' F-0000548', 17, 12200.00, 100, NULL),
(1143, ' F-0000548', 10, 12200.00, 700, 175),
(1144, ' F-0000548', 11, 12500.00, 350, NULL),
(1145, ' F-0000549', 1, 12150.00, 2029, NULL),
(1146, ' F-0000549', 2, 12150.00, 1992, NULL),
(1147, ' F-0000550', 18, 12250.00, 2000, NULL),
(1148, ' F-0000550', 9, 12750.00, 500, NULL),
(1149, ' F-0000551', 18, 12200.00, 383, NULL),
(1150, ' F-0000551', 18, 12200.00, 1600, NULL),
(1151, ' F-0000552', 39, 12500.00, 120, NULL),
(1152, ' F-0000553', 17, 12200.00, 2990, NULL),
(1153, ' F-0000554', 6, 12420.00, 491, NULL),
(1154, ' F-0000555', 9, 12400.00, 250, NULL),
(1155, ' F-0000556', 27, 12200.00, 500, NULL),
(1156, ' F-0000556', 39, 13000.00, 60, NULL),
(1157, ' F-0000557', 1, 12250.00, 170, NULL),
(1158, ' F-0000558', 1, 12250.00, 111, NULL),
(1159, ' F-0000559', 18, 12225.00, 2024, NULL),
(1160, ' F-0000559', 10, 12225.00, 976, NULL),
(1161, ' F-0000559', 9, 12250.00, 400, NULL),
(1162, ' F-0000559', 39, 12250.00, 350, NULL),
(1163, ' F-0000560', 18, 12225.00, 1000, NULL),
(1164, ' F-0000560', 10, 12225.00, 1300, NULL),
(1165, ' F-0000560', 39, 12250.00, 250, NULL),
(1166, ' F-0000561', 18, 12300.00, 2500, NULL),
(1167, ' F-0000561', 10, 12300.00, 1400, NULL),
(1168, ' F-0000561', 10, 12300.00, 153, NULL),
(1169, ' F-0000562', 1, 12250.00, 1000, NULL),
(1170, ' F-0000562', 39, 13000.00, 15, NULL),
(1171, ' F-0000563', 18, 12300.00, 1700, NULL),
(1172, ' F-0000563', 39, 12600.00, 300, NULL),
(1173, ' F-0000564', 18, 12300.00, 1700, NULL),
(1174, ' F-0000564', 39, 12600.00, 300, NULL),
(1175, ' F-0000565', 10, 12250.00, 4246, NULL),
(1176, ' F-0000566', 2, 12250.00, 590, NULL),
(1177, ' F-0000566', 1, 12250.00, 800, NULL),
(1178, ' F-0000567', 10, 12225.00, 2031, NULL),
(1179, ' F-0000567', 18, 12225.00, 4267, NULL),
(1180, ' F-0000567', 38, 12750.00, 702, NULL),
(1181, ' F-0000568', 1, 12250.00, 1500, NULL),
(1182, ' F-0000568', 2, 12250.00, 1500, NULL),
(1183, ' F-0000568', 39, 12600.00, 200, NULL),
(1184, ' F-0000569', 1, 12250.00, 250, NULL),
(1185, ' F-0000569', 2, 12250.00, 990, NULL),
(1186, ' F-0000569', 39, 13000.00, 100, NULL),
(1187, ' F-0000570', 18, 12300.00, 2000, NULL),
(1188, ' F-0000570', 38, 12750.00, 200, NULL),
(1189, ' F-0000570', 39, 12750.00, 250, NULL),
(1190, ' F-0000571', 4, 12300.00, 23, NULL),
(1191, ' F-0000572', 1, 12250.00, 135, NULL),
(1192, ' F-0000572', 2, 12250.00, 157, NULL),
(1193, ' F-0000573', 18, 12350.00, 325, NULL),
(1194, ' F-0000574', 18, 12300.00, 647, NULL),
(1195, ' F-0000574', 38, 12500.00, 322, NULL),
(1196, ' F-0000575', 6, 12500.00, 37, NULL),
(1197, ' F-0000576', 1, 12250.00, 1700, NULL),
(1198, ' F-0000576', 2, 12250.00, 1000, NULL),
(1199, ' F-0000576', 39, 12800.00, 150, NULL),
(1200, ' F-0000577', 39, 12750.00, 120, NULL),
(1201, ' F-0000578', 10, 12270.00, 7420, NULL),
(1202, ' F-0000578', 18, 12270.00, 8280, NULL),
(1203, ' F-0000578', 39, 12370.00, 4475, NULL),
(1204, ' F-0000579', 1, 12300.00, 1962, NULL),
(1205, ' F-0000579', 2, 12300.00, 721, NULL),
(1206, ' F-0000580', 1, 12300.00, 38, NULL),
(1207, ' F-0000581', 38, 13000.00, 80, NULL),
(1208, ' F-0000582', 1, 12300.00, 1100, NULL),
(1209, ' F-0000582', 2, 12300.00, 300, NULL),
(1210, ' F-0000582', 39, 13000.00, 80, NULL),
(1211, ' F-0000583', 2, 12300.00, 2000, NULL),
(1212, ' F-0000583', 39, 12750.00, 300, 26),
(1213, ' F-0000584', 17, 12350.00, 1011, NULL),
(1214, ' F-0000585', 18, 12450.00, 87, NULL),
(1215, ' F-0000586', 10, 12000.00, 1000, NULL),
(1216, ' F-0000586', 39, 13000.00, 50, NULL),
(1217, ' F-0000587', 10, 12450.00, 7000, NULL),
(1218, ' F-0000588', 2, 12350.00, 1200, 585),
(1219, ' F-0000588', 1, 12350.00, 600, NULL),
(1220, ' F-0000588', 39, 13000.00, 100, NULL),
(1221, ' F-0000589', 17, 12300.00, 4404, NULL),
(1222, ' F-0000589', 10, 12300.00, 3742, NULL),
(1223, ' F-0000589', 18, 12300.00, 7872, 3977),
(1224, ' F-0000590', 10, 12450.00, 4175, NULL),
(1225, ' F-0000590', 18, 12450.00, 2500, NULL),
(1226, ' F-0000590', 11, 13000.00, 400, NULL),
(1227, ' F-0000591', 17, 12225.00, 3616, NULL),
(1228, ' F-0000591', 3, 12225.00, 6139, NULL),
(1229, ' F-0000592', 10, 12400.00, 700, NULL),
(1230, ' F-0000592', 18, 12400.00, 500, NULL),
(1231, ' F-0000592', 39, 13000.00, 70, NULL),
(1232, ' F-0000593', 2, 12400.00, 483, NULL),
(1233, ' F-0000593', 39, 13000.00, 90, 16),
(1234, ' F-0000594', 2, 12300.00, 122, NULL),
(1235, ' F-0000595', 18, 12450.00, 693, NULL),
(1236, ' F-0000595', 11, 13000.00, 100, NULL),
(1237, ' F-0000596', 10, 12450.00, 227, NULL),
(1238, ' F-0000597', 1, 12500.00, 2045, NULL),
(1239, ' F-0000597', 2, 12500.00, 2013, NULL),
(1240, ' F-0000597', 4, 12500.00, 1490, NULL),
(1241, ' F-0000597', 45, 12500.00, 1773, NULL),
(1242, ' F-0000597', 38, 13000.00, 1515, NULL),
(1243, ' F-0000598', 1, 12350.00, 585, NULL),
(1244, ' F-0000599', 2, 12727.00, 33, NULL),
(1245, ' F-0000600', 1, 12400.00, 1500, NULL),
(1246, ' F-0000600', 2, 12400.00, 1000, NULL),
(1247, ' F-0000600', 39, 12750.00, 150, NULL),
(1248, ' F-0000601', 10, 12380.00, 8192, NULL),
(1249, ' F-0000601', 18, 12380.00, 9710, NULL),
(1250, ' F-0000601', 11, 12380.00, 1990, NULL),
(1251, ' F-0000602', 2, 12400.00, 459, NULL),
(1252, ' F-0000602', 39, 13000.00, 100, NULL),
(1253, ' F-0000603', 39, 13000.00, 30, NULL),
(1254, ' F-0000604', 1, 12666.00, 75, NULL),
(1255, ' F-0000605', 1, 12400.00, 1200, 183),
(1256, ' F-0000605', 2, 12400.00, 700, NULL),
(1257, ' F-0000605', 39, 13000.00, 100, NULL),
(1258, ' F-0000606', 2, 12400.00, 1100, NULL),
(1259, ' F-0000606', 1, 12400.00, 900, NULL),
(1260, ' F-0000606', 39, 12500.00, 200, NULL),
(1261, ' F-0000607', 2, 12400.00, 3000, NULL),
(1262, ' F-0000607', 1, 12400.00, 1500, NULL),
(1263, ' F-0000607', 11, 12880.00, 600, NULL),
(1264, ' F-0000608', 18, 12400.00, 6047, NULL),
(1265, ' F-0000608', 11, 13000.00, 1000, NULL),
(1266, ' F-0000608', 10, 12400.00, 2953, NULL),
(1267, ' F-0000609', 1, 12350.00, 1000, NULL),
(1268, ' F-0000609', 2, 12350.00, 800, NULL),
(1269, ' F-0000610', 10, 12400.00, 1200, NULL),
(1270, ' F-0000610', 18, 12400.00, 1200, NULL),
(1271, ' F-0000610', 39, 13000.00, 120, NULL),
(1272, ' F-0000611', 10, 12400.00, 700, 77),
(1273, ' F-0000611', 18, 12400.00, 600, NULL),
(1274, ' F-0000611', 39, 13000.00, 120, NULL),
(1275, ' F-0000612', 10, 12400.00, 1400, NULL),
(1276, ' F-0000612', 18, 12400.00, 250, NULL),
(1277, ' F-0000612', 39, 13000.00, 120, 32),
(1278, ' F-0000613', 18, 12400.00, 1032, NULL),
(1279, ' F-0000614', 12, 13500.00, 3, NULL),
(1280, ' F-0000615', 39, 13000.00, 100, NULL),
(1281, ' F-0000616', 10, 13000.00, 23, NULL),
(1282, ' F-0000617', 2, 13000.00, 88, NULL),
(1283, ' F-0000618', 2, 12400.00, 967, NULL),
(1284, ' F-0000618', 38, 12880.00, 320, NULL),
(1285, ' F-0000619', 1, 12400.00, 727, NULL),
(1286, ' F-0000620', 2, 12380.00, 844, NULL),
(1287, ' F-0000621', 10, 12300.00, 3982, NULL),
(1288, ' F-0000622', 2, 11900.00, 2024, NULL),
(1289, ' F-0000622', 1, 12375.00, 2085, NULL),
(1290, ' F-0000622', 38, 12500.00, 500, NULL),
(1291, ' F-0000623', 18, 12400.00, 1185, NULL),
(1292, ' F-0000623', 10, 12400.00, 3015, NULL),
(1293, ' F-0000624', 10, 12400.00, 4303, NULL),
(1294, ' F-0000624', 11, 12400.00, 2072, NULL),
(1295, ' F-0000625', 39, 13000.00, 11, NULL),
(1296, ' F-0000626', 18, 12400.00, 2500, NULL),
(1297, ' F-0000626', 38, 12400.00, 750, NULL),
(1298, ' F-0000627', 10, 12275.00, 1629, NULL),
(1299, ' F-0000628', 10, 12400.00, 371, NULL),
(1300, ' F-0000628', 18, 12400.00, 350, NULL),
(1301, ' F-0000628', 39, 13000.00, 150, NULL),
(1302, ' F-0000629', 18, 12400.00, 77, NULL),
(1303, ' F-0000630', 4, 12500.00, 507, NULL),
(1304, ' F-0000631', 11, 12225.00, 2066, NULL),
(1305, ' F-0000632', 10, 12410.00, 3964, NULL),
(1306, ' F-0000632', 10, 12410.00, 3934, NULL),
(1307, ' F-0000632', 18, 12410.00, 3954, NULL),
(1308, ' F-0000632', 18, 12410.00, 3981, NULL),
(1309, ' F-0000632', 18, 12410.00, 3902, NULL),
(1310, ' F-0000633', 18, 12400.00, 601, NULL),
(1311, ' F-0000634', 1, 12400.00, 23, NULL),
(1312, ' F-0000635', 1, 12350.00, 700, NULL),
(1313, ' F-0000635', 2, 12350.00, 260, NULL),
(1314, ' F-0000635', 10, 12350.00, 40, NULL),
(1315, ' F-0000636', 10, 12350.00, 1500, NULL),
(1316, ' F-0000636', 18, 12350.00, 2232, NULL),
(1317, ' F-0000636', 38, 12800.00, 250, NULL),
(1318, ' F-0000636', 39, 12800.00, 250, NULL),
(1319, ' F-0000637', 10, 12400.00, 1443, NULL),
(1320, ' F-0000637', 18, 12400.00, 1557, NULL),
(1321, ' F-0000638', 10, 12350.00, 900, NULL),
(1322, ' F-0000638', 18, 12350.00, 750, NULL),
(1323, ' F-0000638', 38, 13000.00, 140, NULL),
(1324, ' F-0000639', 18, 12350.00, 503, NULL),
(1325, ' F-0000639', 38, 13000.00, 150, NULL),
(1326, ' F-0000640', 1, 12350.00, 8, 8),
(1327, ' F-0000641', 1, 12350.00, 8, NULL),
(1328, ' F-0000642', 10, 12400.00, 107, NULL),
(1329, ' F-0000642', 18, 12400.00, 110, NULL),
(1330, ' F-0000643', 1, 12300.00, 975, 80),
(1331, ' F-0000643', 2, 12300.00, 625, 33),
(1332, ' F-0000643', 39, 13000.00, 70, NULL),
(1333, ' F-0000644', 1, 12300.00, 2200, NULL),
(1334, ' F-0000644', 2, 12300.00, 500, NULL),
(1335, ' F-0000645', 1, 12300.00, 1300, NULL),
(1336, ' F-0000645', 2, 12300.00, 1200, NULL),
(1337, ' F-0000645', 38, 12300.00, 200, NULL),
(1338, ' F-0000646', 2, 12300.00, 182, NULL),
(1339, ' F-0000646', 38, 12300.00, 150, NULL),
(1340, ' F-0000647', 1, 12700.00, 37, NULL),
(1341, ' F-0000648', 1, 12350.00, 550, NULL),
(1342, ' F-0000648', 2, 12350.00, 200, NULL),
(1343, ' F-0000648', 39, 12900.00, 49, NULL),
(1344, ' F-0000649', 1, 12225.00, 3923, NULL),
(1345, ' F-0000649', 2, 12225.00, 2002, NULL),
(1346, ' F-0000650', 2, 12350.00, 799, NULL),
(1347, ' F-0000651', 18, 12300.00, 2500, NULL),
(1348, ' F-0000651', 10, 12300.00, 1250, 60),
(1349, ' F-0000651', 11, 12750.00, 200, NULL),
(1350, ' F-0000652', 4, 12500.00, 1998, NULL),
(1351, ' F-0000653', 2, 12350.00, 214, NULL),
(1352, ' F-0000653', 39, 12750.00, 40, NULL),
(1353, ' F-0000654', 18, 12300.00, 704, NULL),
(1354, ' F-0000654', 10, 12300.00, 112, NULL),
(1355, ' F-0000654', 11, 12750.00, 119, NULL),
(1356, ' F-0000655', 11, 12350.00, 2064, NULL),
(1357, ' F-0000655', 12, 12350.00, 2062, NULL),
(1358, ' F-0000656', 17, 12300.00, 97, NULL),
(1359, ' F-0000657', 10, 12300.00, 650, NULL),
(1360, ' F-0000657', 18, 12300.00, 400, NULL),
(1361, ' F-0000657', 39, 12750.00, 40, NULL),
(1362, ' F-0000658', 18, 12300.00, 1200, NULL),
(1363, ' F-0000658', 10, 12300.00, 800, NULL),
(1364, ' F-0000658', 39, 12800.00, 170, NULL),
(1365, ' F-0000659', 18, 12400.00, 294, 294),
(1366, ' F-0000659', 39, 13000.00, 50, NULL),
(1367, ' F-0000660', 18, 12400.00, 371, NULL),
(1368, ' F-0000661', 10, 12300.00, 550, 104),
(1369, ' F-0000661', 18, 12300.00, 500, NULL),
(1370, ' F-0000661', 39, 13000.00, 75, NULL),
(1371, ' F-0000662', 2, 12250.00, 2012, 231),
(1372, ' F-0000662', 1, 12250.00, 2538, 142),
(1373, ' F-0000662', 38, 12800.00, 200, 4),
(1374, ' F-0000663', 10, 12350.00, 500, NULL),
(1375, ' F-0000663', 18, 12350.00, 300, NULL),
(1376, ' F-0000663', 39, 12750.00, 70, NULL),
(1377, ' F-0000664', 1, 12250.00, 492, NULL),
(1378, ' F-0000664', 38, 12800.00, 196, NULL),
(1379, ' F-0000665', 1, 12250.00, 1000, NULL),
(1380, ' F-0000665', 2, 12250.00, 900, NULL),
(1381, ' F-0000665', 39, 12750.00, 100, NULL),
(1382, ' F-0000666', 39, 12750.00, 150, NULL),
(1383, ' F-0000667', 18, 12350.00, 392, NULL),
(1384, ' F-0000667', 39, 12750.00, 208, NULL),
(1385, ' F-0000668', 10, 12250.00, 2000, NULL),
(1386, ' F-0000668', 18, 12250.00, 1557, NULL),
(1387, ' F-0000668', 38, 12250.00, 202, NULL),
(1388, ' F-0000669', 10, 12250.00, 2500, NULL),
(1389, ' F-0000669', 18, 12250.00, 500, NULL),
(1390, ' F-0000669', 38, 12750.00, 300, NULL),
(1391, ' F-0000669', 39, 12750.00, 200, NULL),
(1392, ' F-0000670', 10, 12250.00, 1339, NULL),
(1393, ' F-0000670', 18, 12250.00, 531, NULL),
(1394, ' F-0000671', 27, 12400.00, 1595, NULL),
(1395, ' F-0000671', 38, 13000.00, 405, NULL),
(1396, ' F-0000672', 4, 12350.00, 1494, NULL),
(1397, ' F-0000673', 19, 12150.00, 2050, NULL),
(1398, ' F-0000673', 27, 12150.00, 1456, NULL),
(1399, ' F-0000673', 11, 12800.00, 164, NULL),
(1400, ' F-0000674', 1, 12250.00, 1981, NULL),
(1401, ' F-0000674', 2, 12250.00, 2031, NULL),
(1402, ' F-0000675', 19, 12150.00, 1500, NULL),
(1403, ' F-0000675', 27, 12150.00, 1500, NULL),
(1404, ' F-0000675', 26, 12150.00, 1000, NULL),
(1405, ' F-0000675', 38, 12800.00, 450, NULL),
(1406, ' F-0000676', 10, 12250.00, 4000, NULL),
(1407, ' F-0000676', 18, 12250.00, 1000, NULL),
(1408, ' F-0000677', 19, 12110.00, 1923, NULL),
(1409, ' F-0000677', 27, 12110.00, 2811, NULL),
(1410, ' F-0000678', 19, 12150.00, 82, NULL),
(1411, ' F-0000678', 27, 12150.00, 66, NULL),
(1412, ' F-0000679', 27, 12250.00, 1000, NULL),
(1413, ' F-0000680', 27, 11900.00, 3117, NULL),
(1414, ' F-0000680', 39, 12200.00, 202, NULL),
(1415, ' F-0000680', 38, 12200.00, 298, NULL),
(1416, ' F-0000681', 18, 12250.00, 2193, NULL),
(1417, ' F-0000681', 10, 12250.00, 3207, NULL),
(1418, ' F-0000682', 18, 12250.00, 424, NULL),
(1419, ' F-0000682', 38, 13000.00, 177, NULL),
(1420, ' F-0000683', 17, 12300.00, 8012, NULL),
(1421, ' F-0000683', 18, 12300.00, 6178, NULL),
(1422, ' F-0000683', 10, 12300.00, 4295, NULL),
(1423, ' F-0000684', 39, 13000.00, 10, NULL),
(1424, ' F-0000685', 2, 12150.00, 1996, NULL),
(1425, ' F-0000685', 11, 12750.00, 706, NULL),
(1426, ' F-0000686', 18, 12250.00, 3000, NULL),
(1427, ' F-0000686', 38, 12750.00, 250, NULL),
(1428, ' F-0000687', 19, 12150.00, 99, NULL),
(1429, ' F-0000688', 10, 11950.00, 3350, NULL),
(1430, ' F-0000688', 10, 12250.00, 722, NULL),
(1431, ' F-0000688', 4, 12250.00, 75, NULL),
(1432, ' F-0000688', 6, 12250.00, 35, NULL),
(1433, ' F-0000688', 18, 12250.00, 818, NULL),
(1434, ' F-0000689', 18, 12250.00, 321, NULL),
(1435, ' F-0000689', 39, 13000.00, 55, NULL),
(1436, ' F-0000690', 18, 12300.00, 225, NULL),
(1437, ' F-0000691', 2, 12150.00, 1300, NULL),
(1438, ' F-0000691', 39, 12500.00, 200, NULL),
(1439, ' F-0000692', 3, 12225.00, 3977, NULL),
(1440, ' F-0000693', 39, 12666.00, 60, NULL),
(1441, ' F-0000693', 27, 12300.00, 308, NULL),
(1442, ' F-0000694', 1, 12150.00, 4048, NULL),
(1443, ' F-0000694', 2, 12150.00, 2003, NULL),
(1444, ' F-0000694', 11, 12150.00, 2030, NULL),
(1445, ' F-0000695', 38, 12700.00, 300, NULL),
(1446, ' F-0000696', 2, 12120.00, 10010, NULL),
(1447, ' F-0000696', 1, 12120.00, 10225, NULL),
(1448, ' F-0000697', 10, 12666.00, 15, NULL),
(1449, ' F-0000698', 10, 12080.00, 344, NULL),
(1450, ' F-0000698', 19, 12080.00, 1594, NULL),
(1451, ' F-0000698', 27, 12080.00, 1000, NULL),
(1452, ' F-0000698', 38, 12500.00, 199, NULL),
(1453, ' F-0000699', 27, 12150.00, 513, NULL),
(1454, ' F-0000700', 17, 12200.00, 2062, NULL),
(1455, ' F-0000701', 1, 12150.00, 600, NULL),
(1456, ' F-0000701', 2, 12150.00, 800, NULL),
(1457, ' F-0000701', 39, 12500.00, 120, NULL),
(1458, ' F-0000702', 1, 12150.00, 2044, NULL),
(1459, ' F-0000703', 1, 12666.00, 15, NULL),
(1460, ' F-0000704', 18, 12200.00, 400, NULL),
(1461, ' F-0000704', 39, 12200.00, 100, NULL),
(1462, ' F-0000704', 10, 12200.00, 1000, NULL),
(1463, ' F-0000705', 27, 12100.00, 1745, NULL),
(1464, ' F-0000705', 19, 12100.00, 755, NULL),
(1465, ' F-0000705', 39, 12500.00, 200, NULL),
(1466, ' F-0000706', 39, 12500.00, 191, NULL),
(1467, ' F-0000707', 27, 12100.00, 696, NULL),
(1468, ' F-0000707', 38, 12700.00, 320, NULL),
(1469, ' F-0000708', 17, 12150.00, 5965, NULL),
(1470, ' F-0000709', 10, 12180.00, 1600, NULL),
(1471, ' F-0000709', 18, 12180.00, 500, NULL),
(1472, ' F-0000709', 39, 12180.00, 100, NULL),
(1473, ' F-0000710', 19, 12100.00, 1583, NULL),
(1474, ' F-0000710', 27, 12100.00, 433, NULL),
(1475, ' F-0000710', 39, 13000.00, 84, NULL),
(1476, ' F-0000711', 4, 12300.00, 1983, 267),
(1477, ' F-0000712', 18, 12180.00, 1200, NULL),
(1478, ' F-0000712', 10, 12180.00, 1000, NULL),
(1479, ' F-0000712', 11, 12500.00, 200, NULL),
(1480, ' F-0000713', 39, 13000.00, 30, NULL),
(1481, ' F-0000714', 10, 12300.00, 2056, NULL),
(1482, ' F-0000714', 4, 12300.00, 193, NULL),
(1483, ' F-0000715', 19, 12100.00, 75, NULL),
(1484, ' F-0000716', 18, 12200.00, 2095, NULL),
(1485, ' F-0000716', 39, 12500.00, 300, NULL),
(1486, ' F-0000717', 38, 13000.00, 100, NULL),
(1487, ' F-0000718', 10, 12200.00, 800, NULL),
(1488, ' F-0000718', 18, 12200.00, 800, NULL),
(1489, ' F-0000718', 39, 12200.00, 200, NULL),
(1490, ' F-0000719', 1, 12150.00, 1200, NULL),
(1491, ' F-0000719', 2, 12150.00, 800, NULL),
(1492, ' F-0000720', 2, 12150.00, 854, NULL),
(1493, ' F-0000721', 19, 12100.00, 23, NULL),
(1494, ' F-0000721', 27, 12100.00, 140, NULL),
(1495, ' F-0000721', 38, 13000.00, 123, NULL),
(1496, ' F-0000722', 17, 12150.00, 3229, NULL),
(1497, ' F-0000723', 9, 13000.00, 15, NULL),
(1498, ' F-0000724', 1, 12150.00, 1900, NULL),
(1499, ' F-0000724', 18, 12200.00, 600, NULL),
(1500, ' F-0000724', 11, 12800.00, 150, NULL),
(1501, ' F-0000725', 10, 12130.00, 6049, NULL),
(1502, ' F-0000725', 18, 12130.00, 14795, NULL),
(1503, ' F-0000725', 12, 12300.00, 2065, NULL),
(1504, ' F-0000726', 19, 12100.00, 398, NULL),
(1505, ' F-0000726', 1, 12100.00, 105, NULL),
(1506, ' F-0000726', 27, 12100.00, 100, NULL),
(1507, ' F-0000727', 18, 12300.00, 11, NULL),
(1508, ' F-0000727', 11, 12800.00, 34, NULL),
(1509, ' F-0000728', 3, 12120.00, 4968, NULL),
(1510, ' F-0000729', 2, 12150.00, 330, NULL),
(1511, ' F-0000729', 9, 12500.00, 139, NULL),
(1512, ' F-0000730', 18, 12000.00, 2135, NULL),
(1513, ' F-0000730', 54, 12000.00, 1251, NULL),
(1514, ' F-0000731', 19, 12080.00, 12127, NULL),
(1515, ' F-0000731', 27, 12080.00, 10277, NULL),
(1516, ' F-0000732', 10, 12300.00, 2103, NULL),
(1517, ' F-0000733', 27, 12100.00, 2500, NULL),
(1518, ' F-0000733', 19, 12100.00, 1500, NULL),
(1519, ' F-0000733', 11, 12500.00, 700, NULL),
(1520, ' F-0000734', 10, 12200.00, 2700, NULL),
(1521, ' F-0000734', 18, 12200.00, 1750, NULL),
(1522, ' F-0000734', 9, 12500.00, 550, NULL),
(1523, ' F-0000735', 1, 12150.00, 1800, NULL),
(1524, ' F-0000735', 2, 12150.00, 1000, NULL),
(1525, ' F-0000735', 38, 12800.00, 135, NULL),
(1526, ' F-0000736', 27, 12100.00, 633, NULL),
(1527, ' F-0000736', 38, 13000.00, 100, NULL),
(1528, ' F-0000737', 3, 12150.00, 996, NULL),
(1529, ' F-0000737', 18, 12200.00, 400, NULL),
(1530, ' F-0000737', 39, 12500.00, 200, 170),
(1531, ' F-0000738', 2, 10200.00, 1996, NULL),
(1532, ' F-0000739', 11, 12500.00, 629, NULL),
(1533, ' F-0000740', 10, 12130.00, 1980, NULL),
(1534, ' F-0000740', 18, 12130.00, 979, NULL),
(1535, ' F-0000741', 18, 12200.00, 377, NULL),
(1536, ' F-0000741', 39, 12600.00, 60, NULL),
(1537, ' F-0000742', 18, 12200.00, 76, NULL),
(1538, ' F-0000743', 18, 12150.00, 1500, NULL),
(1539, ' F-0000743', 2, 12150.00, 1000, NULL),
(1540, ' F-0000743', 11, 12400.00, 500, NULL),
(1541, ' F-0000744', 11, 12150.00, 4113, NULL),
(1542, ' F-0000745', 18, 12200.00, 1200, NULL),
(1543, ' F-0000746', 19, 12100.00, 800, NULL),
(1544, ' F-0000746', 27, 12100.00, 700, NULL),
(1545, ' F-0000746', 39, 12800.00, 80, NULL),
(1546, ' F-0000747', 36, 12070.00, 797, NULL),
(1547, ' F-0000747', 19, 12070.00, 800, NULL),
(1548, ' F-0000747', 39, 12200.00, 50, NULL),
(1549, ' F-0000748', 19, 12200.00, 15, NULL),
(1550, ' F-0000748', 27, 12200.00, 22, NULL),
(1551, ' F-0000749', 27, 12100.00, 76, NULL),
(1552, ' F-0000749', 39, 12500.00, 50, NULL),
(1553, ' F-0000750', 19, 12080.00, 2050, NULL),
(1554, ' F-0000750', 27, 12080.00, 950, NULL),
(1555, ' F-0000751', 26, 12100.00, 4071, NULL),
(1556, ' F-0000752', 1, 12150.00, 2012, NULL),
(1557, ' F-0000753', 10, 12110.00, 4455, NULL),
(1558, ' F-0000753', 10, 12110.00, 4107, NULL),
(1559, ' F-0000753', 18, 12110.00, 4266, NULL),
(1560, ' F-0000753', 18, 12110.00, 4188, NULL),
(1561, ' F-0000753', 18, 12110.00, 4184, NULL),
(1562, ' F-0000754', 11, 12300.00, 1515, NULL),
(1563, ' F-0000755', 18, 12150.00, 4147, NULL),
(1564, ' F-0000755', 11, 12300.00, 41, NULL),
(1565, ' F-0000756', 10, 12150.00, 1700, NULL),
(1566, ' F-0000756', 18, 12150.00, 1300, NULL),
(1567, ' F-0000756', 39, 12500.00, 150, NULL),
(1568, ' F-0000757', 1, 12450.00, 718, NULL),
(1569, ' F-0000757', 2, 12450.00, 782, NULL),
(1570, ' F-0000758', 39, 12500.00, 38, NULL),
(1571, ' F-0000759', 38, 12200.00, 152, NULL),
(1572, ' F-0000760', 27, 12150.00, 375, NULL),
(1573, ' F-0000761', 27, 12100.00, 3000, NULL),
(1574, ' F-0000761', 19, 12100.00, 1000, NULL),
(1575, ' F-0000761', 11, 12500.00, 500, NULL),
(1576, ' F-0000762', 26, 12100.00, 2035, NULL),
(1577, ' F-0000763', 19, 12100.00, 3000, NULL),
(1578, ' F-0000763', 27, 12100.00, 1800, NULL),
(1579, ' F-0000763', 38, 12500.00, 400, NULL),
(1580, ' F-0000764', 26, 12050.00, 4072, NULL),
(1581, ' F-0000765', 1, 12130.00, 1100, NULL),
(1582, ' F-0000765', 2, 12130.00, 1100, NULL),
(1583, ' F-0000765', 12, 12500.00, 170, NULL),
(1584, ' F-0000766', 12, 12500.00, 8, NULL),
(1585, ' F-0000767', 11, 12500.00, 20, NULL),
(1586, ' F-0000767', 19, 12100.00, 3, NULL),
(1587, ' F-0000768', 45, 12050.00, 4022, NULL),
(1588, ' F-0000769', 38, 12500.00, 50, NULL),
(1589, ' F-0000770', 18, 12150.00, 2058, NULL),
(1590, ' F-0000770', 10, 12150.00, 1000, NULL),
(1591, ' F-0000770', 38, 12400.00, 500, 500),
(1592, ' F-0000771', 11, 12400.00, 500, NULL),
(1593, ' F-0000772', 19, 12100.00, 150, NULL),
(1594, ' F-0000772', 27, 12100.00, 161, NULL),
(1595, ' F-0000773', 2, 12150.00, 110, NULL),
(1596, ' F-0000773', 1, 12150.00, 186, NULL),
(1597, ' F-0000774', 45, 12050.00, 8905, NULL),
(1598, ' F-0000775', 27, 12050.00, 2500, NULL),
(1599, ' F-0000775', 11, 12750.00, 600, NULL),
(1600, ' F-0000776', 1, 12150.00, 1800, NULL),
(1601, ' F-0000776', 2, 12150.00, 1223, 288),
(1602, ' F-0000776', 1, 12150.00, 331, NULL),
(1603, ' F-0000776', 11, 12500.00, 150, NULL),
(1604, ' F-0000777', 6, 12350.00, 543, NULL),
(1605, ' F-0000778', 38, 12500.00, 30, NULL),
(1606, ' F-0000779', 2, 12150.00, 4063, NULL),
(1607, ' F-0000779', 1, 12150.00, 925, NULL),
(1608, ' F-0000779', 38, 12500.00, 1012, NULL),
(1609, ' F-0000780', 27, 12050.00, 539, NULL),
(1610, ' F-0000780', 38, 12500.00, 126, NULL),
(1611, ' F-0000781', 2, 12100.00, 1122, NULL),
(1612, ' F-0000781', 39, 12500.00, 15, NULL),
(1613, ' F-0000782', 19, 12050.00, 1508, NULL),
(1614, ' F-0000782', 39, 13000.00, 72, NULL),
(1615, ' F-0000783', 3, 12300.00, 5953, NULL),
(1616, ' F-0000783', 1, 12300.00, 2028, NULL),
(1617, ' F-0000783', 11, 12400.00, 2080, NULL),
(1618, ' F-0000784', 10, 12150.00, 2023, NULL),
(1619, ' F-0000784', 18, 12150.00, 2980, NULL),
(1620, ' F-0000785', 18, 12130.00, 2082, NULL),
(1621, ' F-0000785', 10, 12130.00, 918, NULL),
(1622, ' F-0000786', 19, 11970.00, 12264, NULL),
(1623, ' F-0000786', 27, 11970.00, 4081, NULL),
(1624, ' F-0000786', 18, 12130.00, 4130, NULL),
(1625, ' F-0000787', 18, 12000.00, 1057, NULL),
(1626, ' F-0000787', 10, 12000.00, 1458, NULL),
(1627, ' F-0000788', 19, 12050.00, 1300, NULL),
(1628, ' F-0000788', 27, 12050.00, 3500, NULL),
(1629, ' F-0000788', 38, 12500.00, 700, NULL),
(1630, ' F-0000789', 27, 12100.00, 290, 65),
(1631, ' F-0000790', 2, 12400.00, 111, NULL),
(1632, ' F-0000790', 2, 12130.00, 452, NULL),
(1633, ' F-0000791', 18, 12130.00, 500, NULL),
(1634, ' F-0000792', 27, 12100.00, 137, NULL),
(1635, ' F-0000792', 39, 12500.00, 3, NULL),
(1636, ' F-0000793', 18, 12150.00, 500, NULL),
(1637, ' F-0000793', 10, 12150.00, 600, NULL),
(1638, ' F-0000793', 38, 12500.00, 100, NULL),
(1639, ' F-0000794', 10, 12150.00, 2200, NULL),
(1640, ' F-0000794', 18, 12150.00, 1491, NULL),
(1641, ' F-0000795', 2, 12100.00, 4032, NULL),
(1642, ' F-0000795', 1, 12100.00, 5883, NULL),
(1643, ' F-0000795', 18, 12120.00, 4204, NULL),
(1644, ' F-0000795', 10, 12120.00, 4117, NULL),
(1645, ' F-0000795', 18, 12120.00, 2067, NULL),
(1646, ' F-0000796', 19, 12050.00, 700, NULL),
(1647, ' F-0000796', 27, 12050.00, 500, NULL),
(1648, ' F-0000796', 39, 12500.00, 70, NULL),
(1649, ' F-0000797', 18, 12150.00, 749, NULL),
(1650, ' F-0000797', 38, 12500.00, 196, NULL),
(1651, ' F-0000798', 12, 12350.00, 30, NULL),
(1652, ' F-0000799', 18, 12150.00, 65, NULL),
(1653, ' F-0000799', 38, 12200.00, 48, NULL),
(1654, ' F-0000800', 19, 12100.00, 650, NULL),
(1655, ' F-0000800', 27, 12100.00, 700, NULL),
(1656, ' F-0000800', 12, 12500.00, 150, NULL),
(1657, ' F-0000801', 1, 11900.00, 1970, NULL),
(1658, ' F-0000802', 2, 10200.00, 644, NULL),
(1659, ' F-0000802', 1, 10200.00, 439, NULL),
(1660, ' F-0000802', 38, 12500.00, 300, NULL),
(1661, ' F-0000803', 19, 12000.00, 4080, NULL),
(1662, ' F-0000803', 26, 12000.00, 4023, NULL),
(1663, ' F-0000803', 38, 12300.00, 1545, NULL),
(1664, ' F-0000804', 19, 12200.00, 45, NULL),
(1665, ' F-0000805', 3, 12150.00, 5964, NULL),
(1666, ' F-0000805', 1, 12150.00, 5919, NULL),
(1667, ' F-0000805', 11, 12150.00, 893, NULL),
(1668, ' F-0000806', 19, 12050.00, 371, NULL),
(1669, ' F-0000806', 38, 12500.00, 228, NULL),
(1670, ' F-0000807', 18, 12150.00, 530, NULL),
(1671, ' F-0000807', 38, 12500.00, 200, NULL),
(1672, ' F-0000808', 18, 12150.00, 4130, NULL),
(1673, ' F-0000809', 27, 12000.00, 2079, NULL),
(1674, ' F-0000809', 38, 12500.00, 200, NULL),
(1675, ' F-0000810', 18, 12150.00, 1276, NULL),
(1676, ' F-0000810', 10, 12150.00, 1018, NULL),
(1677, ' F-0000810', 39, 12150.00, 200, NULL),
(1678, ' F-0000811', 10, 12150.00, 950, NULL),
(1679, ' F-0000811', 18, 12150.00, 750, NULL),
(1680, ' F-0000811', 12, 12300.00, 100, NULL),
(1681, ' F-0000812', 27, 12100.00, 55, NULL),
(1682, ' F-0000812', 19, 12100.00, 7, NULL),
(1683, ' F-0000813', 10, 12150.00, 1200, 120),
(1684, ' F-0000813', 18, 12150.00, 500, 22),
(1685, ' F-0000813', 12, 12500.00, 100, NULL),
(1686, ' F-0000814', 10, 12150.00, 2150, NULL),
(1687, ' F-0000814', 18, 12150.00, 1100, NULL),
(1688, ' F-0000814', 38, 12150.00, 50, NULL),
(1689, ' F-0000815', 19, 12050.00, 1300, NULL),
(1690, ' F-0000815', 27, 12050.00, 1450, NULL),
(1691, ' F-0000815', 11, 12600.00, 250, NULL),
(1692, ' F-0000816', 19, 12000.00, 2482, NULL),
(1693, ' F-0000816', 27, 12000.00, 1318, NULL),
(1694, ' F-0000816', 26, 12000.00, 60, NULL),
(1695, ' F-0000816', 12, 12200.00, 300, NULL),
(1696, ' F-0000817', 18, 12150.00, 931, NULL),
(1697, ' F-0000817', 12, 12500.00, 80, NULL),
(1698, ' F-0000818', 17, 12150.00, 1099, NULL),
(1699, ' F-0000818', 18, 12150.00, 268, NULL),
(1700, ' F-0000818', 11, 12400.00, 600, 52),
(1701, ' F-0000819', 10, 12150.00, 950, NULL),
(1702, ' F-0000819', 38, 12300.00, 150, NULL),
(1703, ' F-0000819', 18, 12150.00, 400, NULL),
(1704, ' F-0000820', 18, 12150.00, 4078, NULL),
(1705, ' F-0000821', 19, 11970.00, 10150, NULL),
(1706, ' F-0000821', 27, 11970.00, 10185, NULL),
(1707, ' F-0000822', 2, 12100.00, 2010, NULL),
(1708, ' F-0000822', 38, 12300.00, 500, NULL),
(1709, ' F-0000823', 19, 12000.00, 1100, NULL),
(1710, ' F-0000823', 27, 12000.00, 700, NULL),
(1711, ' F-0000823', 12, 12500.00, 120, NULL),
(1712, ' F-0000824', 18, 12150.00, 110, NULL),
(1713, ' F-0000824', 12, 12150.00, 12, NULL),
(1714, ' F-0000825', 19, 12050.00, 783, NULL),
(1715, ' F-0000825', 26, 12050.00, 1450, NULL),
(1716, ' F-0000825', 45, 12050.00, 484, NULL),
(1717, ' F-0000825', 17, 12150.00, 2080, NULL),
(1718, ' F-0000825', 27, 12050.00, 5185, NULL),
(1719, ' F-0000826', 27, 12000.00, 532, NULL),
(1720, ' F-0000827', 27, 12050.00, 500, NULL),
(1721, ' F-0000827', 12, 12700.00, 150, NULL),
(1722, ' F-0000828', 19, 12000.00, 1300, NULL),
(1723, ' F-0000828', 27, 12000.00, 1000, NULL),
(1724, ' F-0000828', 12, 12500.00, 300, 67),
(1725, ' F-0000829', 17, 12000.00, 1284, NULL),
(1726, ' F-0000830', 38, 12300.00, 300, NULL),
(1727, ' F-0000831', 18, 12150.00, 500, NULL),
(1728, ' F-0000832', 10, 12150.00, 1200, NULL),
(1729, ' F-0000832', 18, 12150.00, 1500, NULL),
(1730, ' F-0000832', 12, 12500.00, 200, NULL),
(1731, ' F-0000833', 18, 12200.00, 1650, NULL),
(1732, ' F-0000833', 10, 12200.00, 1850, NULL),
(1733, ' F-0000833', 39, 12500.00, 250, NULL),
(1734, ' F-0000834', 19, 12050.00, 185, NULL),
(1735, ' F-0000834', 27, 12050.00, 148, NULL),
(1736, ' F-0000835', 10, 12120.00, 4266, NULL),
(1737, ' F-0000835', 18, 12120.00, 3950, NULL),
(1738, ' F-0000835', 18, 12120.00, 2012, NULL),
(1739, ' F-0000835', 2, 12090.00, 4011, NULL),
(1740, ' F-0000835', 1, 12090.00, 4142, NULL),
(1741, ' F-0000835', 1, 12090.00, 2092, NULL),
(1742, ' F-0000836', 10, 12200.00, 800, NULL),
(1743, ' F-0000837', 38, 12500.00, 400, NULL),
(1744, ' F-0000838', 18, 12150.00, 400, NULL),
(1745, ' F-0000838', 10, 12150.00, 900, NULL),
(1746, ' F-0000839', 10, 12150.00, 2000, NULL),
(1747, ' F-0000839', 18, 12150.00, 1000, NULL),
(1748, ' F-0000840', 18, 12130.00, 3000, NULL),
(1749, ' F-0000840', 10, 12130.00, 1500, NULL),
(1750, ' F-0000841', 18, 12150.00, 603, NULL),
(1751, ' F-0000841', 38, 12150.00, 297, NULL),
(1752, ' F-0000842', 2, 12100.00, 1700, NULL),
(1753, ' F-0000842', 1, 12100.00, 1400, NULL),
(1754, ' F-0000842', 3, 12100.00, 100, NULL),
(1755, ' F-0000842', 39, 12300.00, 100, NULL),
(1756, ' F-0000843', 10, 12150.00, 1750, NULL),
(1757, ' F-0000843', 18, 12150.00, 1000, NULL),
(1758, ' F-0000843', 17, 12150.00, 507, NULL),
(1759, ' F-0000844', 18, 12400.00, 2700, NULL),
(1760, ' F-0000844', 10, 12400.00, 1800, NULL),
(1761, ' F-0000844', 38, 12400.00, 413, NULL),
(1762, ' F-0000845', 18, 12120.00, 3934, NULL),
(1763, ' F-0000845', 18, 12120.00, 2014, NULL),
(1764, ' F-0000845', 10, 12120.00, 3728, NULL),
(1765, ' F-0000845', 10, 12120.00, 4010, NULL),
(1766, ' F-0000845', 12, 12120.00, 2063, NULL),
(1767, ' F-0000845', 27, 11970.00, 4124, NULL),
(1768, ' F-0000845', 27, 11970.00, 2038, NULL),
(1769, ' F-0000846', 38, 12500.00, 150, NULL),
(1770, ' F-0000847', 1, 12100.00, 742, NULL),
(1771, ' F-0000847', 2, 12100.00, 430, NULL),
(1772, ' F-0000847', 18, 12120.00, 604, NULL),
(1773, ' F-0000847', 39, 12200.00, 152, NULL),
(1774, ' F-0000848', 19, 12000.00, 1900, NULL),
(1775, ' F-0000848', 27, 12000.00, 1300, NULL),
(1776, ' F-0000848', 11, 12500.00, 250, NULL),
(1777, ' F-0000849', 39, 12300.00, 285, NULL),
(1778, ' F-0000850', 39, 12500.00, 201, NULL),
(1779, ' F-0000851', 1, 12100.00, 2250, NULL),
(1780, ' F-0000851', 2, 12100.00, 2250, NULL),
(1781, ' F-0000851', 39, 12100.00, 500, NULL),
(1782, ' F-0000852', 18, 12150.00, 769, NULL),
(1783, ' F-0000852', 39, 12500.00, 220, 220),
(1784, ' F-0000853', 38, 12500.00, 220, NULL),
(1785, ' F-0000854', 39, 13000.00, 10, NULL),
(1786, ' F-0000855', 2, 12100.00, 373, NULL),
(1787, ' F-0000855', 38, 12400.00, 145, NULL),
(1788, ' F-0000856', 1, 12666.00, 15, NULL),
(1789, ' F-0000857', 19, 10200.00, 100, NULL),
(1790, ' F-0000858', 19, 12000.00, 345, NULL),
(1791, ' F-0000858', 27, 12000.00, 55, NULL),
(1792, ' F-0000859', 19, 12000.00, 904, NULL),
(1793, ' F-0000859', 39, 12500.00, 35, NULL),
(1794, ' F-0000860', 10, 12150.00, 2017, NULL),
(1795, ' F-0000860', 18, 12150.00, 477, NULL),
(1796, ' F-0000861', 19, 12000.00, 1100, NULL),
(1797, ' F-0000861', 27, 12000.00, 400, NULL),
(1798, ' F-0000862', 18, 12150.00, 1300, NULL),
(1799, ' F-0000862', 39, 12150.00, 300, NULL),
(1800, ' F-0000863', 27, 12000.00, 1076, NULL),
(1801, ' F-0000863', 26, 12000.00, 670, NULL),
(1802, ' F-0000863', 38, 12300.00, 709, NULL),
(1803, ' F-0000863', 39, 12300.00, 100, NULL),
(1804, ' F-0000864', 2, 12100.00, 1491, 54),
(1805, ' F-0000864', 38, 12400.00, 100, NULL),
(1806, ' F-0000865', 38, 12400.00, 21, NULL),
(1807, ' F-0000866', 18, 12150.00, 485, NULL),
(1808, ' F-0000866', 39, 12150.00, 60, NULL),
(1809, ' F-0000866', 38, 12150.00, 779, NULL),
(1810, ' F-0000867', 19, 12000.00, 2250, NULL),
(1811, ' F-0000867', 27, 12000.00, 1423, NULL),
(1812, ' F-0000867', 18, 12000.00, 77, NULL),
(1813, ' F-0000867', 38, 12500.00, 240, NULL),
(1814, ' F-0000868', 19, 12000.00, 600, 157),
(1815, ' F-0000868', 27, 12000.00, 400, 22),
(1816, ' F-0000868', 39, 12500.00, 50, NULL),
(1817, ' F-0000869', 2, 12120.00, 55, NULL),
(1818, ' F-0000869', 18, 12200.00, 74, NULL),
(1819, ' F-0000870', 38, 12500.00, 170, NULL),
(1820, ' F-0000871', 3, 12150.00, 566, NULL),
(1821, ' F-0000872', 39, 12200.00, 188, NULL),
(1822, ' F-0000873', 18, 12120.00, 4015, NULL),
(1823, ' F-0000873', 18, 12120.00, 3828, NULL),
(1824, ' F-0000873', 10, 12120.00, 4048, NULL),
(1825, ' F-0000873', 10, 12120.00, 2034, NULL),
(1826, ' F-0000873', 12, 12150.00, 2063, NULL),
(1827, ' F-0000873', 11, 12150.00, 2006, NULL),
(1828, ' F-0000874', 18, 12150.00, 1600, NULL),
(1829, ' F-0000874', 39, 12500.00, 300, NULL),
(1830, ' F-0000875', 18, 12150.00, 200, NULL),
(1831, ' F-0000875', 38, 12500.00, 200, NULL),
(1832, ' F-0000876', 19, 12000.00, 116, NULL),
(1833, ' F-0000876', 27, 12000.00, 88, NULL),
(1834, ' F-0000877', 11, 12200.00, 503, NULL),
(1835, ' F-0000877', 2, 12100.00, 2017, NULL),
(1836, ' F-0000878', 10, 12150.00, 1500, NULL),
(1837, ' F-0000878', 18, 12150.00, 1500, NULL),
(1838, ' F-0000878', 38, 12200.00, 150, NULL),
(1839, ' F-0000879', 10, 12150.00, 2000, NULL),
(1840, ' F-0000879', 18, 12150.00, 617, NULL),
(1841, ' F-0000879', 17, 12150.00, 80, NULL),
(1842, ' F-0000879', 38, 12150.00, 188, NULL),
(1843, ' F-0000880', 2, 12100.00, 2032, NULL),
(1844, ' F-0000880', 11, 12300.00, 201, NULL),
(1845, ' F-0000881', 2, 12080.00, 3000, NULL),
(1846, ' F-0000881', 38, 12500.00, 307, NULL),
(1847, ' F-0000881', 1, 12080.00, 2013, NULL),
(1848, ' F-0000882', 27, 12000.00, 238, NULL),
(1849, ' F-0000882', 39, 12500.00, 61, NULL),
(1850, ' F-0000883', 10, 12140.00, 1300, NULL),
(1851, ' F-0000883', 18, 12140.00, 1250, NULL),
(1852, ' F-0000883', 39, 12500.00, 220, NULL),
(1853, ' F-0000884', 18, 12120.00, 4403, NULL),
(1854, ' F-0000884', 10, 12120.00, 2080, NULL),
(1855, ' F-0000884', 17, 12120.00, 195, NULL),
(1856, ' F-0000884', 38, 12200.00, 150, NULL),
(1857, ' F-0000885', 17, 12140.00, 2075, NULL),
(1858, ' F-0000885', 18, 12140.00, 4005, NULL),
(1859, ' F-0000885', 11, 12140.00, 2060, NULL),
(1860, ' F-0000886', 2, 11900.00, 1012, NULL),
(1861, ' F-0000887', 10, 12150.00, 450, NULL),
(1862, ' F-0000887', 18, 12150.00, 216, NULL),
(1863, ' F-0000887', 39, 12600.00, 25, NULL),
(1864, ' F-0000888', 10, 12150.00, 35, NULL),
(1865, ' F-0000888', 19, 12150.00, 491, NULL),
(1866, ' F-0000888', 27, 12150.00, 110, NULL),
(1867, ' F-0000888', 39, 13000.00, 20, NULL),
(1868, ' F-0000889', 2, 12100.00, 377, NULL),
(1869, ' F-0000889', 1, 12100.00, 1588, NULL),
(1870, ' F-0000890', 12, 12150.00, 2062, NULL),
(1871, ' F-0000890', 12, 12150.00, 2055, NULL),
(1872, ' F-0000890', 11, 12150.00, 2065, NULL),
(1873, ' F-0000891', 19, 12000.00, 2033, NULL),
(1874, ' F-0000891', 27, 12000.00, 4084, NULL),
(1875, ' F-0000891', 26, 12000.00, 1348, NULL),
(1876, ' F-0000891', 38, 12200.00, 517, NULL),
(1877, ' F-0000892', 27, 12500.00, 44, NULL),
(1878, ' F-0000893', 10, 12150.00, 792, NULL),
(1879, ' F-0000893', 1, 12100.00, 300, NULL),
(1880, ' F-0000893', 27, 12050.00, 571, NULL),
(1881, ' F-0000893', 39, 12150.00, 122, NULL),
(1882, ' F-0000894', 1, 12100.00, 74, NULL),
(1883, ' F-0000895', 10, 12150.00, 1350, NULL),
(1884, ' F-0000895', 18, 12150.00, 1500, NULL),
(1885, ' F-0000895', 39, 12500.00, 250, NULL),
(1886, ' F-0000896', 1, 12100.00, 1000, NULL),
(1887, ' F-0000896', 2, 12100.00, 500, NULL),
(1888, ' F-0000896', 39, 12500.00, 120, NULL),
(1889, ' F-0000897', 1, 12100.00, 241, 44),
(1890, ' F-0000898', 18, 12120.00, 3991, NULL),
(1891, ' F-0000898', 18, 12120.00, 4064, NULL),
(1892, ' F-0000898', 18, 12120.00, 2091, NULL),
(1893, ' F-0000898', 10, 12120.00, 4157, NULL),
(1894, ' F-0000898', 10, 12120.00, 1975, NULL),
(1895, ' F-0000898', 11, 12150.00, 2068, NULL),
(1896, ' F-0000899', 2, 12100.00, 483, NULL),
(1897, ' F-0000899', 38, 12400.00, 220, NULL),
(1898, ' F-0000900', 39, 12500.00, 10, NULL),
(1899, ' F-0000900', 38, 12500.00, 96, NULL),
(1900, ' F-0000901', 10, 12120.00, 4068, NULL),
(1901, ' F-0000901', 10, 12120.00, 4113, NULL),
(1902, ' F-0000901', 18, 12120.00, 3975, NULL),
(1903, ' F-0000901', 18, 12120.00, 4176, NULL),
(1904, ' F-0000901', 18, 12120.00, 2027, NULL),
(1905, ' F-0000901', 17, 12120.00, 2074, NULL),
(1906, ' F-0000902', 2, 12100.00, 537, NULL),
(1907, ' F-0000902', 38, 12500.00, 179, NULL),
(1908, ' F-0000902', 39, 12500.00, 20, NULL),
(1909, ' F-0000903', 2, 12100.00, 11, NULL),
(1910, ' F-0000904', 18, 12150.00, 433, NULL),
(1911, ' F-0000904', 38, 12500.00, 254, NULL),
(1912, ' F-0000905', 11, 12400.00, 250, 250),
(1913, ' F-0000906', 39, 12400.00, 250, NULL),
(1914, ' F-0000907', 18, 12150.00, 467, NULL),
(1915, ' F-0000907', 39, 12500.00, 101, NULL),
(1916, ' F-0000908', 18, 12150.00, 162, NULL),
(1917, ' F-0000908', 10, 12150.00, 8, NULL),
(1918, ' F-0000909', 18, 12150.00, 800, NULL),
(1919, ' F-0000909', 10, 12150.00, 1300, NULL),
(1920, ' F-0000909', 39, 12500.00, 150, NULL),
(1921, ' F-0000910', 10, 12666.00, 15, NULL),
(1922, ' F-0000911', 17, 12130.00, 4000, NULL),
(1923, ' F-0000912', 19, 12000.00, 505, NULL),
(1924, ' F-0000912', 27, 12000.00, 495, NULL),
(1925, ' F-0000912', 39, 12500.00, 250, NULL),
(1926, ' F-0000913', 18, 12130.00, 2400, NULL),
(1927, ' F-0000913', 38, 12200.00, 600, NULL),
(1928, ' F-0000914', 2, 12100.00, 220, NULL),
(1929, ' F-0000914', 3, 12100.00, 558, NULL),
(1930, ' F-0000914', 38, 12500.00, 200, NULL),
(1931, ' F-0000915', 2, 12300.00, 1000, NULL),
(1932, ' F-0000915', 38, 13000.00, 100, NULL),
(1933, ' F-0000915', 39, 13000.00, 150, NULL),
(1934, ' F-0000916', 2, 12100.00, 623, NULL),
(1935, ' F-0000916', 2, 12400.00, 315, NULL),
(1936, ' F-0000917', 10, 12150.00, 1000, NULL),
(1937, ' F-0000917', 18, 12150.00, 1000, NULL),
(1938, ' F-0000918', 2, 12150.00, 2000, NULL),
(1939, ' F-0000918', 19, 12050.00, 2033, NULL),
(1940, ' F-0000919', 19, 11950.00, 1000, NULL),
(1941, ' F-0000919', 39, 12200.00, 175, NULL),
(1942, ' F-0000920', 1, 13300.00, 30, NULL),
(1943, ' F-0000921', 27, 12000.00, 119, NULL),
(1944, ' F-0000921', 39, 12700.00, 10, NULL),
(1945, ' F-0000922', 1, 12150.00, 1973, NULL),
(1946, ' F-0000922', 11, 12150.00, 708, NULL),
(1947, ' F-0000923', 10, 12150.00, 187, NULL),
(1948, ' F-0000923', 18, 12150.00, 269, NULL),
(1949, ' F-0000924', 39, 12300.00, 156, NULL),
(1950, ' F-0000925', 2, 12100.00, 504, NULL),
(1951, ' F-0000925', 3, 12100.00, 152, NULL),
(1952, ' F-0000925', 38, 12400.00, 300, NULL),
(1953, ' F-0000926', 19, 12000.00, 1350, NULL),
(1954, ' F-0000926', 2, 12100.00, 2500, NULL),
(1955, ' F-0000926', 39, 12500.00, 250, NULL),
(1956, ' F-0000927', 19, 12000.00, 3049, NULL),
(1957, ' F-0000927', 2, 12100.00, 1925, NULL),
(1958, ' F-0000928', 2, 12100.00, 479, NULL),
(1959, ' F-0000928', 38, 12500.00, 166, NULL),
(1960, ' F-0000929', 19, 12000.00, 657, NULL),
(1961, ' F-0000929', 2, 12100.00, 500, NULL),
(1962, ' F-0000929', 39, 12500.00, 60, NULL),
(1963, ' F-0000930', 1, 12100.00, 830, NULL),
(1964, ' F-0000930', 2, 12100.00, 160, NULL),
(1965, ' F-0000931', 38, 12500.00, 100, NULL),
(1966, ' F-0000932', 10, 12130.00, 4081, NULL),
(1967, ' F-0000932', 10, 12130.00, 4100, NULL),
(1968, ' F-0000933', 2, 12110.00, 64, NULL),
(1969, ' F-0000933', 39, 12500.00, 10, NULL),
(1970, ' F-0000934', 2, 12100.00, 2012, NULL),
(1971, ' F-0000934', 38, 12500.00, 260, NULL),
(1972, ' F-0000935', 19, 12050.00, 185, NULL),
(1973, ' F-0000935', 38, 12500.00, 108, NULL),
(1974, ' F-0000936', 2, 12100.00, 645, NULL),
(1975, ' F-0000937', 10, 12130.00, 3900, NULL),
(1976, ' F-0000938', 19, 12000.00, 152, NULL),
(1977, ' F-0000939', 17, 12120.00, 4160, NULL),
(1978, ' F-0000940', 2, 12100.00, 1000, NULL),
(1979, ' F-0000940', 11, 12400.00, 300, NULL),
(1980, ' F-0000941', 18, 12272.00, 66, NULL),
(1981, ' F-0000942', 11, 12400.00, 100, NULL),
(1982, ' F-0000943', 10, 12120.00, 4034, NULL),
(1983, ' F-0000943', 10, 12120.00, 3982, NULL),
(1984, ' F-0000943', 10, 12120.00, 2011, NULL),
(1985, ' F-0000943', 18, 12120.00, 3952, NULL),
(1986, ' F-0000943', 18, 12120.00, 4003, NULL),
(1987, ' F-0000943', 18, 12120.00, 1970, NULL),
(1988, ' F-0000944', 2, 12080.00, 3992, NULL),
(1989, ' F-0000944', 1, 12080.00, 4069, NULL),
(1990, ' F-0000944', 1, 12080.00, 4069, NULL),
(1991, ' F-0000945', 10, 12120.00, 3971, NULL),
(1992, ' F-0000945', 10, 12120.00, 2078, NULL),
(1993, ' F-0000945', 18, 12120.00, 4069, NULL),
(1994, ' F-0000945', 18, 12120.00, 3958, NULL),
(1995, ' F-0000945', 18, 12120.00, 2067, NULL),
(1996, ' F-0000945', 10, 12120.00, 4304, NULL),
(1997, ' F-0000946', 18, 12150.00, 900, NULL),
(1998, ' F-0000946', 38, 12500.00, 100, NULL),
(1999, ' F-0000947', 19, 12000.00, 3000, NULL),
(2000, ' F-0000947', 2, 12100.00, 1254, NULL),
(2001, ' F-0000948', 10, 12130.00, 2063, NULL),
(2002, ' F-0000948', 17, 12130.00, 2080, NULL),
(2003, ' F-0000949', 10, 12150.00, 595, NULL),
(2004, ' F-0000949', 1, 12150.00, 405, NULL),
(2005, ' F-0000949', 2, 12150.00, 110, NULL),
(2006, ' F-0000949', 39, 12500.00, 160, NULL),
(2007, ' F-0000949', 18, 12150.00, 1390, NULL),
(2008, ' F-0000950', 26, 11950.00, 4022, NULL),
(2009, ' F-0000950', 26, 11950.00, 4020, NULL),
(2010, ' F-0000951', 19, 12000.00, 4078, NULL),
(2011, ' F-0000951', 2, 12100.00, 2044, NULL),
(2012, ' F-0000952', 19, 12150.00, 379, NULL),
(2013, ' F-0000952', 2, 12300.00, 321, NULL),
(2014, ' F-0000952', 39, 13000.00, 50, NULL),
(2015, ' F-0000953', 10, 12150.00, 900, NULL),
(2016, ' F-0000953', 18, 12150.00, 1200, NULL),
(2017, ' F-0000953', 39, 12500.00, 170, NULL),
(2018, ' F-0000954', 2, 12100.00, 1500, NULL),
(2019, ' F-0000954', 1, 12100.00, 1000, NULL),
(2020, ' F-0000954', 39, 12500.00, 172, NULL),
(2021, ' F-0000954', 12, 12500.00, 78, NULL),
(2022, ' F-0000955', 2, 12100.00, 525, NULL),
(2023, ' F-0000955', 12, 12500.00, 125, NULL),
(2024, ' F-0000956', 19, 12000.00, 607, NULL),
(2025, ' F-0000957', 18, 12150.00, 2792, NULL),
(2026, ' F-0000957', 2, 12150.00, 216, NULL),
(2027, ' F-0000957', 10, 12150.00, 1293, NULL),
(2028, ' F-0000957', 38, 12500.00, 750, NULL),
(2029, ' F-0000958', 17, 12130.00, 4144, NULL),
(2030, ' F-0000958', 38, 12130.00, 555, NULL),
(2031, ' F-0000959', 12, 12130.00, 500, NULL);

-- --------------------------------------------------------

--
-- Table structure for table `orders`
--

CREATE TABLE `orders` (
  `orderID` int(11) NOT NULL,
  `invoiceNo` varchar(40) COLLATE utf8_unicode_ci NOT NULL,
  `invoiceType` varchar(10) COLLATE utf8_unicode_ci NOT NULL,
  `custID` int(11) NOT NULL,
  `memberID` int(11) NOT NULL,
  `orderDate` date DEFAULT NULL,
  `amountPaid` decimal(10,2) DEFAULT NULL,
  `amountRemain` decimal(10,2) DEFAULT NULL,
  `paidDate` date DEFAULT NULL,
  `discount` decimal(10,2) DEFAULT NULL,
  `isPaid` varchar(10) COLLATE utf8_unicode_ci DEFAULT NULL,
  `totalAmountRemain` decimal(10,2) DEFAULT NULL,
  `total` decimal(10,2) DEFAULT NULL,
  `isReservation` tinyint(1) DEFAULT NULL,
  `reservID` int(11) NOT NULL
) ENGINE=InnoDB DEFAULT CHARSET=utf8 COLLATE=utf8_unicode_ci;

--
-- Dumping data for table `orders`
--

INSERT INTO `orders` (`orderID`, `invoiceNo`, `invoiceType`, `custID`, `memberID`, `orderDate`, `amountPaid`, `amountRemain`, `paidDate`, `discount`, `isPaid`, `totalAmountRemain`, `total`, `isReservation`, `reservID`) VALUES
(1, ' F-0000001', 'كاش', 18, 2, '2017-07-03', NULL, NULL, NULL, NULL, 'true', NULL, 1920.00, NULL, 0),
(2, ' F-0000002', 'كاش', 2, 2, '2017-07-03', NULL, NULL, NULL, NULL, 'true', NULL, 155421.20, NULL, 0),
(3, ' F-0000003', 'آجل', 2, 2, '2017-07-03', 78410.00, 18775.00, '2017-07-05', NULL, 'true', 0.00, 97185.00, NULL, 0),
(4, ' F-0000004', 'حجز', 27, 2, '2017-07-03', NULL, NULL, NULL, NULL, 'true', NULL, 29829.75, 1, 6),
(5, ' F-0000005', 'آجل', 2, 2, '2017-07-04', 61225.00, 47174.80, '2017-07-05', NULL, 'true', 0.00, 108399.80, NULL, 0),
(6, ' F-0000006', 'كاش', 45, 2, '2017-07-04', NULL, NULL, NULL, 27.00, 'true', NULL, 46900.50, NULL, 0),
(7, ' F-0000007', 'آجل', 1, 2, '2017-07-04', 0.00, 44560.95, '2017-07-05', NULL, 'true', 0.00, 44560.95, NULL, 0),
(8, ' F-0000008', 'كاش', 31, 2, '2017-07-04', NULL, NULL, NULL, NULL, 'true', NULL, 6420.00, NULL, 0),
(9, ' F-0000009', 'كاش', 46, 2, '2017-07-04', NULL, NULL, NULL, 3.00, 'true', NULL, 3560.10, NULL, 0),
(10, ' F-0000010', 'حجز', 44, 2, '2017-07-04', NULL, NULL, NULL, NULL, 'true', NULL, 14000.00, 1, 19),
(11, ' F-0000011', 'كاش', 47, 2, '2017-07-04', NULL, NULL, NULL, 3.00, 'true', NULL, 600.20, NULL, 0),
(12, ' F-0000012', 'آجل', 48, 2, '2017-07-04', 27600.00, 1600.00, '2017-07-05', 35.00, 'true', 0.00, 29200.00, NULL, 0),
(13, ' F-0000013', 'كاش', 49, 2, '2017-07-04', NULL, NULL, NULL, 5.00, 'true', NULL, 12900.00, NULL, 0),
(14, ' F-0000014', 'آجل', 32, 2, '2017-07-04', 5000.00, 1589.00, '2017-07-05', NULL, 'true', 0.00, 6589.00, NULL, 0),
(15, ' F-0000015', 'كاش', 50, 2, '2017-07-04', NULL, NULL, NULL, 3.00, 'true', NULL, 110340.60, NULL, 0),
(16, ' F-0000016', 'كاش', 51, 2, '2017-07-05', NULL, NULL, NULL, 69.00, 'true', NULL, 101600.90, NULL, 0),
(17, ' F-0000017', 'كاش', 52, 2, '2017-07-05', NULL, NULL, NULL, NULL, 'true', NULL, 2200.00, NULL, 0),
(18, ' F-0000018', 'كاش', 52, 2, '2017-07-05', NULL, NULL, NULL, 5.00, 'true', NULL, 804995.00, NULL, 0),
(19, ' F-0000019', 'كاش', 7, 2, '2017-07-05', NULL, NULL, NULL, 5.00, 'true', NULL, 800.00, NULL, 0),
(20, ' F-0000020', 'كاش', 53, 2, '2017-07-05', NULL, NULL, NULL, NULL, 'true', NULL, 15210.00, NULL, 0),
(21, ' F-0000021', 'كاش', 52, 2, '2017-07-05', NULL, NULL, NULL, NULL, 'true', NULL, 598.00, NULL, 0),
(22, ' F-0000022', 'كاش', 54, 2, '2017-07-05', NULL, NULL, NULL, 3.00, 'true', NULL, 59350.30, NULL, 0),
(23, ' F-0000023', 'حجز', 34, 2, '2017-07-05', NULL, NULL, NULL, NULL, 'true', NULL, 24217.00, 1, 13),
(24, ' F-0000024', 'حجز', 30, 2, '2017-07-05', NULL, NULL, NULL, NULL, 'true', NULL, 49000.00, 1, 9),
(25, ' F-0000025', 'كاش', 35, 2, '2017-07-05', NULL, NULL, NULL, 20.00, 'true', NULL, 32450.00, NULL, 0),
(26, ' F-0000026', 'كاش', 26, 2, '2017-07-05', NULL, NULL, NULL, 16.00, 'true', NULL, 800.50, NULL, 0),
(27, ' F-0000027', 'آجل', 2, 2, '2017-07-06', 0.00, 107178.05, '2017-07-07', NULL, 'true', 0.00, 107178.05, NULL, 0),
(28, ' F-0000028', 'حجز', 34, 2, '2017-07-06', NULL, NULL, NULL, NULL, 'true', NULL, 55283.00, 1, 13),
(29, ' F-0000029', 'كاش', 53, 2, '2017-07-06', NULL, NULL, NULL, NULL, 'true', NULL, 15270.00, NULL, 0),
(30, ' F-0000030', 'كاش', 56, 2, '2017-07-06', NULL, NULL, NULL, 8.00, 'true', NULL, 11201.00, NULL, 0),
(31, ' F-0000031', 'كاش', 57, 2, '2017-07-06', NULL, NULL, NULL, 50.00, 'true', NULL, 26450.00, NULL, 0),
(32, ' F-0000032', 'كاش', 58, 2, '2017-07-06', NULL, NULL, NULL, 50.00, 'true', NULL, 20900.00, NULL, 0),
(33, ' F-0000033', 'كاش', 59, 2, '2017-07-06', NULL, NULL, NULL, NULL, 'true', NULL, 17100.00, NULL, 0),
(34, ' F-0000034', 'كاش', 62, 2, '2017-07-06', NULL, NULL, NULL, NULL, 'true', NULL, 23100.00, NULL, 0),
(35, ' F-0000035', 'كاش', 63, 2, '2017-07-06', NULL, NULL, NULL, 25.00, 'true', NULL, 35850.00, NULL, 0),
(36, ' F-0000036', 'كاش', 60, 2, '2017-07-06', NULL, NULL, NULL, NULL, 'true', NULL, 20391.30, NULL, 0),
(37, ' F-0000037', 'كاش', 64, 2, '2017-07-07', NULL, NULL, NULL, NULL, 'true', NULL, 12940.00, NULL, 0),
(38, ' F-0000038', 'كاش', 65, 2, '2017-07-07', NULL, NULL, NULL, NULL, 'true', NULL, 3185.00, NULL, 0),
(39, ' F-0000039', 'حجز', 60, 2, '2017-07-07', NULL, NULL, NULL, NULL, 'true', NULL, 40700.00, 1, 21),
(40, ' F-0000040', 'كاش', 66, 2, '2017-07-07', NULL, NULL, NULL, 10.00, 'true', NULL, 26100.00, NULL, 0),
(41, ' F-0000041', 'حجز', 19, 2, '2017-07-08', NULL, NULL, NULL, NULL, 'true', NULL, 35055.00, 1, 11),
(42, ' F-0000042', 'كاش', 67, 2, '2017-07-08', NULL, NULL, NULL, 1.00, 'true', NULL, 7840.00, NULL, 0),
(43, ' F-0000043', 'آجل', 1, 2, '2017-07-08', 0.00, 85974.15, '2017-07-08', NULL, 'false', 35781.00, 85974.15, NULL, 0),
(44, ' F-0000044', 'كاش', 70, 2, '2017-07-08', NULL, NULL, NULL, 2.00, 'true', NULL, 36910.50, NULL, 0),
(45, ' F-0000045', 'حجز', 9, 2, '2017-07-08', NULL, NULL, NULL, NULL, 'true', NULL, 36287.41, 1, 3),
(46, ' F-0000046', 'كاش', 23, 2, '2017-07-08', NULL, NULL, NULL, NULL, 'true', NULL, 204.00, NULL, 0),
(47, ' F-0000047', 'كاش', 68, 2, '2017-07-08', NULL, NULL, NULL, 16.00, 'true', NULL, 175500.16, NULL, 0),
(48, ' F-0000048', 'كاش', 19, 2, '2017-07-08', NULL, NULL, NULL, NULL, 'true', NULL, 43545.50, NULL, 0),
(49, ' F-0000049', 'كاش', 71, 2, '2017-07-08', NULL, NULL, NULL, NULL, 'true', NULL, 11000.00, NULL, 0),
(50, ' F-0000050', 'كاش', 72, 2, '2017-07-08', NULL, NULL, NULL, NULL, 'true', NULL, 15988.00, NULL, 0),
(51, ' F-0000051', 'كاش', 16, 2, '2017-07-08', NULL, NULL, NULL, 113.00, 'true', NULL, 28000.00, NULL, 0),
(52, ' F-0000052', 'آجل', 2, 2, '2017-07-08', 80000.00, 72706.45, '2017-07-09', NULL, 'true', 0.00, 152706.45, NULL, 0),
(53, ' F-0000053', 'كاش', 73, 2, '2017-07-09', NULL, NULL, NULL, NULL, 'true', NULL, 22000.00, NULL, 0),
(54, ' F-0000054', 'كاش', 73, 2, '2017-07-09', NULL, NULL, NULL, 50.00, 'true', NULL, 22200.00, NULL, 0),
(55, ' F-0000055', 'كاش', 9, 2, '2017-07-09', NULL, NULL, NULL, 25.00, 'true', NULL, 56500.00, NULL, 0),
(56, ' F-0000056', 'كاش', 68, 2, '2017-07-09', NULL, NULL, NULL, NULL, 'true', NULL, 149999.48, NULL, 0),
(57, ' F-0000057', 'كاش', 47, 2, '2017-07-09', NULL, NULL, NULL, NULL, 'true', NULL, 230.00, NULL, 0),
(58, ' F-0000058', 'كاش', 19, 2, '2017-07-09', NULL, NULL, NULL, 11.00, 'true', NULL, 33200.35, NULL, 0),
(59, ' F-0000059', 'كاش', 65, 2, '2017-07-09', NULL, NULL, NULL, NULL, 'true', NULL, 195.00, NULL, 0),
(60, ' F-0000060', 'كاش', 74, 2, '2017-07-09', NULL, NULL, NULL, 53.00, 'true', NULL, 18680.00, NULL, 0),
(61, ' F-0000061', 'كاش', 26, 2, '2017-07-09', NULL, NULL, NULL, NULL, 'true', NULL, 1529.00, NULL, 0),
(62, ' F-0000062', 'كاش', 75, 2, '2017-07-09', NULL, NULL, NULL, NULL, 'true', NULL, 15246.00, NULL, 0),
(63, ' F-0000063', 'كاش', 76, 2, '2017-07-09', NULL, NULL, NULL, NULL, 'true', NULL, 2035.00, NULL, 0),
(64, ' F-0000064', 'حجز', 39, 2, '2017-07-09', NULL, NULL, NULL, NULL, 'true', NULL, 30300.00, 1, 18),
(65, ' F-0000065', 'آجل', 19, 2, '2017-07-09', 0.00, 65300.80, '2017-07-10', 5.00, 'true', 0.00, 65300.80, NULL, 0),
(66, ' F-0000066', 'آجل', 77, 2, '2017-07-09', 7000.00, 300.00, '2017-07-10', 4.00, 'true', 0.00, 7300.00, NULL, 0),
(67, ' F-0000067', 'كاش', 78, 2, '2017-07-09', NULL, NULL, NULL, NULL, 'true', NULL, 38600.00, NULL, 0),
(68, ' F-0000068', 'كاش', 80, 2, '2017-07-10', NULL, NULL, NULL, NULL, 'true', NULL, 44895.00, NULL, 0),
(69, ' F-0000069', 'حجز', 60, 2, '2017-07-10', NULL, NULL, NULL, NULL, 'true', NULL, 14950.00, 1, 21),
(70, ' F-0000070', 'كاش', 82, 2, '2017-07-10', NULL, NULL, NULL, NULL, 'true', NULL, 27600.00, NULL, 0),
(71, ' F-0000071', 'كاش', 83, 2, '2017-07-10', NULL, NULL, NULL, NULL, 'true', NULL, 4192.00, NULL, 0),
(72, ' F-0000072', 'كاش', 84, 2, '2017-07-11', NULL, NULL, NULL, NULL, 'true', NULL, 7851.00, NULL, 0),
(73, ' F-0000073', 'كاش', 84, 2, '2017-07-11', NULL, NULL, NULL, NULL, 'true', NULL, 1650.00, NULL, 0),
(74, ' F-0000074', 'كاش', 85, 2, '2017-07-11', NULL, NULL, NULL, NULL, 'true', NULL, 24750.00, NULL, 0),
(75, ' F-0000075', 'كاش', 8, 2, '2017-07-11', NULL, NULL, NULL, NULL, 'true', NULL, 5359.44, NULL, 0),
(76, ' F-0000076', 'كاش', 86, 2, '2017-07-11', NULL, NULL, NULL, 13.00, 'true', NULL, 17000.50, NULL, 0),
(77, ' F-0000077', 'كاش', 87, 2, '2017-07-12', NULL, NULL, NULL, NULL, 'true', NULL, 52811.60, NULL, 0),
(78, ' F-0000078', 'كاش', 60, 2, '2017-07-12', NULL, NULL, NULL, NULL, 'true', NULL, 1840.00, NULL, 0),
(79, ' F-0000079', 'كاش', 89, 2, '2017-07-12', NULL, NULL, NULL, 2.00, 'true', NULL, 27800.40, NULL, 0),
(80, ' F-0000080', 'كاش', 70, 2, '2017-07-12', NULL, NULL, NULL, 24.00, 'true', NULL, 54400.00, NULL, 0),
(81, ' F-0000081', 'حجز', 19, 2, '2017-07-12', NULL, NULL, NULL, NULL, 'true', NULL, 5296.10, 1, 11),
(82, ' F-0000082', 'كاش', 51, 2, '2017-07-12', NULL, NULL, NULL, 3.00, 'true', NULL, 86635.35, NULL, 0),
(83, ' F-0000083', 'كاش', 90, 2, '2017-07-12', NULL, NULL, NULL, 35.00, 'true', NULL, 87600.45, NULL, 0),
(84, ' F-0000084', 'كاش', 91, 2, '2017-07-12', NULL, NULL, NULL, NULL, 'true', NULL, 16500.00, NULL, 0),
(85, ' F-0000085', 'كاش', 25, 2, '2017-07-12', NULL, NULL, NULL, NULL, 'true', NULL, 2029.30, NULL, 0),
(86, ' F-0000086', 'كاش', 70, 2, '2017-07-12', NULL, NULL, NULL, NULL, 'true', NULL, 660.00, NULL, 0),
(87, ' F-0000087', 'حجز', 33, 2, '2017-07-12', NULL, NULL, NULL, 6.00, 'true', NULL, 179200.00, 1, 12),
(88, ' F-0000088', 'كاش', 92, 2, '2017-07-12', NULL, NULL, NULL, NULL, 'true', NULL, 33245.00, NULL, 0),
(89, ' F-0000089', 'كاش', 93, 2, '2017-07-12', NULL, NULL, NULL, NULL, 'true', NULL, 39900.00, NULL, 0),
(90, ' F-0000090', 'حجز', 36, 2, '2017-07-13', NULL, NULL, NULL, 50.00, 'true', NULL, 57300.00, 1, 15),
(91, ' F-0000091', 'حجز', 5, 2, '2017-07-13', NULL, NULL, NULL, NULL, 'true', NULL, 167150.25, 1, 1),
(92, ' F-0000092', 'كاش', 66, 2, '2017-07-13', NULL, NULL, NULL, 28.00, 'true', NULL, 33300.00, NULL, 0),
(93, ' F-0000093', 'آجل', 2, 2, '2017-07-13', 55942.00, 100924.60, '2017-07-14', NULL, 'true', 0.00, 156866.60, NULL, 0),
(94, ' F-0000094', 'كاش', 91, 2, '2017-07-13', NULL, NULL, NULL, NULL, 'true', NULL, 468.00, NULL, 0),
(95, ' F-0000095', 'كاش', 94, 2, '2017-07-13', NULL, NULL, NULL, 4.00, 'true', NULL, 26540.00, NULL, 0),
(96, ' F-0000096', 'حجز', 5, 2, '2017-07-14', NULL, NULL, NULL, NULL, 'true', NULL, 44504.70, 1, 1),
(97, ' F-0000097', 'كاش', 33, 2, '2017-07-14', NULL, NULL, NULL, NULL, 'true', NULL, 20900.00, NULL, 0),
(98, ' F-0000098', 'كاش', 68, 2, '2017-07-15', NULL, NULL, NULL, 20.00, 'true', NULL, 140500.64, NULL, 0),
(99, ' F-0000099', 'كاش', 96, 2, '2017-07-15', NULL, NULL, NULL, NULL, 'true', NULL, 16550.00, NULL, 0),
(100, ' F-0000100', 'كاش', 86, 2, '2017-07-15', NULL, NULL, NULL, 3.00, 'true', NULL, 13780.00, NULL, 0),
(101, ' F-0000101', 'كاش', 97, 2, '2017-07-15', NULL, NULL, NULL, NULL, 'true', NULL, 32945.00, NULL, 0),
(102, ' F-0000102', 'حجز', 81, 2, '2017-07-15', NULL, NULL, NULL, NULL, 'true', NULL, 48609.00, 1, 23),
(103, ' F-0000103', 'كاش', 19, 2, '2017-07-16', NULL, NULL, NULL, 1.00, 'true', NULL, 7215.05, NULL, 0),
(104, ' F-0000104', 'كاش', 98, 2, '2017-07-16', NULL, NULL, NULL, 2.00, 'true', NULL, 3520.72, NULL, 0),
(105, ' F-0000105', 'كاش', 98, 2, '2017-07-16', NULL, NULL, NULL, NULL, 'true', NULL, 1799.98, NULL, 0),
(106, ' F-0000106', 'كاش', 37, 2, '2017-07-16', NULL, NULL, NULL, NULL, 'true', NULL, 14737.50, NULL, 0),
(107, ' F-0000107', 'كاش', 99, 2, '2017-07-16', NULL, NULL, NULL, 32.00, 'true', NULL, 22100.00, NULL, 0),
(108, ' F-0000108', 'آجل', 2, 2, '2017-07-16', 9976.00, 169149.88, '2017-07-17', NULL, 'true', 0.00, 179125.88, NULL, 0),
(109, ' F-0000109', 'كاش', 37, 2, '2017-07-16', NULL, NULL, NULL, 3.00, 'true', NULL, 85.00, NULL, 0),
(110, ' F-0000110', 'كاش', 30, 2, '2017-07-16', NULL, NULL, NULL, 3.00, 'true', NULL, 7385.50, NULL, 0),
(111, ' F-0000111', 'كاش', 16, 2, '2017-07-16', NULL, NULL, NULL, NULL, 'true', NULL, 250.03, NULL, 0),
(113, ' F-0000112', 'كاش', 100, 2, '2017-07-16', NULL, NULL, NULL, 3.00, 'true', NULL, 377360.00, NULL, 0),
(114, ' F-0000114', 'كاش', 101, 2, '2017-07-16', NULL, NULL, NULL, NULL, 'true', NULL, 6537.00, NULL, 0),
(115, ' F-0000115', 'كاش', 77, 2, '2017-07-17', NULL, NULL, NULL, NULL, 'true', NULL, 90.00, NULL, 0),
(116, ' F-0000116', 'كاش', 37, 2, '2017-07-17', NULL, NULL, NULL, NULL, 'true', NULL, 2598.75, NULL, 0),
(117, ' F-0000117', 'كاش', 37, 2, '2017-07-17', NULL, NULL, NULL, NULL, 'true', NULL, 84.98, NULL, 0),
(118, ' F-0000118', 'آجل', 102, 2, '2017-07-17', 3000.00, 586.00, '2017-07-18', NULL, 'true', 0.00, 3586.00, NULL, 0),
(119, ' F-0000119', 'كاش', 103, 2, '2017-07-17', NULL, NULL, NULL, 1.00, 'true', NULL, 2195.50, NULL, 0),
(120, ' F-0000120', 'كاش', 104, 2, '2017-07-18', NULL, NULL, NULL, NULL, 'true', NULL, 16350.00, NULL, 0),
(121, ' F-0000121', 'كاش', 37, 2, '2017-07-18', NULL, NULL, NULL, NULL, 'true', NULL, 259.60, NULL, 0),
(122, ' F-0000122', 'كاش', 105, 2, '2017-07-18', NULL, NULL, NULL, 3.00, 'true', NULL, 1610.20, NULL, 0),
(123, ' F-0000123', 'كاش', 52, 2, '2017-07-18', NULL, NULL, NULL, 3.00, 'true', NULL, 1350.00, NULL, 0),
(124, ' F-0000124', 'حجز', 5, 2, '2017-07-18', NULL, NULL, NULL, NULL, 'true', NULL, 44570.10, 1, 1),
(125, ' F-0000125', 'كاش', 9, 2, '2017-07-18', NULL, NULL, NULL, 8.00, 'true', NULL, 22550.75, NULL, 0),
(126, ' F-0000126', 'كاش', 106, 2, '2017-07-18', NULL, NULL, NULL, 17.00, 'true', NULL, 19200.50, NULL, 0),
(127, ' F-0000127', 'كاش', 77, 2, '2017-07-18', NULL, NULL, NULL, NULL, 'true', NULL, 990.00, NULL, 0),
(128, ' F-0000128', 'كاش', 33, 2, '2017-07-18', NULL, NULL, NULL, NULL, 'true', NULL, 63775.90, NULL, 0),
(129, ' F-0000129', 'حجز', 107, 2, '2017-07-19', NULL, NULL, NULL, 10.00, 'true', NULL, 22950.00, 1, 28),
(130, ' F-0000130', 'كاش', 108, 2, '2017-07-19', NULL, NULL, NULL, NULL, 'true', NULL, 23449.00, NULL, 0),
(131, ' F-0000131', 'كاش', 109, 2, '2017-07-19', NULL, NULL, NULL, 34.00, 'true', NULL, 3991.00, NULL, 0),
(132, ' F-0000132', 'كاش', 110, 2, '2017-07-19', NULL, NULL, NULL, NULL, 'true', NULL, 949.88, NULL, 0),
(133, ' F-0000133', 'حجز', 5, 2, '2017-07-20', NULL, NULL, NULL, NULL, 'true', NULL, 61639.50, 1, 1),
(134, ' F-0000134', 'كاش', 77, 2, '2017-07-20', NULL, NULL, NULL, NULL, 'true', NULL, 230.00, NULL, 0),
(135, ' F-0000135', 'كاش', 37, 2, '2017-07-20', NULL, NULL, NULL, NULL, 'true', NULL, 1198.00, NULL, 0),
(136, ' F-0000136', 'كاش', 84, 2, '2017-07-20', NULL, NULL, NULL, 40.00, 'true', NULL, 13000.40, NULL, 0),
(137, ' F-0000137', 'كاش', 111, 2, '2017-07-20', NULL, NULL, NULL, NULL, 'true', NULL, 11785.00, NULL, 0),
(138, ' F-0000138', 'كاش', 51, 2, '2017-07-22', NULL, NULL, NULL, 1.00, 'true', NULL, 100330.95, NULL, 0),
(139, ' F-0000139', 'كاش', 112, 2, '2017-07-22', NULL, NULL, NULL, NULL, 'true', NULL, 5446.70, NULL, 0),
(140, ' F-0000140', 'كاش', 113, 2, '2017-07-22', NULL, NULL, NULL, NULL, 'true', NULL, 19250.57, NULL, 0),
(141, ' F-0000141', 'كاش', 2, 2, '2017-07-22', NULL, NULL, NULL, NULL, 'true', NULL, 240503.20, NULL, 0),
(142, ' F-0000142', 'كاش', 33, 2, '2017-07-22', NULL, NULL, NULL, NULL, 'true', NULL, 26495.70, NULL, 0),
(143, ' F-0000143', 'كاش', 115, 2, '2017-07-22', NULL, NULL, NULL, 2.00, 'true', NULL, 62445.50, NULL, 0),
(144, ' F-0000144', 'كاش', 116, 2, '2017-07-22', NULL, NULL, NULL, NULL, 'true', NULL, 23295.00, NULL, 0),
(145, ' F-0000145', 'كاش', 114, 2, '2017-07-23', NULL, NULL, NULL, NULL, 'true', NULL, 6889.75, NULL, 0),
(146, ' F-0000146', 'كاش', 117, 2, '2017-07-23', NULL, NULL, NULL, NULL, 'true', NULL, 4000.14, NULL, 0),
(147, ' F-0000147', 'كاش', 118, 2, '2017-07-23', NULL, NULL, NULL, 11.00, 'true', NULL, 3700.50, NULL, 0),
(148, ' F-0000148', 'آجل', 68, 2, '2017-07-23', 130250.00, 10000.86, '2017-07-23', 9.00, 'true', 0.00, 140250.86, NULL, 0),
(149, ' F-0000149', 'كاش', 119, 2, '2017-07-23', NULL, NULL, NULL, 10.00, 'true', NULL, 28200.00, NULL, 0),
(150, ' F-0000150', 'كاش', 116, 2, '2017-07-23', NULL, NULL, NULL, NULL, 'true', NULL, 730.05, NULL, 0),
(151, ' F-0000151', 'كاش', 120, 2, '2017-07-24', NULL, NULL, NULL, NULL, 'true', NULL, 5650.00, NULL, 0),
(152, ' F-0000152', 'كاش', 37, 2, '2017-07-24', NULL, NULL, NULL, NULL, 'true', NULL, 699.96, NULL, 0),
(153, ' F-0000153', 'كاش', 117, 2, '2017-07-24', NULL, NULL, NULL, NULL, 'true', NULL, 39996.25, NULL, 0),
(154, ' F-0000154', 'كاش', 117, 2, '2017-07-24', NULL, NULL, NULL, NULL, 'true', NULL, 5083.75, NULL, 0),
(155, ' F-0000155', 'كاش', 93, 2, '2017-07-24', NULL, NULL, NULL, NULL, 'true', NULL, 1650.00, NULL, 0),
(156, ' F-0000156', 'آجل', 2, 2, '2017-07-24', 52348.00, 168484.00, '2017-07-24', NULL, 'true', 0.00, 220832.00, NULL, 0),
(157, ' F-0000157', 'كاش', 121, 2, '2017-07-24', NULL, NULL, NULL, 2.00, 'true', NULL, 24900.50, NULL, 0),
(158, ' F-0000158', 'كاش', 122, 2, '2017-07-25', NULL, NULL, NULL, NULL, 'true', NULL, 2977.75, NULL, 0),
(159, ' F-0000159', 'كاش', 123, 2, '2017-07-25', NULL, NULL, NULL, NULL, 'true', NULL, 4578.70, NULL, 0),
(160, ' F-0000160', 'كاش', 123, 2, '2017-07-25', NULL, NULL, NULL, NULL, 'true', NULL, 13996.50, NULL, 0),
(161, ' F-0000161', 'كاش', 84, 2, '2017-07-25', NULL, NULL, NULL, NULL, 'true', NULL, 575.00, NULL, 0),
(162, ' F-0000162', 'حجز', 9, 2, '2017-07-25', NULL, NULL, NULL, NULL, 'true', NULL, 31880.48, 1, 25),
(163, ' F-0000163', 'كاش', 125, 2, '2017-07-26', NULL, NULL, NULL, 1.00, 'true', NULL, 9165.90, NULL, 0),
(164, ' F-0000164', 'كاش', 51, 2, '2017-07-26', NULL, NULL, NULL, 12.00, 'true', NULL, 96950.40, NULL, 0),
(165, ' F-0000165', 'كاش', 126, 2, '2017-07-26', NULL, NULL, NULL, 9.00, 'true', NULL, 9700.20, NULL, 0),
(166, ' F-0000166', 'آجل', 2, 2, '2017-07-26', 0.00, 173536.00, '2017-07-27', NULL, 'true', 0.00, 173536.00, NULL, 0),
(167, ' F-0000167', 'كاش', 127, 2, '2017-07-26', NULL, NULL, NULL, NULL, 'true', NULL, 6925.70, NULL, 0),
(168, ' F-0000168', 'كاش', 112, 2, '2017-07-26', NULL, NULL, NULL, NULL, 'true', NULL, 9146.50, NULL, 0),
(169, ' F-0000169', 'كاش', 66, 2, '2017-07-26', NULL, NULL, NULL, 15.00, 'true', NULL, 14780.00, NULL, 0),
(170, ' F-0000170', 'حجز', 38, 2, '2017-07-26', NULL, NULL, NULL, 25.00, 'true', NULL, 31150.00, 1, 17),
(171, ' F-0000171', 'كاش', 33, 2, '2017-07-26', NULL, NULL, NULL, 41.00, 'true', NULL, 43500.05, NULL, 0),
(172, ' F-0000172', 'كاش', 37, 2, '2017-07-26', NULL, NULL, NULL, NULL, 'true', NULL, 1449.91, NULL, 0),
(173, ' F-0000173', 'آجل', 19, 2, '2017-07-26', 0.00, 45025.40, '2017-07-27', 1.00, 'true', 0.00, 45025.40, NULL, 0),
(174, ' F-0000174', 'كاش', 128, 2, '2017-07-27', NULL, NULL, NULL, 15.00, 'true', NULL, 32600.00, NULL, 0),
(175, ' F-0000175', 'كاش', 112, 2, '2017-07-27', NULL, NULL, NULL, NULL, 'true', NULL, 499.97, NULL, 0),
(176, ' F-0000176', 'آجل', 129, 2, '2017-07-27', 0.00, 165.00, '2017-07-28', NULL, 'true', 0.00, 165.00, NULL, 0),
(177, ' F-0000177', 'كاش', 126, 2, '2017-07-27', NULL, NULL, NULL, 1.00, 'true', NULL, 11865.70, NULL, 0),
(178, ' F-0000178', 'آجل', 115, 2, '2017-07-27', 85000.00, 3192.80, '2017-07-28', NULL, 'true', 0.00, 88192.80, NULL, 0),
(179, ' F-0000179', 'كاش', 81, 2, '2017-07-27', NULL, NULL, NULL, NULL, 'true', NULL, 20570.00, NULL, 0),
(180, ' F-0000180', 'آجل', 81, 2, '2017-07-27', 0.00, 615.00, '2017-07-29', 1.00, 'true', 0.00, 615.00, NULL, 0),
(181, ' F-0000181', 'كاش', 77, 2, '2017-07-27', NULL, NULL, NULL, 2.00, 'true', NULL, 1090.50, NULL, 0),
(182, ' F-0000182', 'كاش', 19, 2, '2017-07-27', NULL, NULL, NULL, 7.00, 'true', NULL, 37050.20, NULL, 0),
(183, ' F-0000183', 'كاش', 130, 2, '2017-07-27', NULL, NULL, NULL, NULL, 'true', NULL, 22100.00, NULL, 0),
(184, ' F-0000184', 'كاش', 131, 2, '2017-07-28', NULL, NULL, NULL, 8.00, 'true', NULL, 14060.17, NULL, 0),
(185, ' F-0000185', 'كاش', 52, 2, '2017-07-28', NULL, NULL, NULL, 6.00, 'true', NULL, 10800.60, NULL, 0),
(186, ' F-0000186', 'كاش', 128, 2, '2017-07-29', NULL, NULL, NULL, 3.00, 'true', NULL, 4130.85, NULL, 0),
(187, ' F-0000187', 'كاش', 80, 2, '2017-07-29', NULL, NULL, NULL, NULL, 'true', NULL, 43999.20, NULL, 0),
(188, ' F-0000188', 'كاش', 65, 2, '2017-07-29', NULL, NULL, NULL, NULL, 'true', NULL, 1669.87, NULL, 0),
(189, ' F-0000189', 'كاش', 26, 2, '2017-07-29', NULL, NULL, NULL, 3.00, 'true', NULL, 250.00, NULL, 0),
(190, ' F-0000190', 'كاش', 112, 2, '2017-07-29', NULL, NULL, NULL, 8.00, 'true', NULL, 4080.25, NULL, 0),
(191, ' F-0000191', 'كاش', 132, 2, '2017-07-29', NULL, NULL, NULL, 5.00, 'true', NULL, 51000.00, NULL, 0),
(192, ' F-0000192', 'كاش', 115, 2, '2017-07-29', NULL, NULL, NULL, 5.00, 'true', NULL, 66810.91, NULL, 0),
(193, ' F-0000193', 'كاش', 45, 2, '2017-07-29', NULL, NULL, NULL, NULL, 'true', NULL, 5500.95, NULL, 0),
(194, ' F-0000194', 'كاش', 133, 2, '2017-07-29', NULL, NULL, NULL, 56.00, 'true', NULL, 7900.20, NULL, 0),
(195, ' F-0000195', 'حجز', 5, 2, '2017-07-30', NULL, NULL, NULL, NULL, 'true', NULL, 53823.00, 1, 1),
(196, ' F-0000196', 'كاش', 37, 2, '2017-07-30', NULL, NULL, NULL, 50.00, 'true', NULL, 23350.50, NULL, 0),
(197, ' F-0000197', 'حجز', 45, 2, '2017-07-30', NULL, NULL, NULL, 25.00, 'true', NULL, 13650.00, 1, 34),
(198, ' F-0000198', 'آجل', 81, 2, '2017-07-30', 0.00, 1150.00, '2017-07-31', NULL, 'true', 0.00, 1150.00, NULL, 0),
(199, ' F-0000199', 'آجل', 2, 2, '2017-07-30', 0.00, 177663.97, '2017-07-31', NULL, 'true', 0.00, 177663.97, NULL, 0),
(200, ' F-0000200', 'كاش', 126, 2, '2017-07-30', NULL, NULL, NULL, NULL, 'true', NULL, 2580.55, NULL, 0),
(201, ' F-0000201', 'كاش', 135, 2, '2017-07-30', NULL, NULL, NULL, NULL, 'true', NULL, 27350.00, NULL, 0),
(202, ' F-0000202', 'كاش', 131, 2, '2017-07-30', NULL, NULL, NULL, 3.00, 'true', NULL, 5400.30, NULL, 0),
(203, ' F-0000203', 'آجل', 115, 2, '2017-07-30', 60000.00, 6112.65, '2017-07-31', NULL, 'true', 0.00, 66112.65, NULL, 0),
(204, ' F-0000204', 'كاش', 0, 2, '2017-07-31', NULL, NULL, NULL, NULL, 'true', NULL, 4000.50, NULL, 0),
(205, ' F-0000205', 'كاش', 109, 2, '2017-07-31', NULL, NULL, NULL, NULL, 'true', NULL, 11400.00, NULL, 0),
(206, ' F-0000206', 'حجز', 9, 2, '2017-07-31', NULL, NULL, NULL, 6.00, 'true', NULL, 13703.14, 1, 3),
(207, ' F-0000207', 'كاش', 70, 2, '2017-07-31', NULL, NULL, NULL, 10.00, 'true', NULL, 53350.00, NULL, 0),
(208, ' F-0000208', 'كاش', 51, 2, '2017-07-31', NULL, NULL, NULL, NULL, 'true', NULL, 99078.45, NULL, 0),
(209, ' F-0000209', 'كاش', 52, 2, '2017-07-31', NULL, NULL, NULL, 6.00, 'true', NULL, 3180.60, NULL, 0),
(210, ' F-0000210', 'كاش', 137, 2, '2017-07-31', NULL, NULL, NULL, NULL, 'true', NULL, 34060.00, NULL, 0),
(211, ' F-0000211', 'كاش', 19, 2, '2017-07-31', NULL, NULL, NULL, 2.00, 'true', NULL, 66730.15, NULL, 0),
(212, ' F-0000212', 'كاش', 95, 2, '2017-07-31', NULL, NULL, NULL, 1.00, 'true', NULL, 109970.30, NULL, 0),
(213, ' F-0000213', 'كاش', 138, 2, '2017-08-01', NULL, NULL, NULL, 1.50, 'true', NULL, 620.00, NULL, 0),
(214, ' F-0000214', 'كاش', 139, 2, '2017-08-01', NULL, NULL, NULL, NULL, 'true', NULL, 230.00, NULL, 0),
(215, ' F-0000215', 'كاش', 60, 2, '2017-08-01', NULL, NULL, NULL, 25.00, 'true', NULL, 38300.00, NULL, 0),
(216, ' F-0000216', 'كاش', 126, 2, '2017-08-01', NULL, NULL, NULL, NULL, 'true', NULL, 749.86, NULL, 0),
(217, ' F-0000217', 'كاش', 51, 2, '2017-08-01', NULL, NULL, NULL, 100.00, 'true', NULL, 94939.90, NULL, 0),
(218, ' F-0000218', 'كاش', 77, 2, '2017-08-01', NULL, NULL, NULL, 5.00, 'true', NULL, 570.00, NULL, 0),
(219, ' F-0000219', 'حجز', 5, 2, '2017-08-01', NULL, NULL, NULL, NULL, 'true', NULL, 21985.30, 1, 1),
(220, ' F-0000220', 'كاش', 123, 2, '2017-08-02', NULL, NULL, NULL, 20.00, 'true', NULL, 8730.00, NULL, 0),
(221, ' F-0000221', 'كاش', 138, 2, '2017-08-02', NULL, NULL, NULL, NULL, 'true', NULL, 540.00, NULL, 0),
(222, ' F-0000222', 'كاش', 140, 2, '2017-08-02', NULL, NULL, NULL, 2.00, 'true', NULL, 240.00, NULL, 0),
(223, ' F-0000223', 'كاش', 10, 2, '2017-08-02', NULL, NULL, NULL, NULL, 'true', NULL, 4895.10, NULL, 0),
(224, ' F-0000224', 'كاش', 141, 2, '2017-08-02', NULL, NULL, NULL, 26.00, 'true', NULL, 18600.25, NULL, 0),
(225, ' F-0000225', 'كاش', 110, 2, '2017-08-02', NULL, NULL, NULL, NULL, 'true', NULL, 4818.00, NULL, 0),
(226, ' F-0000226', 'كاش', 8, 2, '2017-08-02', NULL, NULL, NULL, 57.00, 'true', NULL, 20200.50, NULL, 0),
(227, ' F-0000227', 'كاش', 142, 2, '2017-08-02', NULL, NULL, NULL, NULL, 'true', NULL, 13300.00, NULL, 0),
(228, ' F-0000228', 'آجل', 19, 2, '2017-08-02', 0.00, 44080.70, '2017-08-03', 4.00, 'true', 0.00, 44080.70, NULL, 0),
(229, ' F-0000229', 'كاش', 17, 2, '2017-08-03', NULL, NULL, NULL, 6.00, 'true', NULL, 6000.45, NULL, 0),
(230, ' F-0000230', 'كاش', 37, 2, '2017-08-03', NULL, NULL, NULL, 5.00, 'true', NULL, 8200.00, NULL, 0),
(231, ' F-0000231', 'كاش', 143, 2, '2017-08-03', NULL, NULL, NULL, 55.00, 'true', NULL, 17000.00, NULL, 0),
(232, ' F-0000232', 'كاش', 77, 2, '2017-08-03', NULL, NULL, NULL, NULL, 'true', NULL, 519.98, NULL, 0),
(233, ' F-0000233', 'كاش', 70, 2, '2017-08-03', NULL, NULL, NULL, NULL, 'true', NULL, 5490.00, NULL, 0),
(234, ' F-0000234', 'كاش', 70, 2, '2017-08-03', NULL, NULL, NULL, 1.00, 'true', NULL, 25190.50, NULL, 0),
(235, ' F-0000235', 'كاش', 70, 2, '2017-08-03', NULL, NULL, NULL, NULL, 'true', NULL, 82250.00, NULL, 0),
(236, ' F-0000236', 'كاش', 140, 2, '2017-08-03', NULL, NULL, NULL, NULL, 'true', NULL, 469.98, NULL, 0),
(237, ' F-0000237', 'آجل', 115, 2, '2017-08-04', 52850.00, 1473.00, '2017-08-05', NULL, 'true', 0.00, 54323.00, NULL, 0),
(238, ' F-0000238', 'كاش', 144, 2, '2017-08-04', NULL, NULL, NULL, 1.00, 'true', NULL, 1580.20, NULL, 0),
(239, ' F-0000239', 'كاش', 145, 2, '2017-08-04', NULL, NULL, NULL, 26.00, 'true', NULL, 76450.40, NULL, 0),
(240, ' F-0000240', 'آجل', 10, 2, '2017-08-05', 0.00, 2875.00, '2017-08-05', NULL, 'false', 2875.00, 2875.00, NULL, 0),
(241, ' F-0000241', 'كاش', 146, 2, '2017-08-05', NULL, NULL, NULL, 1.00, 'true', NULL, 46650.00, NULL, 0),
(242, ' F-0000242', 'كاش', 126, 2, '2017-08-05', NULL, NULL, NULL, 3.00, 'true', NULL, 165.00, NULL, 0),
(243, ' F-0000243', 'كاش', 147, 2, '2017-08-05', NULL, NULL, NULL, NULL, 'true', NULL, 35200.00, NULL, 0),
(244, ' F-0000244', 'كاش', 80, 2, '2017-08-05', NULL, NULL, NULL, NULL, 'true', NULL, 44960.70, NULL, 0),
(245, ' F-0000245', 'كاش', 51, 2, '2017-08-05', NULL, NULL, NULL, 35.00, 'true', NULL, 86550.40, NULL, 0),
(246, ' F-0000246', 'كاش', 148, 2, '2017-08-05', NULL, NULL, NULL, NULL, 'true', NULL, 4698.20, NULL, 0),
(247, ' F-0000247', 'كاش', 150, 2, '2017-08-05', NULL, NULL, NULL, 15.00, 'true', NULL, 41700.00, NULL, 0),
(248, ' F-0000248', 'كاش', 33, 2, '2017-08-05', NULL, NULL, NULL, 2.00, 'true', NULL, 10580.00, NULL, 0),
(249, ' F-0000249', 'آجل', 19, 2, '2017-08-05', 0.00, 45369.80, '2017-08-06', 7.00, 'true', 0.00, 45369.80, NULL, 0),
(250, ' F-0000250', 'حجز', 5, 2, '2017-08-06', NULL, NULL, NULL, NULL, 'true', NULL, 296.40, 1, 1),
(251, ' F-0000251', 'كاش', 126, 2, '2017-08-06', NULL, NULL, NULL, 4.00, 'true', NULL, 5100.00, NULL, 0),
(252, ' F-0000252', 'كاش', 77, 2, '2017-08-06', NULL, NULL, NULL, 2.00, 'true', NULL, 830.50, NULL, 0),
(253, ' F-0000253', 'آجل', 2, 2, '2017-08-06', 0.00, 224432.97, '2017-08-07', NULL, 'true', 0.00, 224432.97, NULL, 0),
(254, ' F-0000254', 'حجز', 149, 2, '2017-08-06', NULL, NULL, NULL, NULL, 'true', NULL, 24350.00, 1, 35),
(255, ' F-0000255', 'كاش', 77, 2, '2017-08-06', NULL, NULL, NULL, NULL, 'true', NULL, 16425.00, NULL, 0),
(256, ' F-0000256', 'كاش', 151, 2, '2017-08-07', NULL, NULL, NULL, 1.00, 'true', NULL, 45375.80, NULL, 0),
(257, ' F-0000257', 'كاش', 152, 2, '2017-08-07', NULL, NULL, NULL, NULL, 'true', NULL, 1100.10, NULL, 0),
(258, ' F-0000258', 'كاش', 153, 2, '2017-08-07', NULL, NULL, NULL, 16.00, 'true', NULL, 34750.25, NULL, 0),
(259, ' F-0000259', 'كاش', 153, 2, '2017-08-07', NULL, NULL, NULL, NULL, 'true', NULL, 33000.00, NULL, 0),
(260, ' F-0000260', 'كاش', 126, 2, '2017-08-07', NULL, NULL, NULL, NULL, 'true', NULL, 920.00, NULL, 0),
(261, ' F-0000261', 'كاش', 68, 2, '2017-08-07', NULL, NULL, NULL, NULL, 'true', NULL, 224546.49, NULL, 0),
(262, ' F-0000262', 'كاش', 154, 2, '2017-08-08', NULL, NULL, NULL, NULL, 'true', NULL, 13445.00, NULL, 0),
(263, ' F-0000263', 'كاش', 37, 2, '2017-08-08', NULL, NULL, NULL, NULL, 'true', NULL, 24480.00, NULL, 0),
(264, ' F-0000264', 'كاش', 155, 2, '2017-08-08', NULL, NULL, NULL, 20.00, 'true', NULL, 75100.00, NULL, 0),
(265, ' F-0000265', 'كاش', 94, 2, '2017-08-08', NULL, NULL, NULL, NULL, 'true', NULL, 20900.00, NULL, 0),
(266, ' F-0000266', 'كاش', 156, 2, '2017-08-08', NULL, NULL, NULL, 62.00, 'true', NULL, 24500.50, NULL, 0),
(267, ' F-0000267', 'كاش', 157, 2, '2017-08-08', NULL, NULL, NULL, NULL, 'true', NULL, 33600.00, NULL, 0),
(268, ' F-0000268', 'كاش', 115, 2, '2017-08-08', NULL, NULL, NULL, 3.00, 'true', NULL, 50415.70, NULL, 0),
(269, ' F-0000269', 'كاش', 159, 2, '2017-08-08', NULL, NULL, NULL, NULL, 'true', NULL, 27538.50, NULL, 0),
(270, ' F-0000270', 'كاش', 160, 2, '2017-08-08', NULL, NULL, NULL, NULL, 'true', NULL, 33276.45, NULL, 0),
(271, ' F-0000271', 'كاش', 60, 2, '2017-08-09', NULL, NULL, NULL, 44.00, 'true', NULL, 43300.00, NULL, 0),
(272, ' F-0000272', 'كاش', 18, 2, '2017-08-09', NULL, NULL, NULL, 42.00, 'true', NULL, 22400.00, NULL, 0),
(273, ' F-0000273', 'كاش', 17, 2, '2017-08-09', NULL, NULL, NULL, 1.00, 'true', NULL, 5680.00, NULL, 0),
(274, ' F-0000274', 'كاش', 46, 2, '2017-08-09', NULL, NULL, NULL, NULL, 'true', NULL, 240.00, NULL, 0),
(275, ' F-0000275', 'كاش', 161, 2, '2017-08-09', NULL, NULL, NULL, NULL, 'true', NULL, 8145.35, NULL, 0),
(276, ' F-0000276', 'كاش', 161, 2, '2017-08-09', NULL, NULL, NULL, NULL, 'true', NULL, 17400.50, NULL, 0),
(277, ' F-0000277', 'آجل', 19, 2, '2017-08-09', 40000.00, 23400.90, '2017-08-10', NULL, 'true', 0.00, 63400.90, NULL, 0),
(278, ' F-0000278', 'كاش', 29, 2, '2017-08-10', NULL, NULL, NULL, 1.00, 'true', NULL, 7900.65, NULL, 0),
(279, ' F-0000279', 'كاش', 162, 2, '2017-08-10', NULL, NULL, NULL, NULL, 'true', NULL, 11385.00, NULL, 0),
(280, ' F-0000280', 'كاش', 162, 2, '2017-08-10', NULL, NULL, NULL, NULL, 'true', NULL, 4015.50, NULL, 0),
(281, ' F-0000281', 'كاش', 162, 2, '2017-08-10', NULL, NULL, NULL, NULL, 'true', NULL, 5919.60, NULL, 0),
(282, ' F-0000282', 'كاش', 68, 2, '2017-08-10', NULL, NULL, NULL, 1.00, 'true', NULL, 231160.95, NULL, 0),
(283, ' F-0000283', 'كاش', 164, 2, '2017-08-10', NULL, NULL, NULL, 44.00, 'true', NULL, 36400.50, NULL, 0),
(284, ' F-0000284', 'كاش', 165, 2, '2017-08-10', NULL, NULL, NULL, NULL, 'true', NULL, 36900.00, NULL, 0),
(285, ' F-0000285', 'كاش', 163, 2, '2017-08-10', NULL, NULL, NULL, NULL, 'true', NULL, 31500.80, NULL, 0),
(286, ' F-0000286', 'كاش', 166, 2, '2017-08-10', NULL, NULL, NULL, NULL, 'true', NULL, 27800.34, NULL, 0),
(287, ' F-0000287', 'حجز', 161, 2, '2017-08-10', NULL, NULL, NULL, NULL, 'true', NULL, 25935.00, 1, 38),
(288, ' F-0000288', 'كاش', 115, 2, '2017-08-10', NULL, NULL, NULL, NULL, 'true', NULL, 74800.10, NULL, 0),
(289, ' F-0000289', 'كاش', 167, 2, '2017-08-10', NULL, NULL, NULL, NULL, 'true', NULL, 120900.10, NULL, 0),
(290, ' F-0000290', 'كاش', 168, 2, '2017-08-10', NULL, NULL, NULL, 25.00, 'true', NULL, 18650.00, NULL, 0),
(291, ' F-0000291', 'كاش', 169, 2, '2017-08-10', NULL, NULL, NULL, 225.00, 'true', NULL, 58000.00, NULL, 0),
(292, ' F-0000292', 'كاش', 170, 2, '2017-08-10', NULL, NULL, NULL, NULL, 'true', NULL, 28875.00, NULL, 0),
(293, ' F-0000293', 'آجل', 37, 2, '2017-08-11', 2000.00, 4600.00, '2017-08-16', 3.50, 'true', 0.00, 6600.00, NULL, 0),
(294, ' F-0000294', 'كاش', 19, 2, '2017-08-11', NULL, NULL, NULL, NULL, 'true', NULL, 11680.18, NULL, 0),
(295, ' F-0000295', 'حجز', 88, 2, '2017-08-10', NULL, NULL, NULL, NULL, 'true', NULL, 216555.15, 1, 24),
(296, ' F-0000296', 'حجز', 46, 2, '2017-08-11', NULL, NULL, NULL, NULL, 'true', NULL, 34155.00, 1, 36),
(297, ' F-0000297', 'آجل', 2, 2, '2017-08-11', 0.00, 116954.70, '2017-08-12', NULL, 'true', 0.00, 116954.70, NULL, 0),
(298, ' F-0000298', 'كاش', 51, 2, '2017-08-12', NULL, NULL, NULL, 34.00, 'true', NULL, 99900.95, NULL, 0),
(299, ' F-0000299', 'كاش', 115, 2, '2017-08-12', NULL, NULL, NULL, 149.00, 'true', NULL, 45000.40, NULL, 0),
(300, ' F-0000300', 'آجل', 171, 2, '2017-08-12', 117770.00, 1610.40, '2017-08-13', NULL, 'true', 0.00, 119380.40, NULL, 0),
(301, ' F-0000301', 'كاش', 172, 2, '2017-08-12', NULL, NULL, NULL, 35.00, 'true', NULL, 23600.00, NULL, 0),
(302, ' F-0000302', 'كاش', 173, 2, '2017-08-12', NULL, NULL, NULL, 10.00, 'true', NULL, 15400.00, NULL, 0),
(303, ' F-0000303', 'كاش', 16, 2, '2017-08-12', NULL, NULL, NULL, 2.00, 'true', NULL, 1220.00, NULL, 0),
(304, ' F-0000304', 'كاش', 77, 2, '2017-08-13', NULL, NULL, NULL, NULL, 'true', NULL, 264.99, NULL, 0),
(305, ' F-0000305', 'كاش', 174, 2, '2017-08-13', NULL, NULL, NULL, 35.00, 'true', NULL, 52520.50, NULL, 0),
(306, ' F-0000306', 'كاش', 175, 2, '2017-08-13', NULL, NULL, NULL, 35.00, 'true', NULL, 23700.55, NULL, 0),
(307, ' F-0000307', 'كاش', 176, 2, '2017-08-13', NULL, NULL, NULL, NULL, 'true', NULL, 3199.95, NULL, 0),
(308, ' F-0000308', 'كاش', 101, 2, '2017-08-13', NULL, NULL, NULL, NULL, 'true', NULL, 3857.00, NULL, 0),
(309, ' F-0000309', 'كاش', 70, 2, '2017-08-13', NULL, NULL, NULL, 10.00, 'true', NULL, 25100.90, NULL, 0),
(310, ' F-0000310', 'حجز', 88, 2, '2017-08-13', NULL, NULL, NULL, NULL, 'true', NULL, 152138.70, 1, 24),
(311, ' F-0000311', 'كاش', 178, 2, '2017-08-13', NULL, NULL, NULL, NULL, 'true', NULL, 29250.00, NULL, 0),
(312, ' F-0000312', 'كاش', 115, 2, '2017-08-13', NULL, NULL, NULL, 2.00, 'true', NULL, 55000.35, NULL, 0),
(313, ' F-0000313', 'آجل', 60, 2, '2017-08-13', 21400.00, 300.00, '2017-08-14', 25.00, 'true', 0.00, 21700.00, NULL, 0),
(314, ' F-0000314', 'كاش', 179, 2, '2017-08-13', NULL, NULL, NULL, NULL, 'true', NULL, 24180.80, NULL, 0),
(315, ' F-0000315', 'كاش', 180, 2, '2017-08-13', NULL, NULL, NULL, NULL, 'true', NULL, 40950.00, NULL, 0),
(316, ' F-0000316', 'كاش', 18, 2, '2017-08-14', NULL, NULL, NULL, NULL, 'true', NULL, 4551.00, NULL, 0),
(317, ' F-0000317', 'كاش', 70, 2, '2017-08-14', NULL, NULL, NULL, 0.40, 'true', NULL, 5405.00, NULL, 0),
(318, ' F-0000318', 'كاش', 181, 2, '2017-08-14', NULL, NULL, NULL, 25.00, 'true', NULL, 12600.00, NULL, 0),
(319, ' F-0000319', 'آجل', 2, 2, '2017-08-14', 0.00, 204984.13, '2017-08-15', NULL, 'true', 0.00, 204984.13, NULL, 0),
(320, ' F-0000320', 'كاش', 115, 2, '2017-08-14', NULL, NULL, NULL, 1.00, 'true', NULL, 72280.55, NULL, 0),
(321, ' F-0000321', 'آجل', 37, 2, '2017-08-14', 0.00, 1050.50, '2017-08-19', 7.00, 'true', 0.00, 1050.50, NULL, 0),
(322, ' F-0000322', 'حجز', 158, 2, '2017-08-14', NULL, NULL, NULL, NULL, 'true', NULL, 30000.00, 1, 37),
(323, ' F-0000323', 'كاش', 77, 2, '2017-08-14', NULL, NULL, NULL, NULL, 'true', NULL, 360.00, NULL, 0),
(324, ' F-0000324', 'كاش', 60, 2, '2017-08-14', NULL, NULL, NULL, 1.00, 'true', NULL, 8000.75, NULL, 0),
(325, ' F-0000325', 'كاش', 69, 2, '2017-08-14', NULL, NULL, NULL, NULL, 'true', NULL, 17625.00, NULL, 0),
(326, ' F-0000326', 'آجل', 19, 2, '2017-08-14', 0.00, 71900.65, '2017-08-15', 1.00, 'true', 0.00, 71900.65, NULL, 0),
(327, ' F-0000327', 'كاش', 183, 2, '2017-08-15', NULL, NULL, NULL, NULL, 'true', NULL, 12650.63, NULL, 0),
(328, ' F-0000328', 'كاش', 84, 2, '2017-08-15', NULL, NULL, NULL, NULL, 'true', NULL, 2156.70, NULL, 0),
(329, ' F-0000329', 'كاش', 164, 2, '2017-08-15', NULL, NULL, NULL, 8.00, 'true', NULL, 3250.75, NULL, 0),
(330, ' F-0000330', 'كاش', 184, 2, '2017-08-15', NULL, NULL, NULL, 36.00, 'true', NULL, 46800.00, NULL, 0),
(331, ' F-0000331', 'كاش', 185, 2, '2017-08-15', NULL, NULL, NULL, NULL, 'true', NULL, 12390.50, NULL, 0),
(332, ' F-0000332', 'كاش', 185, 2, '2017-08-15', NULL, NULL, NULL, NULL, 'true', NULL, 2400.00, NULL, 0),
(333, ' F-0000333', 'كاش', 186, 2, '2017-08-15', NULL, NULL, NULL, 7.00, 'true', NULL, 5550.75, NULL, 0),
(334, ' F-0000334', 'كاش', 32, 2, '2017-08-15', NULL, NULL, NULL, NULL, 'true', NULL, 8850.00, NULL, 0),
(335, ' F-0000335', 'حجز', 161, 2, '2017-08-15', NULL, NULL, NULL, NULL, 'true', NULL, 22341.00, 1, 38),
(336, ' F-0000336', 'آجل', 2, 2, '2017-08-16', 43947.00, 217933.13, '2017-08-17', NULL, 'true', 0.00, 261880.13, NULL, 0),
(337, ' F-0000337', 'حجز', 177, 2, '2017-08-16', NULL, NULL, NULL, NULL, 'true', NULL, 28399.40, 1, 39),
(338, ' F-0000338', 'آجل', 115, 2, '2017-08-16', 55000.00, 9890.60, '2017-08-17', NULL, 'true', 0.00, 64890.60, NULL, 0),
(339, ' F-0000339', 'كاش', 32, 2, '2017-08-16', NULL, NULL, NULL, NULL, 'true', NULL, 9440.00, NULL, 0),
(340, ' F-0000340', 'حجز', 161, 2, '2017-08-16', NULL, NULL, NULL, NULL, 'true', NULL, 18138.00, 1, 38),
(341, ' F-0000341', 'آجل', 77, 2, '2017-08-16', 0.00, 8070.85, '2017-08-17', NULL, 'true', 0.00, 8070.85, NULL, 0),
(342, ' F-0000342', 'كاش', 187, 2, '2017-08-16', NULL, NULL, NULL, 12.00, 'true', NULL, 4340.40, NULL, 0),
(343, ' F-0000343', 'كاش', 188, 2, '2017-08-16', NULL, NULL, NULL, NULL, 'true', NULL, 9050.50, NULL, 0),
(344, ' F-0000344', 'كاش', 126, 2, '2017-08-17', NULL, NULL, NULL, 21.00, 'true', NULL, 5550.80, NULL, 0),
(345, ' F-0000345', 'كاش', 189, 2, '2017-08-17', NULL, NULL, NULL, 17.00, 'true', NULL, 24900.50, NULL, 0),
(346, ' F-0000346', 'كاش', 136, 2, '2017-08-17', NULL, NULL, NULL, NULL, 'true', NULL, 650.00, NULL, 0),
(347, ' F-0000347', 'كاش', 126, 2, '2017-08-17', NULL, NULL, NULL, 2.00, 'true', NULL, 1130.80, NULL, 0),
(348, ' F-0000348', 'كاش', 51, 2, '2017-08-17', NULL, NULL, NULL, 45.00, 'true', NULL, 62950.25, NULL, 0),
(349, ' F-0000349', 'آجل', 2, 2, '2017-08-17', 0.00, 121234.08, '2017-08-18', NULL, 'true', 0.00, 121234.08, NULL, 0),
(350, ' F-0000350', 'كاش', 117, 2, '2017-08-17', NULL, NULL, NULL, 10.00, 'true', NULL, 15480.00, NULL, 0),
(351, ' F-0000351', 'كاش', 117, 2, '2017-08-17', NULL, NULL, NULL, NULL, 'true', NULL, 11800.00, NULL, 0),
(352, ' F-0000352', 'آجل', 68, 2, '2017-08-17', 170000.00, 17940.25, '2017-08-19', 1.00, 'true', 0.00, 187940.25, NULL, 0),
(353, ' F-0000353', 'آجل', 37, 2, '2017-08-17', 0.00, 8523.10, '2017-08-18', NULL, 'true', 0.00, 8523.10, NULL, 0),
(354, ' F-0000354', 'كاش', 188, 2, '2017-08-17', NULL, NULL, NULL, 12.00, 'true', NULL, 14800.50, NULL, 0),
(355, ' F-0000355', 'كاش', 50, 2, '2017-08-18', NULL, NULL, NULL, 2.00, 'true', NULL, 11830.00, NULL, 0),
(356, ' F-0000356', 'كاش', 190, 2, '2017-08-18', NULL, NULL, NULL, NULL, 'true', NULL, 47956.95, NULL, 0),
(357, ' F-0000357', 'كاش', 189, 2, '2017-08-18', NULL, NULL, NULL, NULL, 'true', NULL, 2215.95, NULL, 0),
(358, ' F-0000358', 'كاش', 136, 2, '2017-08-18', NULL, NULL, NULL, 2.00, 'true', NULL, 14845.00, NULL, 0),
(359, ' F-0000359', 'كاش', 136, 2, '2017-08-19', NULL, NULL, NULL, 2.00, 'true', NULL, 336.50, NULL, 0),
(360, ' F-0000360', 'كاش', 136, 2, '2017-08-19', NULL, NULL, NULL, NULL, 'true', NULL, 264.00, NULL, 0),
(361, ' F-0000361', 'كاش', 191, 2, '2017-08-19', NULL, NULL, NULL, 70.00, 'true', NULL, 53400.60, NULL, 0),
(362, ' F-0000362', 'حجز', 161, 2, '2017-08-19', NULL, NULL, NULL, NULL, 'true', NULL, 7002.60, 1, 38),
(363, ' F-0000363', 'كاش', 192, 2, '2017-08-19', NULL, NULL, NULL, NULL, 'true', NULL, 22490.00, NULL, 0),
(364, ' F-0000364', 'كاش', 161, 2, '2017-08-19', NULL, NULL, NULL, NULL, 'true', NULL, 27965.00, NULL, 0),
(365, ' F-0000365', 'آجل', 19, 2, '2017-08-19', 0.00, 72810.80, '2017-08-20', 7.00, 'true', 0.00, 72810.80, NULL, 0),
(366, ' F-0000366', 'كاش', 193, 2, '2017-08-19', NULL, NULL, NULL, 20.00, 'true', NULL, 35800.00, NULL, 0),
(367, ' F-0000367', 'كاش', 194, 2, '2017-08-19', NULL, NULL, NULL, NULL, 'true', NULL, 47068.16, NULL, 0),
(368, ' F-0000368', 'كاش', 195, 2, '2017-08-19', NULL, NULL, NULL, NULL, 'true', NULL, 6527.60, NULL, 0),
(369, ' F-0000369', 'حجز', 161, 2, '2017-08-19', NULL, NULL, NULL, NULL, 'true', NULL, 25834.80, 1, 38),
(370, ' F-0000370', 'حجز', 5, 2, '2017-08-20', NULL, NULL, NULL, NULL, 'true', NULL, 127420.30, 1, 1),
(371, ' F-0000371', 'آجل', 68, 2, '2017-08-20', 225175.00, 11000.00, '2017-08-21', NULL, 'true', 0.00, 236175.00, NULL, 0),
(372, ' F-0000372', 'كاش', 66, 2, '2017-08-20', NULL, NULL, NULL, 2.00, 'true', NULL, 21450.00, NULL, 0),
(373, ' F-0000373', 'كاش', 196, 2, '2017-08-20', NULL, NULL, NULL, 10.00, 'true', NULL, 43740.00, NULL, 0),
(374, ' F-0000374', 'كاش', 197, 2, '2017-08-20', NULL, NULL, NULL, 97.00, 'true', NULL, 38000.75, NULL, 0),
(375, ' F-0000375', 'حجز', 5, 2, '2017-08-20', NULL, NULL, NULL, NULL, 'true', NULL, 88933.10, 1, 1),
(376, ' F-0000376', 'كاش', 136, 2, '2017-08-21', NULL, NULL, NULL, NULL, 'true', NULL, 3956.35, NULL, 0),
(377, ' F-0000377', 'كاش', 198, 2, '2017-08-21', NULL, NULL, NULL, 10.00, 'true', NULL, 54180.05, NULL, 0),
(378, ' F-0000378', 'كاش', 126, 2, '2017-08-21', NULL, NULL, NULL, NULL, 'true', NULL, 9350.00, NULL, 0),
(379, ' F-0000379', 'كاش', 66, 2, '2017-08-21', NULL, NULL, NULL, 50.00, 'true', NULL, 28400.40, NULL, 0),
(380, ' F-0000380', 'كاش', 199, 2, '2017-08-21', NULL, NULL, NULL, 32.00, 'true', NULL, 33800.50, NULL, 0),
(381, ' F-0000381', 'كاش', 151, 2, '2017-08-21', NULL, NULL, NULL, 24.00, 'true', NULL, 24000.00, NULL, 0),
(382, ' F-0000382', 'كاش', 26, 2, '2017-08-21', NULL, NULL, NULL, NULL, 'true', NULL, 450.00, NULL, 0),
(383, ' F-0000383', 'آجل', 194, 2, '2017-08-22', 0.00, 3512.50, '2017-08-23', NULL, 'true', 0.00, 3512.50, NULL, 0),
(384, ' F-0000384', 'كاش', 51, 2, '2017-08-22', NULL, NULL, NULL, 55.00, 'true', NULL, 114950.50, NULL, 0),
(385, ' F-0000385', 'كاش', 200, 2, '2017-08-22', NULL, NULL, NULL, 11.00, 'true', NULL, 98200.40, NULL, 0),
(386, ' F-0000386', 'كاش', 161, 2, '2017-08-22', NULL, NULL, NULL, 15.00, 'true', NULL, 26520.80, NULL, 0),
(387, ' F-0000387', 'كاش', 93, 2, '2017-08-23', NULL, NULL, NULL, NULL, 'true', NULL, 5628.75, NULL, 0),
(388, ' F-0000388', 'حجز', 88, 2, '2017-08-23', NULL, NULL, NULL, NULL, 'true', NULL, 38376.45, 1, 24),
(389, ' F-0000389', 'حجز', 182, 2, '2017-08-23', NULL, NULL, NULL, NULL, 'true', NULL, 27716.75, 1, 40),
(390, ' F-0000390', 'كاش', 201, 2, '2017-08-23', NULL, NULL, NULL, 20.00, 'true', NULL, 29550.00, NULL, 0),
(391, ' F-0000391', 'كاش', 201, 2, '2017-08-23', NULL, NULL, NULL, 10.00, 'true', NULL, 3270.00, NULL, 0),
(392, ' F-0000392', 'كاش', 77, 2, '2017-08-23', NULL, NULL, NULL, NULL, 'true', NULL, 180.00, NULL, 0),
(393, ' F-0000393', 'كاش', 77, 2, '2017-08-23', NULL, NULL, NULL, 6.00, 'true', NULL, 1050.00, NULL, 0),
(394, ' F-0000394', 'كاش', 16, 2, '2017-08-23', NULL, NULL, NULL, 13.00, 'true', NULL, 17250.55, NULL, 0),
(395, ' F-0000395', 'آجل', 2, 2, '2017-08-23', 0.00, 73500.00, '2017-08-24', NULL, 'true', 0.00, 73500.00, NULL, 0),
(396, ' F-0000396', 'كاش', 29, 2, '2017-08-24', NULL, NULL, NULL, 2.00, 'true', NULL, 3225.60, NULL, 0),
(397, ' F-0000397', 'كاش', 155, 2, '2017-08-24', NULL, NULL, NULL, 10.00, 'true', NULL, 990.00, NULL, 0),
(398, ' F-0000398', 'كاش', 115, 2, '2017-08-24', NULL, NULL, NULL, NULL, 'true', NULL, 72785.20, NULL, 0),
(399, ' F-0000399', 'كاش', 202, 2, '2017-08-24', NULL, NULL, NULL, 20.00, 'true', NULL, 58600.00, NULL, 0),
(400, ' F-0000400', 'حجز', 5, 2, '2017-08-24', NULL, NULL, NULL, NULL, 'true', NULL, 43491.00, 1, 1),
(401, ' F-0000401', 'كاش', 136, 2, '2017-08-24', NULL, NULL, NULL, NULL, 'true', NULL, 900.00, NULL, 0),
(402, ' F-0000402', 'كاش', 46, 2, '2017-08-24', NULL, NULL, NULL, NULL, 'true', NULL, 12000.00, NULL, 0),
(403, ' F-0000403', 'كاش', 105, 2, '2017-08-25', NULL, NULL, NULL, 1.00, 'true', NULL, 1335.50, NULL, 0),
(404, ' F-0000404', 'كاش', 204, 2, '2017-08-25', NULL, NULL, NULL, 59.00, 'true', NULL, 25000.10, NULL, 0),
(405, ' F-0000405', 'آجل', 2, 2, '2017-08-25', 0.00, 234761.71, '2017-08-26', NULL, 'true', 0.00, 234761.71, NULL, 0),
(406, ' F-0000406', 'كاش', 77, 2, '2017-08-25', NULL, NULL, NULL, 18.00, 'true', NULL, 7100.00, NULL, 0),
(407, ' F-0000407', 'كاش', 76, 2, '2017-08-26', NULL, NULL, NULL, NULL, 'true', NULL, 4980.00, NULL, 0),
(408, ' F-0000408', 'كاش', 136, 2, '2017-08-26', NULL, NULL, NULL, NULL, 'true', NULL, 6930.05, NULL, 0),
(409, ' F-0000409', 'كاش', 205, 2, '2017-08-26', NULL, NULL, NULL, NULL, 'true', NULL, 375.00, NULL, 0),
(410, ' F-0000410', 'كاش', 206, 2, '2017-08-26', NULL, NULL, NULL, NULL, 'true', NULL, 48000.00, NULL, 0),
(411, ' F-0000411', 'كاش', 77, 2, '2017-08-26', NULL, NULL, NULL, NULL, 'true', NULL, 3100.00, NULL, 0),
(412, ' F-0000412', 'كاش', 185, 2, '2017-08-26', NULL, NULL, NULL, NULL, 'true', NULL, 437.50, NULL, 0),
(413, ' F-0000413', 'كاش', 194, 2, '2017-08-26', NULL, NULL, NULL, NULL, 'true', NULL, 44922.56, NULL, 0),
(414, ' F-0000414', 'كاش', 115, 2, '2017-08-26', NULL, NULL, NULL, NULL, 'true', NULL, 52371.90, NULL, 0),
(415, ' F-0000415', 'آجل', 84, 2, '2017-08-26', 24250.00, 1968.30, '2017-08-27', NULL, 'true', 0.00, 26218.30, NULL, 0),
(416, ' F-0000416', 'كاش', 136, 2, '2017-08-26', NULL, NULL, NULL, NULL, 'true', NULL, 970.00, NULL, 0),
(417, ' F-0000417', 'كاش', 32, 2, '2017-08-26', NULL, NULL, NULL, 123.00, 'true', NULL, 48500.40, NULL, 0),
(418, ' F-0000418', 'حجز', 200, 2, '2017-08-27', NULL, NULL, NULL, NULL, 'true', NULL, 5000.75, 1, 44),
(419, ' F-0000419', 'كاش', 68, 2, '2017-08-27', NULL, NULL, NULL, NULL, 'true', NULL, 191399.60, NULL, 0),
(420, ' F-0000420', 'كاش', 207, 2, '2017-08-27', NULL, NULL, NULL, NULL, 'true', NULL, 3600.00, NULL, 0),
(421, ' F-0000421', 'كاش', 77, 2, '2017-08-27', NULL, NULL, NULL, 1.00, 'true', NULL, 1330.00, NULL, 0),
(422, ' F-0000422', 'كاش', 126, 2, '2017-08-27', NULL, NULL, NULL, 3.00, 'true', NULL, 7680.85, NULL, 0),
(423, ' F-0000423', 'كاش', 126, 2, '2017-08-27', NULL, NULL, NULL, 1.00, 'true', NULL, 5600.70, NULL, 0),
(424, ' F-0000424', 'كاش', 208, 2, '2017-08-27', NULL, NULL, NULL, 8.00, 'true', NULL, 121050.70, NULL, 0),
(425, ' F-0000425', 'كاش', 126, 2, '2017-08-27', NULL, NULL, NULL, 21.00, 'true', NULL, 4460.25, NULL, 0),
(426, ' F-0000426', 'كاش', 5, 2, '2017-08-27', NULL, NULL, NULL, NULL, 'true', NULL, 9579.75, NULL, 0),
(427, ' F-0000427', 'آجل', 5, 2, '2017-08-27', 0.00, 9579.75, '2017-08-28', NULL, 'true', 0.00, 9579.75, NULL, 0),
(428, ' F-0000428', 'كاش', 80, 2, '2017-08-28', NULL, NULL, NULL, NULL, 'true', NULL, 23995.60, NULL, 0),
(429, ' F-0000429', 'آجل', 5, 2, '2017-08-28', 0.00, 2241.30, '2017-08-29', NULL, 'true', 0.00, 2241.30, NULL, 0),
(430, ' F-0000430', 'كاش', 209, 2, '2017-08-28', NULL, NULL, NULL, 50.00, 'true', NULL, 18250.00, NULL, 0),
(431, ' F-0000431', 'كاش', 210, 2, '2017-08-28', NULL, NULL, NULL, NULL, 'true', NULL, 24000.00, NULL, 0),
(432, ' F-0000432', 'كاش', 77, 2, '2017-08-28', NULL, NULL, NULL, NULL, 'true', NULL, 640.20, NULL, 0),
(433, ' F-0000433', 'حجز', 211, 2, '2017-08-28', NULL, NULL, NULL, NULL, 'true', NULL, 59880.50, 1, 45),
(434, ' F-0000434', 'كاش', 77, 2, '2017-08-28', NULL, NULL, NULL, NULL, 'true', NULL, 3015.00, NULL, 0),
(435, ' F-0000435', 'آجل', 19, 2, '2017-08-28', 0.00, 47580.90, '2017-08-29', 4.00, 'true', 0.00, 47580.90, NULL, 0),
(436, ' F-0000436', 'كاش', 212, 2, '2017-08-29', NULL, NULL, NULL, 6.00, 'true', NULL, 73350.00, NULL, 0),
(437, ' F-0000437', 'كاش', 171, 2, '2017-08-29', NULL, NULL, NULL, NULL, 'true', NULL, 30000.00, NULL, 0),
(438, ' F-0000438', 'كاش', 212, 2, '2017-08-30', NULL, NULL, NULL, NULL, 'true', NULL, 12000.00, NULL, 0),
(439, ' F-0000439', 'كاش', 214, 2, '2017-08-30', NULL, NULL, NULL, NULL, 'true', NULL, 25400.00, NULL, 0),
(440, ' F-0000440', 'كاش', 77, 2, '2017-08-31', NULL, NULL, NULL, 12.00, 'true', NULL, 5650.30, NULL, 0),
(441, ' F-0000441', 'كاش', 26, 2, '2017-09-05', NULL, NULL, NULL, 2.00, 'true', NULL, 24250.20, NULL, 0),
(442, ' F-0000442', 'آجل', 80, 2, '2017-09-05', 25000.00, 500.30, '2017-09-06', 1.00, 'true', 0.00, 25500.30, NULL, 0),
(443, ' F-0000443', 'كاش', 140, 2, '2017-09-05', NULL, NULL, NULL, 21.00, 'true', NULL, 42200.25, NULL, 0),
(444, ' F-0000444', 'كاش', 77, 2, '2017-09-05', NULL, NULL, NULL, NULL, 'true', NULL, 419.10, NULL, 0),
(445, ' F-0000445', 'كاش', 215, 2, '2017-09-05', NULL, NULL, NULL, 41.00, 'true', NULL, 24600.05, NULL, 0),
(446, ' F-0000446', 'كاش', 126, 2, '2017-09-05', NULL, NULL, NULL, 15.00, 'true', NULL, 6800.00, NULL, 0),
(447, ' F-0000447', 'كاش', 26, 2, '2017-09-05', NULL, NULL, NULL, 1.00, 'true', NULL, 670.00, NULL, 0),
(448, ' F-0000448', 'كاش', 77, 2, '2017-09-05', NULL, NULL, NULL, NULL, 'true', NULL, 3840.00, NULL, 0),
(449, ' F-0000449', 'كاش', 200, 2, '2017-09-05', NULL, NULL, NULL, 33.00, 'true', NULL, 29150.40, NULL, 0),
(450, ' F-0000450', 'آجل', 19, 2, '2017-09-05', 50000.00, 11380.20, '2017-09-06', 6.00, 'true', 0.00, 61380.20, NULL, 0),
(451, ' F-0000451', 'كاش', 216, 2, '2017-09-05', NULL, NULL, NULL, 25.00, 'true', NULL, 31225.00, NULL, 0),
(452, ' F-0000452', 'كاش', 213, 2, '2017-09-05', NULL, NULL, NULL, NULL, 'true', NULL, 11177.60, NULL, 0),
(453, ' F-0000453', 'كاش', 194, 2, '2017-09-05', NULL, NULL, NULL, NULL, 'true', NULL, 6515.76, NULL, 0),
(454, ' F-0000454', 'كاش', 136, 2, '2017-09-06', NULL, NULL, NULL, NULL, 'true', NULL, 24100.00, NULL, 0),
(455, ' F-0000455', 'كاش', 217, 2, '2017-09-06', NULL, NULL, NULL, NULL, 'true', NULL, 53967.50, NULL, 0),
(456, ' F-0000456', 'حجز', 204, 2, '2017-09-06', NULL, NULL, NULL, NULL, 'true', NULL, 30655.20, 1, 43),
(457, ' F-0000457', 'كاش', 218, 2, '2017-09-06', NULL, NULL, NULL, 1.00, 'true', NULL, 2240.00, NULL, 0),
(458, ' F-0000458', 'كاش', 219, 2, '2017-09-06', NULL, NULL, NULL, 1.00, 'true', NULL, 5840.50, NULL, 0),
(459, ' F-0000459', 'كاش', 220, 2, '2017-09-06', NULL, NULL, NULL, NULL, 'true', NULL, 24000.00, NULL, 0),
(460, ' F-0000460', 'كاش', 220, 2, '2017-09-06', NULL, NULL, NULL, NULL, 'true', NULL, 396.00, NULL, 0),
(461, ' F-0000461', 'آجل', 17, 2, '2017-09-06', 0.00, 10460.00, '2017-09-08', NULL, 'true', 0.00, 10460.00, NULL, 0),
(462, ' F-0000462', 'حجز', 88, 2, '2017-09-06', NULL, NULL, NULL, NULL, 'true', NULL, 26929.70, 1, 24),
(463, ' F-0000463', 'حجز', 88, 2, '2017-09-06', NULL, NULL, NULL, 1.00, 'true', NULL, 9991.85, 1, 41),
(464, ' F-0000464', 'آجل', 88, 2, '2017-09-06', 0.00, 9712.30, '2017-09-07', NULL, 'true', 0.00, 9712.30, NULL, 0),
(465, ' F-0000465', 'آجل', 2, 2, '2017-09-06', 80000.00, 164714.13, '2017-09-07', NULL, 'true', 0.00, 244714.13, NULL, 0),
(466, ' F-0000466', 'كاش', 196, 2, '2017-09-06', NULL, NULL, NULL, 31.00, 'true', NULL, 8620.80, NULL, 0),
(467, ' F-0000467', 'كاش', 136, 2, '2017-09-07', NULL, NULL, NULL, NULL, 'true', NULL, 629.20, NULL, 0),
(468, ' F-0000468', 'كاش', 92, 2, '2017-09-07', NULL, NULL, NULL, NULL, 'true', NULL, 2500.00, NULL, 0),
(469, ' F-0000469', 'كاش', 77, 2, '2017-09-07', NULL, NULL, NULL, NULL, 'true', NULL, 180.00, NULL, 0),
(470, ' F-0000470', 'كاش', 221, 2, '2017-09-07', NULL, NULL, NULL, NULL, 'true', NULL, 30000.00, NULL, 0),
(471, ' F-0000471', 'كاش', 126, 2, '2017-09-07', NULL, NULL, NULL, NULL, 'true', NULL, 1032.40, NULL, 0),
(472, ' F-0000472', 'حجز', 19, 2, '2017-09-07', NULL, NULL, NULL, NULL, 'true', NULL, 107400.00, 1, 46),
(473, ' F-0000473', 'آجل', 17, 2, '2017-09-07', 0.00, 1166.50, '2017-09-08', NULL, 'true', 0.00, 1166.50, NULL, 0);
INSERT INTO `orders` (`orderID`, `invoiceNo`, `invoiceType`, `custID`, `memberID`, `orderDate`, `amountPaid`, `amountRemain`, `paidDate`, `discount`, `isPaid`, `totalAmountRemain`, `total`, `isReservation`, `reservID`) VALUES
(474, ' F-0000474', 'كاش', 136, 2, '2017-09-07', NULL, NULL, NULL, 2.00, 'true', NULL, 1970.30, NULL, 0),
(475, ' F-0000475', 'آجل', 118, 2, '2017-09-07', 36000.00, 3460.50, '2017-09-07', 7.00, 'true', 0.00, 39460.50, NULL, 0),
(476, ' F-0000476', 'كاش', 222, 2, '2017-09-07', NULL, NULL, NULL, NULL, 'true', NULL, 23800.00, NULL, 0),
(477, ' F-0000477', 'كاش', 136, 2, '2017-09-07', NULL, NULL, NULL, NULL, 'true', NULL, 90.00, NULL, 0),
(478, ' F-0000478', 'كاش', 77, 2, '2017-09-08', NULL, NULL, NULL, NULL, 'true', NULL, 5975.00, NULL, 0),
(479, ' F-0000479', 'كاش', 223, 2, '2017-09-08', NULL, NULL, NULL, 62.00, 'true', NULL, 46700.50, NULL, 0),
(480, ' F-0000480', 'كاش', 29, 2, '2017-09-09', NULL, NULL, NULL, NULL, 'true', NULL, 4872.61, NULL, 0),
(481, ' F-0000481', 'كاش', 224, 2, '2017-09-09', NULL, NULL, NULL, 4.00, 'true', NULL, 1570.76, NULL, 0),
(482, ' F-0000482', 'كاش', 225, 2, '2017-09-09', NULL, NULL, NULL, 7.00, 'true', NULL, 23970.00, NULL, 0),
(483, ' F-0000483', 'كاش', 227, 2, '2017-09-09', NULL, NULL, NULL, 37.00, 'true', NULL, 14900.50, NULL, 0),
(484, ' F-0000484', 'كاش', 228, 2, '2017-09-09', NULL, NULL, NULL, NULL, 'true', NULL, 800.00, NULL, 0),
(485, ' F-0000485', 'كاش', 51, 2, '2017-09-09', NULL, NULL, NULL, 17.00, 'true', NULL, 31700.50, NULL, 0),
(486, ' F-0000486', 'آجل', 68, 2, '2017-09-09', 200000.00, 41550.50, '2017-09-10', 4.00, 'true', 0.00, 241550.50, NULL, 0),
(487, ' F-0000487', 'كاش', 77, 2, '2017-09-09', NULL, NULL, NULL, NULL, 'true', NULL, 139.70, NULL, 0),
(488, ' F-0000488', 'كاش', 77, 2, '2017-09-10', NULL, NULL, NULL, 2.00, 'true', NULL, 1185.50, NULL, 0),
(489, ' F-0000489', 'كاش', 66, 2, '2017-09-10', NULL, NULL, NULL, 20.00, 'true', NULL, 19100.00, NULL, 0),
(490, ' F-0000490', 'كاش', 229, 2, '2017-09-10', NULL, NULL, NULL, NULL, 'true', NULL, 48000.50, NULL, 0),
(491, ' F-0000491', 'كاش', 230, 2, '2017-09-10', NULL, NULL, NULL, NULL, 'true', NULL, 35850.00, NULL, 0),
(492, ' F-0000492', 'كاش', 45, 2, '2017-09-10', NULL, NULL, NULL, 25.00, 'true', NULL, 24000.00, NULL, 0),
(493, ' F-0000493', 'كاش', 231, 2, '2017-09-10', NULL, NULL, NULL, 17.00, 'true', NULL, 28550.50, NULL, 0),
(494, ' F-0000494', 'آجل', 17, 2, '2017-09-10', 0.00, 16975.60, '2017-09-16', NULL, 'true', 0.00, 16975.60, NULL, 0),
(495, ' F-0000495', 'كاش', 126, 2, '2017-09-10', NULL, NULL, NULL, 5.00, 'true', NULL, 12400.50, NULL, 0),
(496, ' F-0000496', 'حجز', 52, 2, '2017-09-10', NULL, NULL, NULL, NULL, 'true', NULL, 21600.00, 1, 50),
(497, ' F-0000497', 'كاش', 223, 2, '2017-09-10', NULL, NULL, NULL, NULL, 'true', NULL, 625.00, NULL, 0),
(498, ' F-0000498', 'كاش', 232, 2, '2017-09-10', NULL, NULL, NULL, NULL, 'true', NULL, 8877.40, NULL, 0),
(499, ' F-0000499', 'كاش', 136, 2, '2017-09-11', NULL, NULL, NULL, 2.00, 'true', NULL, 60.50, NULL, 0),
(500, ' F-0000500', 'آجل', 80, 2, '2017-09-11', 48000.00, 1765.92, '2017-09-12', NULL, 'true', 0.00, 49765.92, NULL, 0),
(501, ' F-0000501', 'كاش', 136, 2, '2017-09-11', NULL, NULL, NULL, NULL, 'true', NULL, 6564.00, NULL, 0),
(502, ' F-0000502', 'آجل', 17, 2, '2017-09-11', 0.00, 2100.00, '2017-09-12', NULL, 'true', 0.00, 2100.00, NULL, 0),
(503, ' F-0000503', 'كاش', 234, 2, '2017-09-11', NULL, NULL, NULL, 37.00, 'true', NULL, 92800.50, NULL, 0),
(504, ' F-0000504', 'كاش', 84, 2, '2017-09-11', NULL, NULL, NULL, NULL, 'true', NULL, 3750.00, NULL, 0),
(505, ' F-0000505', 'كاش', 136, 2, '2017-09-11', NULL, NULL, NULL, 4.00, 'true', NULL, 1340.00, NULL, 0),
(506, ' F-0000506', 'كاش', 235, 2, '2017-09-12', NULL, NULL, NULL, 15.00, 'true', NULL, 42250.50, NULL, 0),
(507, ' F-0000507', 'كاش', 19, 2, '2017-09-12', NULL, NULL, NULL, 10.00, 'true', NULL, 206750.00, NULL, 0),
(508, ' F-0000508', 'آجل', 2, 2, '2017-09-12', 38858.00, 209299.70, '2017-09-13', NULL, 'true', 0.00, 248157.70, NULL, 0),
(509, ' F-0000509', 'كاش', 236, 2, '2017-09-12', NULL, NULL, NULL, NULL, 'true', NULL, 23895.00, NULL, 0),
(510, ' F-0000510', 'كاش', 236, 2, '2017-09-12', NULL, NULL, NULL, NULL, 'true', NULL, 23895.00, NULL, 0),
(511, ' F-0000511', 'آجل', 115, 2, '2017-09-12', 39943.00, 9317.00, '2017-09-13', NULL, 'false', 9317.00, 49260.00, NULL, 0),
(512, ' F-0000512', 'كاش', 77, 2, '2017-09-12', NULL, NULL, NULL, 4.00, 'true', NULL, 1350.20, NULL, 0),
(513, ' F-0000513', 'آجل', 88, 2, '2017-09-12', 120000.00, 2365.40, '2017-09-13', NULL, 'true', 0.00, 122365.40, NULL, 0),
(514, ' F-0000514', 'كاش', 172, 2, '2017-09-12', NULL, NULL, NULL, 20.00, 'true', NULL, 24200.00, NULL, 0),
(515, ' F-0000515', 'كاش', 77, 2, '2017-09-12', NULL, NULL, NULL, NULL, 'true', NULL, 18000.00, NULL, 0),
(516, ' F-0000516', 'كاش', 77, 2, '2017-09-12', NULL, NULL, NULL, NULL, 'true', NULL, 100.00, NULL, 0),
(517, ' F-0000517', 'كاش', 237, 2, '2017-09-13', NULL, NULL, NULL, 30.00, 'true', NULL, 24250.00, NULL, 0),
(518, ' F-0000518', 'كاش', 237, 2, '2017-09-13', NULL, NULL, NULL, 30.00, 'true', NULL, 24250.00, NULL, 0),
(519, ' F-0000519', 'كاش', 84, 2, '2017-09-13', NULL, NULL, NULL, NULL, 'true', NULL, 5540.00, NULL, 0),
(520, ' F-0000520', 'كاش', 77, 2, '2017-09-13', NULL, NULL, NULL, 12.00, 'true', NULL, 500.50, NULL, 0),
(521, ' F-0000521', 'كاش', 238, 2, '2017-09-13', NULL, NULL, NULL, 5.00, 'true', NULL, 11550.00, NULL, 0),
(522, ' F-0000522', 'كاش', 51, 2, '2017-09-13', NULL, NULL, NULL, 6.00, 'true', NULL, 109950.20, NULL, 0),
(523, ' F-0000523', 'كاش', 77, 2, '2017-09-13', NULL, NULL, NULL, NULL, 'true', NULL, 18875.00, NULL, 0),
(524, ' F-0000524', 'كاش', 50, 2, '2017-09-13', NULL, NULL, NULL, 2.00, 'true', NULL, 95860.90, NULL, 0),
(525, ' F-0000525', 'كاش', 94, 2, '2017-09-13', NULL, NULL, NULL, NULL, 'true', NULL, 81883.20, NULL, 0),
(526, ' F-0000526', 'آجل', 32, 2, '2017-09-13', 0.00, 14830.00, '2017-09-14', 2.00, 'false', 2330.00, 14830.00, NULL, 0),
(527, ' F-0000527', 'كاش', 179, 2, '2017-09-13', NULL, NULL, NULL, NULL, 'true', NULL, 46850.00, NULL, 0),
(528, ' F-0000528', 'كاش', 239, 2, '2017-09-13', NULL, NULL, NULL, 5.00, 'true', NULL, 109750.55, NULL, 0),
(529, ' F-0000529', 'كاش', 201, 2, '2017-09-13', NULL, NULL, NULL, 2.00, 'true', NULL, 8780.70, NULL, 0),
(530, ' F-0000530', 'كاش', 77, 2, '2017-09-13', NULL, NULL, NULL, 4.00, 'true', NULL, 1280.00, NULL, 0),
(531, ' F-0000531', 'حجز', 226, 2, '2017-09-13', NULL, NULL, NULL, 30.00, 'true', NULL, 15000.00, 1, 48),
(532, ' F-0000532', 'آجل', 19, 2, '2017-09-13', 0.00, 49051.00, '2017-09-14', 5.00, 'true', 0.00, 49051.00, NULL, 0),
(533, ' F-0000533', 'كاش', 240, 2, '2017-09-13', NULL, NULL, NULL, NULL, 'true', NULL, 70500.00, NULL, 0),
(534, ' F-0000534', 'حجز', 3, 2, '2017-09-13', NULL, NULL, NULL, NULL, 'true', NULL, 124705.45, 1, 53),
(535, ' F-0000535', 'كاش', 241, 2, '2017-09-14', NULL, NULL, NULL, 67.00, 'true', NULL, 36470.30, NULL, 0),
(536, ' F-0000536', 'كاش', 242, 2, '2017-09-14', NULL, NULL, NULL, 50.00, 'true', NULL, 66500.00, NULL, 0),
(537, ' F-0000537', 'كاش', 109, 2, '2017-09-14', NULL, NULL, NULL, 50.00, 'true', NULL, 32700.00, NULL, 0),
(538, ' F-0000538', 'كاش', 243, 2, '2017-09-14', NULL, NULL, NULL, NULL, 'true', NULL, 6090.40, NULL, 0),
(539, ' F-0000539', 'كاش', 244, 2, '2017-09-14', NULL, NULL, NULL, NULL, 'true', NULL, 30250.00, NULL, 0),
(540, ' F-0000540', 'كاش', 245, 2, '2017-09-14', NULL, NULL, NULL, NULL, 'true', NULL, 37250.00, NULL, 0),
(541, ' F-0000541', 'كاش', 51, 2, '2017-09-16', NULL, NULL, NULL, 1.00, 'true', NULL, 105100.45, NULL, 0),
(542, ' F-0000542', 'كاش', 155, 2, '2017-09-16', NULL, NULL, NULL, 52.00, 'true', NULL, 37900.10, NULL, 0),
(543, ' F-0000543', 'حجز', 19, 2, '2017-09-16', NULL, NULL, NULL, NULL, 'true', NULL, 59347.80, 1, 49),
(544, ' F-0000544', 'كاش', 70, 2, '2017-09-16', NULL, NULL, NULL, NULL, 'true', NULL, 25530.00, NULL, 0),
(545, ' F-0000545', 'كاش', 77, 2, '2017-09-16', NULL, NULL, NULL, NULL, 'true', NULL, 65.00, NULL, 0),
(546, ' F-0000546', 'كاش', 70, 2, '2017-09-16', NULL, NULL, NULL, NULL, 'true', NULL, 37464.00, NULL, 0),
(547, ' F-0000547', 'كاش', 246, 2, '2017-09-16', NULL, NULL, NULL, NULL, 'true', NULL, 52550.00, NULL, 0),
(548, ' F-0000548', 'كاش', 247, 2, '2017-09-16', NULL, NULL, NULL, 35.00, 'true', NULL, 44600.00, NULL, 0),
(549, ' F-0000549', 'كاش', 51, 2, '2017-09-16', NULL, NULL, NULL, 5.00, 'true', NULL, 48850.15, NULL, 0),
(550, ' F-0000550', 'كاش', 248, 2, '2017-09-16', NULL, NULL, NULL, 75.00, 'true', NULL, 30800.00, NULL, 0),
(551, ' F-0000551', 'كاش', 225, 2, '2017-09-16', NULL, NULL, NULL, 2.00, 'true', NULL, 24190.60, NULL, 0),
(552, ' F-0000552', 'كاش', 29, 2, '2017-09-17', NULL, NULL, NULL, NULL, 'true', NULL, 1500.00, NULL, 0),
(553, ' F-0000553', 'كاش', 19, 2, '2017-09-17', NULL, NULL, NULL, NULL, 'true', NULL, 36478.00, NULL, 0),
(554, ' F-0000554', 'كاش', 250, 2, '2017-09-17', NULL, NULL, NULL, NULL, 'true', NULL, 6098.22, NULL, 0),
(555, ' F-0000555', 'كاش', 22, 2, '2017-09-17', NULL, NULL, NULL, NULL, 'true', NULL, 3100.00, NULL, 0),
(556, ' F-0000556', 'كاش', 52, 2, '2017-09-17', NULL, NULL, NULL, 10.00, 'true', NULL, 6870.00, NULL, 0),
(557, ' F-0000557', 'كاش', 245, 2, '2017-09-17', NULL, NULL, NULL, 2.00, 'true', NULL, 2080.50, NULL, 0),
(558, ' F-0000558', 'كاش', 109, 2, '2017-09-17', NULL, NULL, NULL, NULL, 'true', NULL, 1359.75, NULL, 0),
(559, ' F-0000559', 'كاش', 70, 2, '2017-09-17', NULL, NULL, NULL, 2.00, 'true', NULL, 45860.50, NULL, 0),
(560, ' F-0000560', 'كاش', 70, 2, '2017-09-17', NULL, NULL, NULL, NULL, 'true', NULL, 31180.00, NULL, 0),
(561, ' F-0000561', 'كاش', 251, 2, '2017-09-17', NULL, NULL, NULL, 111.00, 'true', NULL, 49740.90, NULL, 0),
(562, ' F-0000562', 'كاش', 252, 2, '2017-09-17', NULL, NULL, NULL, NULL, 'true', NULL, 12445.00, NULL, 0),
(563, ' F-0000563', 'كاش', 253, 2, '2017-09-17', NULL, NULL, NULL, NULL, 'true', NULL, 24690.00, NULL, 0),
(564, ' F-0000564', 'كاش', 254, 2, '2017-09-17', NULL, NULL, NULL, NULL, 'true', NULL, 24690.00, NULL, 0),
(565, ' F-0000565', 'كاش', 80, 2, '2017-09-17', NULL, NULL, NULL, 13.00, 'true', NULL, 52000.50, NULL, 0),
(566, ' F-0000566', 'كاش', 147, 2, '2017-09-17', NULL, NULL, NULL, 27.00, 'true', NULL, 17000.50, NULL, 0),
(567, ' F-0000567', 'كاش', 255, 2, '2017-09-17', NULL, NULL, NULL, 143.00, 'true', NULL, 85800.55, NULL, 0),
(568, ' F-0000568', 'كاش', 84, 2, '2017-09-17', NULL, NULL, NULL, 20.00, 'true', NULL, 39250.00, NULL, 0),
(569, ' F-0000569', 'كاش', 156, 2, '2017-09-18', NULL, NULL, NULL, NULL, 'true', NULL, 16490.00, NULL, 0),
(570, ' F-0000570', 'كاش', 256, 2, '2017-09-18', NULL, NULL, NULL, 37.00, 'true', NULL, 30300.50, NULL, 0),
(571, ' F-0000571', 'كاش', 88, 2, '2017-09-18', NULL, NULL, NULL, NULL, 'true', NULL, 284.90, NULL, 0),
(572, ' F-0000572', 'كاش', 257, 2, '2017-09-18', NULL, NULL, NULL, NULL, 'true', NULL, 3580.00, NULL, 0),
(573, ' F-0000573', 'كاش', 66, 2, '2017-09-18', NULL, NULL, NULL, NULL, 'true', NULL, 4013.75, NULL, 0),
(574, ' F-0000574', 'كاش', 150, 2, '2017-09-18', NULL, NULL, NULL, NULL, 'true', NULL, 11983.10, NULL, 0),
(575, ' F-0000575', 'كاش', 77, 2, '2017-09-18', NULL, NULL, NULL, 3.00, 'true', NULL, 459.50, NULL, 0),
(576, ' F-0000576', 'آجل', 110, 2, '2017-09-18', 15000.00, 20000.00, '2017-09-19', NULL, 'true', 0.00, 35000.00, NULL, 0),
(577, ' F-0000577', 'كاش', 77, 2, '2017-09-19', NULL, NULL, NULL, NULL, 'true', NULL, 1530.00, NULL, 0),
(578, ' F-0000578', 'آجل', 2, 2, '2017-09-19', 96700.00, 151294.75, '2017-09-20', NULL, 'true', 0.00, 247994.75, NULL, 0),
(579, ' F-0000579', 'كاش', 135, 2, '2017-09-19', NULL, NULL, NULL, NULL, 'true', NULL, 33000.90, NULL, 0),
(580, ' F-0000580', 'كاش', 77, 2, '2017-09-19', NULL, NULL, NULL, 8.00, 'true', NULL, 459.40, NULL, 0),
(581, ' F-0000581', 'كاش', 84, 2, '2017-09-19', NULL, NULL, NULL, NULL, 'true', NULL, 1040.00, NULL, 0),
(582, ' F-0000582', 'كاش', 258, 2, '2017-09-19', NULL, NULL, NULL, NULL, 'true', NULL, 18260.00, NULL, 0),
(583, ' F-0000583', 'كاش', 259, 2, '2017-09-19', NULL, NULL, NULL, 25.00, 'true', NULL, 28400.00, NULL, 0),
(584, ' F-0000584', 'كاش', 260, 2, '2017-09-19', NULL, NULL, NULL, NULL, 'true', NULL, 12485.85, NULL, 0),
(585, ' F-0000585', 'كاش', 247, 2, '2017-09-20', NULL, NULL, NULL, NULL, 'true', NULL, 1100.15, NULL, 0),
(586, ' F-0000586', 'حجز', 233, 2, '2017-09-20', NULL, NULL, NULL, NULL, 'true', NULL, 12650.00, 1, 51),
(587, ' F-0000587', 'كاش', 261, 2, '2017-09-20', NULL, NULL, NULL, NULL, 'true', NULL, 87150.00, NULL, 0),
(588, ' F-0000588', 'كاش', 66, 2, '2017-09-20', NULL, NULL, NULL, NULL, 'true', NULL, 23530.00, NULL, 0),
(589, ' F-0000589', 'كاش', 80, 2, '2017-09-20', NULL, NULL, NULL, 1.00, 'true', NULL, 197020.40, NULL, 0),
(590, ' F-0000590', 'كاش', 263, 2, '2017-09-20', NULL, NULL, NULL, 3.00, 'true', NULL, 88300.75, NULL, 0),
(591, ' F-0000591', 'حجز', 88, 2, '2017-09-20', NULL, NULL, NULL, NULL, 'true', NULL, 119254.88, 1, 55),
(592, ' F-0000592', 'كاش', 264, 2, '2017-09-20', NULL, NULL, NULL, NULL, 'true', NULL, 15790.00, NULL, 0),
(593, ' F-0000593', 'كاش', 45, 2, '2017-09-20', NULL, NULL, NULL, 9.00, 'true', NULL, 7150.20, NULL, 0),
(594, ' F-0000594', 'كاش', 77, 2, '2017-09-20', NULL, NULL, NULL, NULL, 'true', NULL, 1500.60, NULL, 0),
(595, ' F-0000595', 'كاش', 265, 2, '2017-09-21', NULL, NULL, NULL, 27.00, 'true', NULL, 9900.85, NULL, 0),
(596, ' F-0000596', 'كاش', 267, 2, '2017-09-21', NULL, NULL, NULL, 7.00, 'true', NULL, 2819.15, NULL, 0),
(597, ' F-0000597', 'آجل', 194, 2, '2017-09-21', 0.00, 111507.50, '2017-09-22', NULL, 'true', 0.00, 111507.50, NULL, 0),
(598, ' F-0000598', 'كاش', 66, 2, '2017-09-21', NULL, NULL, NULL, NULL, 'true', NULL, 7224.75, NULL, 0),
(599, ' F-0000599', 'كاش', 77, 2, '2017-09-21', NULL, NULL, NULL, NULL, 'true', NULL, 419.99, NULL, 0),
(600, ' F-0000600', 'كاش', 268, 2, '2017-09-21', NULL, NULL, NULL, 12.00, 'true', NULL, 32900.50, NULL, 0),
(601, ' F-0000601', 'آجل', 2, 2, '2017-09-23', 130706.00, 115556.96, '2017-09-24', NULL, 'true', 0.00, 246262.96, NULL, 0),
(602, ' F-0000602', 'كاش', 156, 2, '2017-09-23', NULL, NULL, NULL, 1.00, 'true', NULL, 6990.60, NULL, 0),
(603, ' F-0000603', 'كاش', 77, 2, '2017-09-23', NULL, NULL, NULL, NULL, 'true', NULL, 390.00, NULL, 0),
(604, ' F-0000604', 'كاش', 77, 2, '2017-09-23', NULL, NULL, NULL, NULL, 'true', NULL, 949.95, NULL, 0),
(605, ' F-0000605', 'كاش', 269, 2, '2017-09-23', NULL, NULL, NULL, NULL, 'true', NULL, 24860.00, NULL, 0),
(606, ' F-0000606', 'كاش', 117, 2, '2017-09-23', NULL, NULL, NULL, NULL, 'true', NULL, 27300.00, NULL, 0),
(607, ' F-0000607', 'كاش', 60, 2, '2017-09-23', NULL, NULL, NULL, 28.00, 'true', NULL, 63500.00, NULL, 0),
(608, ' F-0000608', 'كاش', 270, 2, '2017-09-23', NULL, NULL, NULL, NULL, 'true', NULL, 124600.00, NULL, 0),
(609, ' F-0000609', 'آجل', 84, 2, '2017-09-23', 0.00, 22230.00, '2017-09-24', NULL, 'true', 0.00, 22230.00, NULL, 0),
(610, ' F-0000610', 'كاش', 46, 2, '2017-09-23', NULL, NULL, NULL, 20.00, 'true', NULL, 31300.00, NULL, 0),
(611, ' F-0000611', 'كاش', 77, 2, '2017-09-23', NULL, NULL, NULL, NULL, 'true', NULL, 17680.00, NULL, 0),
(612, ' F-0000612', 'كاش', 77, 2, '2017-09-23', NULL, NULL, NULL, 20.00, 'true', NULL, 22000.00, NULL, 0),
(613, ' F-0000613', 'كاش', 271, 2, '2017-09-24', NULL, NULL, NULL, NULL, 'true', NULL, 12799.80, NULL, 0),
(614, ' F-0000614', 'كاش', 136, 2, '2017-09-24', NULL, NULL, NULL, NULL, 'true', NULL, 40.50, NULL, 0),
(615, ' F-0000615', 'كاش', 77, 2, '2017-09-24', NULL, NULL, NULL, NULL, 'true', NULL, 1300.00, NULL, 0),
(616, ' F-0000616', 'كاش', 77, 2, '2017-09-24', NULL, NULL, NULL, 1.00, 'true', NULL, 298.00, NULL, 0),
(617, ' F-0000617', 'كاش', 136, 2, '2017-09-24', NULL, NULL, NULL, NULL, 'true', NULL, 1200.00, NULL, 0),
(618, ' F-0000618', 'كاش', 84, 2, '2017-09-24', NULL, NULL, NULL, 12.00, 'true', NULL, 16100.40, NULL, 0),
(619, ' F-0000619', 'كاش', 77, 2, '2017-09-24', NULL, NULL, NULL, 15.00, 'true', NULL, 8999.80, NULL, 0),
(620, ' F-0000620', 'كاش', 272, 2, '2017-09-24', NULL, NULL, NULL, NULL, 'true', NULL, 10448.72, NULL, 0),
(621, ' F-0000621', 'كاش', 80, 2, '2017-09-24', NULL, NULL, NULL, NULL, 'true', NULL, 48978.60, NULL, 0),
(622, ' F-0000622', 'آجل', 19, 2, '2017-09-24', 24650.00, 31580.48, '2017-09-24', 7.00, 'true', 0.00, 56230.48, NULL, 0),
(623, ' F-0000623', 'كاش', 52, 2, '2017-09-24', NULL, NULL, NULL, NULL, 'true', NULL, 52100.00, NULL, 0),
(624, ' F-0000624', 'كاش', 274, 2, '2017-09-25', NULL, NULL, NULL, NULL, 'true', NULL, 79050.00, NULL, 0),
(625, ' F-0000625', 'كاش', 77, 2, '2017-09-25', NULL, NULL, NULL, 3.00, 'true', NULL, 140.00, NULL, 0),
(626, ' F-0000626', 'كاش', 70, 2, '2017-09-25', NULL, NULL, NULL, NULL, 'true', NULL, 40300.00, NULL, 0),
(627, ' F-0000627', 'حجز', 249, 2, '2017-09-25', NULL, NULL, NULL, NULL, 'true', NULL, 19999.98, 1, 54),
(628, ' F-0000628', 'كاش', 249, 2, '2017-09-25', NULL, NULL, NULL, NULL, 'true', NULL, 10900.40, NULL, 0),
(629, ' F-0000629', 'كاش', 241, 2, '2017-09-25', NULL, NULL, NULL, NULL, 'true', NULL, 954.80, NULL, 0),
(630, ' F-0000630', 'كاش', 175, 2, '2017-09-25', NULL, NULL, NULL, NULL, 'true', NULL, 6340.00, NULL, 0),
(631, ' F-0000631', 'حجز', 88, 2, '2017-09-25', NULL, NULL, NULL, NULL, 'true', NULL, 25256.85, 1, 55),
(632, ' F-0000632', 'آجل', 2, 2, '2017-09-26', 45445.00, 199466.35, '2017-09-27', NULL, 'true', 0.00, 244911.35, NULL, 0),
(633, ' F-0000633', 'كاش', 251, 2, '2017-09-26', NULL, NULL, NULL, 2.00, 'true', NULL, 7450.40, NULL, 0),
(634, ' F-0000634', 'كاش', 77, 2, '2017-09-26', NULL, NULL, NULL, 5.00, 'true', NULL, 280.20, NULL, 0),
(635, ' F-0000635', 'كاش', 276, 2, '2017-09-26', NULL, NULL, NULL, NULL, 'true', NULL, 12350.00, NULL, 0),
(636, ' F-0000636', 'كاش', 277, 2, '2017-09-27', NULL, NULL, NULL, NULL, 'true', NULL, 52500.20, NULL, 0),
(637, ' F-0000637', 'كاش', 246, 2, '2017-09-27', NULL, NULL, NULL, NULL, 'true', NULL, 37200.00, NULL, 0),
(638, ' F-0000638', 'كاش', 278, 2, '2017-09-27', NULL, NULL, NULL, NULL, 'true', NULL, 22200.50, NULL, 0),
(639, ' F-0000639', 'كاش', 279, 2, '2017-09-28', NULL, NULL, NULL, 2.00, 'true', NULL, 8160.05, NULL, 0),
(640, ' F-0000640', 'كاش', 224, 2, '2017-09-28', NULL, NULL, NULL, 2.50, 'true', NULL, 96.30, NULL, 0),
(641, ' F-0000641', 'كاش', 224, 2, '2017-09-28', NULL, NULL, NULL, NULL, 'true', NULL, 100.30, NULL, 0),
(642, ' F-0000642', 'كاش', 77, 2, '2017-09-28', NULL, NULL, NULL, NULL, 'true', NULL, 2690.80, NULL, 0),
(643, ' F-0000643', 'كاش', 280, 2, '2017-09-28', NULL, NULL, NULL, 40.00, 'true', NULL, 20550.00, NULL, 0),
(644, ' F-0000644', 'كاش', 155, 2, '2017-09-28', NULL, NULL, NULL, 10.00, 'true', NULL, 33200.00, NULL, 0),
(645, ' F-0000645', 'كاش', 84, 2, '2017-09-28', NULL, NULL, NULL, NULL, 'true', NULL, 33210.00, NULL, 0),
(646, ' F-0000646', 'كاش', 84, 2, '2017-09-28', NULL, NULL, NULL, 3.00, 'true', NULL, 4080.60, NULL, 0),
(647, ' F-0000647', 'كاش', 77, 2, '2017-09-28', NULL, NULL, NULL, NULL, 'true', NULL, 469.90, NULL, 0),
(648, ' F-0000648', 'كاش', 282, 2, '2017-09-29', NULL, NULL, NULL, 4.00, 'true', NULL, 9890.60, NULL, 0),
(649, ' F-0000649', 'حجز', 88, 2, '2017-09-30', NULL, NULL, NULL, NULL, 'true', NULL, 72433.13, 1, 55),
(650, ' F-0000650', 'كاش', 235, 2, '2017-09-30', NULL, NULL, NULL, NULL, 'true', NULL, 9869.65, NULL, 0),
(651, ' F-0000651', 'كاش', 283, 2, '2017-09-30', NULL, NULL, NULL, 5.00, 'true', NULL, 48670.00, NULL, 0),
(652, ' F-0000652', 'آجل', 194, 2, '2017-10-01', 0.00, 24975.00, '2017-10-02', NULL, 'true', 0.00, 24975.00, NULL, 0),
(653, ' F-0000653', 'كاش', 45, 2, '2017-10-01', NULL, NULL, NULL, 2.00, 'true', NULL, 3150.90, NULL, 0),
(654, ' F-0000654', 'كاش', 18, 2, '2017-10-01', NULL, NULL, NULL, 14.00, 'true', NULL, 11540.05, NULL, 0),
(655, ' F-0000655', 'كاش', 274, 2, '2017-10-01', NULL, NULL, NULL, 6.00, 'true', NULL, 50950.10, NULL, 0),
(656, ' F-0000656', 'كاش', 274, 2, '2017-10-01', NULL, NULL, NULL, 3.00, 'true', NULL, 1190.10, NULL, 0),
(657, ' F-0000657', 'كاش', 140, 2, '2017-10-01', NULL, NULL, NULL, 25.00, 'true', NULL, 13400.00, NULL, 0),
(658, ' F-0000658', 'كاش', 286, 2, '2017-10-01', NULL, NULL, NULL, 16.00, 'true', NULL, 26760.00, NULL, 0),
(659, ' F-0000659', 'كاش', 77, 2, '2017-10-01', NULL, NULL, NULL, NULL, 'true', NULL, 4295.60, NULL, 0),
(660, ' F-0000660', 'كاش', 77, 2, '2017-10-01', NULL, NULL, NULL, NULL, 'true', NULL, 4600.40, NULL, 0),
(661, ' F-0000661', 'حجز', 284, 2, '2017-10-01', NULL, NULL, NULL, NULL, 'true', NULL, 13900.00, 1, 60),
(662, ' F-0000662', 'حجز', 285, 2, '2017-10-02', NULL, NULL, NULL, NULL, 'true', NULL, 58299.50, 1, 61),
(663, ' F-0000663', 'كاش', 287, 2, '2017-10-02', NULL, NULL, NULL, 22.00, 'true', NULL, 10750.50, NULL, 0),
(664, ' F-0000664', 'كاش', 288, 2, '2017-10-02', NULL, NULL, NULL, NULL, 'true', NULL, 8535.80, NULL, 0),
(665, ' F-0000665', 'كاش', 289, 2, '2017-10-02', NULL, NULL, NULL, NULL, 'true', NULL, 24550.00, NULL, 0),
(666, ' F-0000666', 'كاش', 77, 2, '2017-10-02', NULL, NULL, NULL, 12.00, 'true', NULL, 1900.50, NULL, 0),
(667, ' F-0000667', 'كاش', 163, 2, '2017-10-03', NULL, NULL, NULL, 3.00, 'true', NULL, 7490.20, NULL, 0),
(668, ' F-0000668', 'كاش', 290, 2, '2017-10-03', NULL, NULL, NULL, 47.00, 'true', NULL, 46000.75, NULL, 0),
(669, ' F-0000669', 'كاش', 291, 2, '2017-10-03', NULL, NULL, NULL, 5.00, 'true', NULL, 43120.00, NULL, 0),
(670, ' F-0000670', 'كاش', 161, 2, '2017-10-03', NULL, NULL, NULL, 7.00, 'true', NULL, 22900.50, NULL, 0),
(671, ' F-0000671', 'آجل', 17, 2, '2017-10-04', 12000.00, 13443.00, '2017-10-05', NULL, 'true', 0.00, 25443.00, NULL, 0),
(672, ' F-0000672', 'كاش', 212, 2, '2017-10-04', NULL, NULL, NULL, NULL, 'true', NULL, 18450.90, NULL, 0),
(673, ' F-0000673', 'كاش', 265, 2, '2017-10-04', NULL, NULL, NULL, NULL, 'true', NULL, 44700.10, NULL, 0),
(674, ' F-0000674', 'كاش', 114, 2, '2017-10-04', NULL, NULL, NULL, 47.00, 'true', NULL, 49100.00, NULL, 0),
(675, ' F-0000675', 'كاش', 274, 2, '2017-10-04', NULL, NULL, NULL, 60.00, 'true', NULL, 54300.00, NULL, 0),
(676, ' F-0000676', 'كاش', 265, 2, '2017-10-04', NULL, NULL, NULL, 50.00, 'true', NULL, 61200.00, NULL, 0),
(677, ' F-0000677', 'كاش', 292, 2, '2017-10-04', NULL, NULL, NULL, 28.00, 'true', NULL, 57300.74, NULL, 0),
(678, ' F-0000678', 'كاش', 293, 2, '2017-10-04', NULL, NULL, NULL, NULL, 'true', NULL, 1800.20, NULL, 0),
(679, ' F-0000679', 'كاش', 135, 2, '2017-10-05', NULL, NULL, NULL, NULL, 'true', NULL, 12250.00, NULL, 0),
(680, ' F-0000680', 'حجز', 135, 2, '2017-10-05', NULL, NULL, NULL, NULL, 'true', NULL, 43192.30, 1, 47),
(681, ' F-0000681', 'كاش', 203, 2, '2017-10-05', NULL, NULL, NULL, 80.00, 'true', NULL, 66070.00, NULL, 0),
(682, ' F-0000682', 'كاش', 244, 2, '2017-10-05', NULL, NULL, NULL, 5.00, 'true', NULL, 7490.00, NULL, 0),
(683, ' F-0000683', 'حجز', 281, 2, '2017-10-05', NULL, NULL, NULL, NULL, 'true', NULL, 227365.50, 1, 62),
(684, ' F-0000684', 'كاش', 77, 2, '2017-10-05', NULL, NULL, NULL, NULL, 'true', NULL, 130.00, NULL, 0),
(685, ' F-0000685', 'آجل', 93, 2, '2017-10-07', 15000.00, 18250.90, '2017-10-07', 2.00, 'true', 0.00, 33250.90, NULL, 0),
(686, ' F-0000686', 'كاش', 239, 2, '2017-10-07', NULL, NULL, NULL, 37.00, 'true', NULL, 39900.50, NULL, 0),
(687, ' F-0000687', 'كاش', 16, 2, '2017-10-07', NULL, NULL, NULL, 3.00, 'true', NULL, 1199.85, NULL, 0),
(688, ' F-0000688', 'كاش', 211, 2, '2017-10-07', NULL, NULL, NULL, NULL, 'true', NULL, 60320.00, NULL, 0),
(689, ' F-0000689', 'كاش', 295, 2, '2017-10-07', NULL, NULL, NULL, NULL, 'true', NULL, 4650.25, NULL, 0),
(690, ' F-0000690', 'كاش', 283, 2, '2017-10-07', NULL, NULL, NULL, NULL, 'true', NULL, 2767.50, NULL, 0),
(691, ' F-0000691', 'حجز', 294, 2, '2017-10-07', NULL, NULL, NULL, NULL, 'true', NULL, 18295.00, 1, 63),
(692, ' F-0000692', 'حجز', 88, 2, '2017-10-08', NULL, NULL, NULL, NULL, 'true', NULL, 48618.83, 1, 55),
(693, ' F-0000693', 'كاش', 284, 2, '2017-10-08', NULL, NULL, NULL, NULL, 'true', NULL, 4548.36, NULL, 0),
(694, ' F-0000694', 'حجز', 88, 2, '2017-10-08', NULL, NULL, NULL, NULL, 'true', NULL, 98184.15, 1, 64),
(695, ' F-0000695', 'كاش', 110, 2, '2017-10-08', NULL, NULL, NULL, 10.00, 'true', NULL, 3800.00, NULL, 0),
(696, ' F-0000696', 'آجل', 68, 2, '2017-10-09', 215250.00, 30000.20, '2017-10-10', NULL, 'true', 0.00, 245250.20, NULL, 0),
(697, ' F-0000697', 'كاش', 77, 2, '2017-10-09', NULL, NULL, NULL, NULL, 'true', NULL, 189.99, NULL, 0),
(698, ' F-0000698', 'كاش', 296, 2, '2017-10-09', NULL, NULL, NULL, NULL, 'true', NULL, 37980.54, NULL, 0),
(699, ' F-0000699', 'كاش', 84, 2, '2017-10-09', NULL, NULL, NULL, 13.00, 'true', NULL, 6219.95, NULL, 0),
(700, ' F-0000700', 'كاش', 179, 2, '2017-10-09', NULL, NULL, NULL, 6.00, 'true', NULL, 25150.40, NULL, 0),
(701, ' F-0000701', 'كاش', 297, 2, '2017-10-09', NULL, NULL, NULL, 10.00, 'true', NULL, 18500.00, NULL, 0),
(702, ' F-0000702', 'آجل', 19, 2, '2017-10-09', 0.00, 24830.60, '2017-10-10', 4.00, 'true', 0.00, 24830.60, NULL, 0),
(703, ' F-0000703', 'كاش', 77, 2, '2017-10-10', NULL, NULL, NULL, NULL, 'true', NULL, 189.99, NULL, 0),
(704, ' F-0000704', 'كاش', 298, 2, '2017-10-10', NULL, NULL, NULL, NULL, 'true', NULL, 18300.00, NULL, 0),
(705, ' F-0000705', 'آجل', 45, 2, '2017-10-10', 30000.00, 2750.00, '2017-10-11', NULL, 'true', 0.00, 32750.00, NULL, 0),
(706, ' F-0000706', 'آجل', 194, 2, '2017-10-10', 0.00, 2387.50, '2017-10-11', NULL, 'true', 0.00, 2387.50, NULL, 0),
(707, ' F-0000707', 'كاش', 299, 2, '2017-10-10', NULL, NULL, NULL, 5.00, 'true', NULL, 12480.60, NULL, 0),
(708, ' F-0000708', 'كاش', 179, 2, '2017-10-10', NULL, NULL, NULL, NULL, 'true', NULL, 72474.75, NULL, 0),
(709, ' F-0000709', 'كاش', 183, 2, '2017-10-10', NULL, NULL, NULL, NULL, 'true', NULL, 26800.00, NULL, 0),
(710, ' F-0000710', 'حجز', 37, 2, '2017-10-10', NULL, NULL, NULL, NULL, 'true', NULL, 25499.60, 1, 65),
(711, ' F-0000711', 'آجل', 19, 2, '2017-10-10', 0.00, 24390.90, '2017-10-11', NULL, 'true', 0.00, 24390.90, NULL, 0),
(712, ' F-0000712', 'كاش', 300, 2, '2017-10-10', NULL, NULL, NULL, NULL, 'true', NULL, 32300.00, NULL, 0),
(713, ' F-0000713', 'كاش', 37, 2, '2017-10-11', NULL, NULL, NULL, 10.00, 'true', NULL, 380.00, NULL, 0),
(714, ' F-0000714', 'آجل', 194, 2, '2017-10-11', 0.00, 27812.70, '2017-10-12', NULL, 'true', 0.00, 27812.70, NULL, 0),
(715, ' F-0000715', 'كاش', 37, 2, '2017-10-11', NULL, NULL, NULL, 7.00, 'true', NULL, 900.50, NULL, 0),
(716, ' F-0000716', 'كاش', 66, 2, '2017-10-11', NULL, NULL, NULL, NULL, 'true', NULL, 29309.00, NULL, 0),
(717, ' F-0000717', 'كاش', 255, 2, '2017-10-11', NULL, NULL, NULL, NULL, 'true', NULL, 1300.00, NULL, 0),
(718, ' F-0000718', 'كاش', 161, 2, '2017-10-11', NULL, NULL, NULL, NULL, 'true', NULL, 21960.00, NULL, 0),
(719, ' F-0000719', 'آجل', 46, 2, '2017-10-11', 11300.00, 13000.00, '2017-10-20', NULL, 'false', 6000.00, 24300.00, NULL, 0),
(720, ' F-0000720', 'آجل', 19, 2, '2017-10-11', 3244.00, 7130.10, '2017-10-12', 2.00, 'true', 0.00, 10374.10, NULL, 0),
(721, ' F-0000721', 'آجل', 17, 2, '2017-10-12', 3300.00, 280.30, '2017-10-13', NULL, 'true', 0.00, 3580.30, NULL, 0),
(722, ' F-0000722', 'كاش', 179, 2, '2017-10-12', NULL, NULL, NULL, 2.00, 'true', NULL, 39230.35, NULL, 0),
(723, ' F-0000723', 'كاش', 255, 2, '2017-10-12', NULL, NULL, NULL, NULL, 'true', NULL, 195.00, NULL, 0),
(724, ' F-0000724', 'كاش', 60, 2, '2017-10-12', NULL, NULL, NULL, 25.00, 'true', NULL, 32300.00, NULL, 0),
(725, ' F-0000725', 'كاش', 2, 2, '2017-10-12', NULL, NULL, NULL, NULL, 'true', NULL, 278237.22, NULL, 0),
(726, ' F-0000726', 'كاش', 287, 2, '2017-10-12', NULL, NULL, NULL, 6.00, 'true', NULL, 7290.30, NULL, 0),
(727, ' F-0000727', 'كاش', 283, 2, '2017-10-13', NULL, NULL, NULL, NULL, 'true', NULL, 570.50, NULL, 0),
(728, ' F-0000728', 'كاش', 80, 2, '2017-10-13', NULL, NULL, NULL, 2.00, 'true', NULL, 60210.16, NULL, 0),
(729, ' F-0000729', 'كاش', 205, 2, '2017-10-14', NULL, NULL, NULL, NULL, 'true', NULL, 5750.00, NULL, 0),
(730, ' F-0000730', 'حجز', 204, 2, '2017-10-14', NULL, NULL, NULL, NULL, 'true', NULL, 40632.00, 1, 43),
(731, ' F-0000731', 'آجل', 2, 2, '2017-10-15', 133300.00, 137340.32, '2017-10-16', NULL, 'true', 0.00, 270640.32, NULL, 0),
(732, ' F-0000732', 'آجل', 194, 2, '2017-10-15', 0.00, 25866.90, '2017-10-16', NULL, 'true', 0.00, 25866.90, NULL, 0),
(733, ' F-0000733', 'كاش', 301, 2, '2017-10-15', NULL, NULL, NULL, NULL, 'true', NULL, 57150.00, NULL, 0),
(734, ' F-0000734', 'كاش', 303, 2, '2017-10-15', NULL, NULL, NULL, NULL, 'true', NULL, 61200.00, NULL, 0),
(735, ' F-0000735', 'كاش', 114, 2, '2017-10-15', NULL, NULL, NULL, NULL, 'true', NULL, 35748.00, NULL, 0),
(736, ' F-0000736', 'كاش', 84, 2, '2017-10-15', NULL, NULL, NULL, NULL, 'true', NULL, 8959.30, NULL, 0),
(737, ' F-0000737', 'كاش', 235, 2, '2017-10-16', NULL, NULL, NULL, 1.00, 'true', NULL, 19480.40, NULL, 0),
(738, ' F-0000738', 'حجز', 37, 2, '2017-10-16', NULL, NULL, NULL, NULL, 'true', NULL, 20359.20, 1, 16),
(739, ' F-0000739', 'كاش', 37, 2, '2017-10-16', NULL, NULL, NULL, 2.00, 'true', NULL, 7860.50, NULL, 0),
(740, ' F-0000740', 'كاش', 9, 2, '2017-10-16', NULL, NULL, NULL, 2.00, 'true', NULL, 35890.67, NULL, 0),
(741, ' F-0000741', 'كاش', 284, 2, '2017-10-16', NULL, NULL, NULL, 5.00, 'true', NULL, 5350.40, NULL, 0),
(742, ' F-0000742', 'كاش', 111, 2, '2017-10-16', NULL, NULL, NULL, NULL, 'true', NULL, 927.20, NULL, 0),
(743, ' F-0000743', 'كاش', 305, 2, '2017-10-16', NULL, NULL, NULL, 25.00, 'true', NULL, 36550.00, NULL, 0),
(744, ' F-0000744', 'كاش', 80, 2, '2017-10-16', NULL, NULL, NULL, 2.00, 'true', NULL, 49970.95, NULL, 0),
(745, ' F-0000745', 'كاش', 161, 2, '2017-10-16', NULL, NULL, NULL, NULL, 'true', NULL, 14640.00, NULL, 0),
(746, ' F-0000746', 'حجز', 306, 2, '2017-10-17', NULL, NULL, NULL, NULL, 'true', NULL, 19200.00, 1, 68),
(747, ' F-0000747', 'كاش', 9, 2, '2017-10-17', NULL, NULL, NULL, NULL, 'true', NULL, 19885.79, NULL, 0),
(748, ' F-0000748', 'كاش', 16, 2, '2017-10-17', NULL, NULL, NULL, 1.00, 'true', NULL, 450.40, NULL, 0),
(749, ' F-0000749', 'كاش', 294, 2, '2017-10-17', NULL, NULL, NULL, NULL, 'true', NULL, 1545.60, NULL, 0),
(750, ' F-0000750', 'كاش', 307, 2, '2017-10-17', NULL, NULL, NULL, 40.00, 'true', NULL, 36200.00, NULL, 0),
(751, ' F-0000751', 'كاش', 308, 2, '2017-10-17', NULL, NULL, NULL, 59.00, 'true', NULL, 49200.10, NULL, 0),
(752, ' F-0000752', 'حجز', 88, 2, '2017-10-17', NULL, NULL, NULL, NULL, 'true', NULL, 24445.80, 1, 64),
(753, ' F-0000753', 'آجل', 68, 2, '2017-10-17', 0.00, 256730.00, '2017-10-18', 2.00, 'true', 0.00, 256730.00, NULL, 0),
(754, ' F-0000754', 'حجز', 281, 2, '2017-10-17', NULL, NULL, NULL, 1.00, 'true', NULL, 18633.50, 1, 62),
(755, ' F-0000755', 'كاش', 281, 2, '2017-10-17', NULL, NULL, NULL, 90.00, 'true', NULL, 50800.35, NULL, 0),
(756, ' F-0000756', 'كاش', 251, 2, '2017-10-18', NULL, NULL, NULL, 25.00, 'true', NULL, 38300.00, NULL, 0),
(757, ' F-0000757', 'حجز', 266, 2, '2017-10-18', NULL, NULL, NULL, 25.00, 'true', NULL, 18650.00, 1, 57),
(758, ' F-0000758', 'آجل', 45, 2, '2017-10-18', 400.00, 75.00, '2017-10-19', NULL, 'true', 0.00, 475.00, NULL, 0),
(759, ' F-0000759', 'حجز', 204, 2, '2017-10-18', NULL, NULL, NULL, NULL, 'true', NULL, 1854.40, 1, 43),
(760, ' F-0000760', 'كاش', 309, 2, '2017-10-18', NULL, NULL, NULL, 6.00, 'true', NULL, 4550.25, NULL, 0),
(761, ' F-0000761', 'كاش', 310, 2, '2017-10-18', NULL, NULL, NULL, NULL, 'true', NULL, 54700.00, NULL, 0),
(762, ' F-0000762', 'كاش', 311, 2, '2017-10-18', NULL, NULL, NULL, 23.00, 'true', NULL, 24600.50, NULL, 0),
(763, ' F-0000763', 'كاش', 312, 2, '2017-10-18', NULL, NULL, NULL, 80.00, 'true', NULL, 63000.00, NULL, 0),
(764, ' F-0000764', 'آجل', 80, 2, '2017-10-18', 0.00, 49060.60, '2017-10-19', 7.00, 'true', 0.00, 49060.60, NULL, 0),
(765, ' F-0000765', 'كاش', 313, 2, '2017-10-18', NULL, NULL, NULL, 1.00, 'true', NULL, 28810.00, NULL, 0),
(766, ' F-0000766', 'كاش', 45, 2, '2017-10-18', NULL, NULL, NULL, NULL, 'true', NULL, 100.00, NULL, 0),
(767, ' F-0000767', 'كاش', 310, 2, '2017-10-18', NULL, NULL, NULL, 1.00, 'true', NULL, 285.30, NULL, 0),
(768, ' F-0000768', 'كاش', 80, 2, '2017-10-19', NULL, NULL, NULL, NULL, 'true', NULL, 48465.10, NULL, 0),
(769, ' F-0000769', 'كاش', 314, 2, '2017-10-19', NULL, NULL, NULL, NULL, 'true', NULL, 625.00, NULL, 0),
(770, ' F-0000770', 'كاش', 66, 2, '2017-10-19', NULL, NULL, NULL, 54.00, 'true', NULL, 43300.70, NULL, 0),
(771, ' F-0000771', 'كاش', 66, 2, '2017-10-19', NULL, NULL, NULL, NULL, 'true', NULL, 6200.00, NULL, 0),
(772, ' F-0000772', 'كاش', 16, 2, '2017-10-19', NULL, NULL, NULL, 13.00, 'true', NULL, 3750.10, NULL, 0),
(773, ' F-0000773', 'كاش', 77, 2, '2017-10-19', NULL, NULL, NULL, NULL, 'true', NULL, 3596.40, NULL, 0),
(774, ' F-0000774', 'كاش', 80, 2, '2017-10-19', NULL, NULL, NULL, 5.00, 'true', NULL, 107300.25, NULL, 0),
(775, ' F-0000775', 'كاش', 288, 2, '2017-10-19', NULL, NULL, NULL, NULL, 'true', NULL, 37775.00, NULL, 0),
(776, ' F-0000776', 'كاش', 77, 2, '2017-10-19', NULL, NULL, NULL, NULL, 'true', NULL, 42626.10, NULL, 0),
(777, ' F-0000777', 'كاش', 304, 2, '2017-10-19', NULL, NULL, NULL, 6.00, 'true', NULL, 6700.05, NULL, 0),
(778, ' F-0000778', 'كاش', 305, 2, '2017-10-20', NULL, NULL, NULL, NULL, 'true', NULL, 375.00, NULL, 0),
(779, ' F-0000779', 'كاش', 315, 2, '2017-10-20', NULL, NULL, NULL, 54.00, 'true', NULL, 73200.20, NULL, 0),
(780, ' F-0000780', 'كاش', 205, 2, '2017-10-21', NULL, NULL, NULL, 19.00, 'true', NULL, 8050.95, NULL, 0),
(781, ' F-0000781', 'كاش', 9, 2, '2017-10-21', NULL, NULL, NULL, 3.00, 'true', NULL, 13760.70, NULL, 0),
(782, ' F-0000782', 'كاش', 316, 2, '2017-10-21', NULL, NULL, NULL, 7.00, 'true', NULL, 19100.40, NULL, 0),
(783, ' F-0000783', 'آجل', 194, 2, '2017-10-21', 0.00, 124308.30, '2017-10-22', NULL, 'false', 46855.00, 124308.30, NULL, 0),
(784, ' F-0000784', 'كاش', 317, 2, '2017-10-21', NULL, NULL, NULL, 96.00, 'true', NULL, 60690.45, NULL, 0),
(785, ' F-0000785', 'كاش', 113, 2, '2017-10-21', NULL, NULL, NULL, NULL, 'true', NULL, 36390.00, NULL, 0),
(786, ' F-0000786', 'آجل', 2, 2, '2017-10-21', 127000.00, 116954.55, '2017-10-22', 1792.00, 'true', 0.00, 243954.55, NULL, 0),
(787, ' F-0000787', 'حجز', 204, 2, '2017-10-22', NULL, NULL, NULL, NULL, 'true', NULL, 30180.00, 1, 43),
(788, ' F-0000788', 'كاش', 318, 2, '2017-10-22', NULL, NULL, NULL, 90.00, 'true', NULL, 66500.00, NULL, 0),
(789, ' F-0000789', 'كاش', 319, 2, '2017-10-22', NULL, NULL, NULL, 9.00, 'true', NULL, 3500.00, NULL, 0),
(790, ' F-0000790', 'كاش', 321, 2, '2017-10-22', NULL, NULL, NULL, 9.00, 'true', NULL, 6850.16, NULL, 0),
(791, ' F-0000791', 'كاش', 31, 2, '2017-10-22', NULL, NULL, NULL, 5.00, 'true', NULL, 6060.00, NULL, 0),
(792, ' F-0000792', 'كاش', 77, 2, '2017-10-22', NULL, NULL, NULL, NULL, 'true', NULL, 1695.20, NULL, 0),
(793, ' F-0000793', 'كاش', 322, 2, '2017-10-22', NULL, NULL, NULL, 15.00, 'true', NULL, 14600.00, NULL, 0),
(794, ' F-0000794', 'آجل', 19, 2, '2017-10-22', 0.00, 44845.65, '2017-10-23', NULL, 'true', 0.00, 44845.65, NULL, 0),
(795, ' F-0000795', 'آجل', 68, 2, '2017-10-22', 200000.00, 45870.06, '2017-10-22', 4.00, 'true', 0.00, 245870.06, NULL, 0),
(796, ' F-0000796', 'كاش', 77, 2, '2017-10-22', NULL, NULL, NULL, 35.00, 'true', NULL, 15300.00, NULL, 0),
(797, ' F-0000797', 'كاش', 323, 2, '2017-10-22', NULL, NULL, NULL, 50.00, 'true', NULL, 11500.35, NULL, 0),
(798, ' F-0000798', 'كاش', 224, 2, '2017-10-23', NULL, NULL, NULL, NULL, 'true', NULL, 370.50, NULL, 0),
(799, ' F-0000799', 'كاش', 323, 2, '2017-10-23', NULL, NULL, NULL, 5.00, 'true', NULL, 1370.35, NULL, 0),
(800, ' F-0000800', 'حجز', 39, 2, '2017-10-23', NULL, NULL, NULL, 10.00, 'true', NULL, 18200.00, 1, 69),
(801, ' F-0000801', 'حجز', 135, 2, '2017-10-23', NULL, NULL, NULL, NULL, 'true', NULL, 23443.00, 1, 47),
(802, ' F-0000802', 'حجز', 37, 2, '2017-10-23', NULL, NULL, NULL, NULL, 'true', NULL, 14796.60, 1, 16),
(803, ' F-0000803', 'كاش', 308, 2, '2017-10-23', NULL, NULL, NULL, 39.00, 'true', NULL, 116200.50, NULL, 0),
(804, ' F-0000804', 'كاش', 77, 2, '2017-10-23', NULL, NULL, NULL, NULL, 'true', NULL, 549.00, NULL, 0),
(805, ' F-0000805', 'حجز', 88, 2, '2017-10-23', NULL, NULL, NULL, NULL, 'true', NULL, 155228.40, 1, 64),
(806, ' F-0000806', 'كاش', 324, 2, '2017-10-23', NULL, NULL, NULL, 20.00, 'true', NULL, 7300.55, NULL, 0),
(807, ' F-0000807', 'كاش', 325, 2, '2017-10-23', NULL, NULL, NULL, NULL, 'true', NULL, 8939.50, NULL, 0),
(808, ' F-0000808', 'كاش', 80, 2, '2017-10-24', NULL, NULL, NULL, NULL, 'true', NULL, 50179.50, NULL, 0),
(809, ' F-0000809', 'كاش', 326, 2, '2017-10-24', NULL, NULL, NULL, NULL, 'true', NULL, 27450.00, NULL, 0),
(810, ' F-0000810', 'كاش', 161, 2, '2017-10-24', NULL, NULL, NULL, 2.00, 'true', NULL, 30300.10, NULL, 0),
(811, ' F-0000811', 'آجل', 19, 2, '2017-10-24', 0.00, 21880.00, '2017-10-25', 5.00, 'true', 0.00, 21880.00, NULL, 0),
(812, ' F-0000812', 'كاش', 31, 2, '2017-10-25', NULL, NULL, NULL, NULL, 'true', NULL, 750.20, NULL, 0),
(813, ' F-0000813', 'كاش', 328, 2, '2017-10-25', NULL, NULL, NULL, 5.00, 'true', NULL, 21900.00, NULL, 0),
(814, ' F-0000814', 'كاش', 329, 2, '2017-10-25', NULL, NULL, NULL, NULL, 'true', NULL, 40095.00, NULL, 0),
(815, ' F-0000815', 'حجز', 320, 2, '2017-10-25', NULL, NULL, NULL, 88.00, 'true', NULL, 36199.50, 1, 70),
(816, ' F-0000816', 'كاش', 327, 2, '2017-10-25', NULL, NULL, NULL, NULL, 'true', NULL, 49980.00, NULL, 0),
(817, ' F-0000817', 'كاش', 330, 2, '2017-10-25', NULL, NULL, NULL, 11.00, 'true', NULL, 12300.65, NULL, 0),
(818, ' F-0000818', 'كاش', 305, 2, '2017-10-25', NULL, NULL, NULL, NULL, 'true', NULL, 24050.05, NULL, 0),
(819, ' F-0000819', 'كاش', 329, 2, '2017-10-25', NULL, NULL, NULL, NULL, 'true', NULL, 18250.50, NULL, 0),
(820, ' F-0000820', 'كاش', 80, 2, '2017-10-25', NULL, NULL, NULL, NULL, 'true', NULL, 49550.70, NULL, 0),
(821, ' F-0000821', 'آجل', 2, 2, '2017-10-25', 80000.00, 163409.95, '2017-10-26', NULL, 'true', 0.00, 243409.95, NULL, 0),
(822, ' F-0000822', 'كاش', 331, 2, '2017-10-26', NULL, NULL, NULL, NULL, 'true', NULL, 30471.00, NULL, 0),
(823, ' F-0000823', 'كاش', 77, 2, '2017-10-26', NULL, NULL, NULL, NULL, 'true', NULL, 23100.00, NULL, 0),
(824, ' F-0000824', 'كاش', 305, 2, '2017-10-26', NULL, NULL, NULL, 2.00, 'true', NULL, 1480.30, NULL, 0),
(825, ' F-0000825', 'حجز', 3, 2, '2017-10-26', NULL, NULL, NULL, NULL, 'true', NULL, 120491.10, 1, 71),
(826, ' F-0000826', 'آجل', 161, 2, '2017-10-26', 6300.00, 85.00, '2017-10-27', NULL, 'true', 0.00, 6385.00, NULL, 0),
(827, ' F-0000827', 'كاش', 314, 2, '2017-10-26', NULL, NULL, NULL, NULL, 'true', NULL, 7930.00, NULL, 0),
(828, ' F-0000828', 'كاش', 332, 2, '2017-10-26', NULL, NULL, NULL, NULL, 'true', NULL, 31350.00, NULL, 0),
(829, ' F-0000829', 'حجز', 204, 2, '2017-10-26', NULL, NULL, NULL, NULL, 'true', NULL, 15408.00, 1, 43),
(830, ' F-0000830', 'كاش', 204, 2, '2017-10-26', NULL, NULL, NULL, NULL, 'true', NULL, 3700.00, NULL, 0),
(831, ' F-0000831', 'كاش', 329, 2, '2017-10-26', NULL, NULL, NULL, NULL, 'true', NULL, 6075.00, NULL, 0),
(832, ' F-0000832', 'كاش', 333, 2, '2017-10-26', NULL, NULL, NULL, NULL, 'true', NULL, 35305.00, NULL, 0),
(833, ' F-0000833', 'كاش', 334, 2, '2017-10-26', NULL, NULL, NULL, NULL, 'true', NULL, 45825.00, NULL, 0),
(834, ' F-0000834', 'كاش', 77, 2, '2017-10-27', NULL, NULL, NULL, 12.00, 'true', NULL, 4000.65, NULL, 0),
(835, ' F-0000835', 'آجل', 68, 2, '2017-10-28', 200000.00, 47825.41, '2017-10-28', NULL, 'true', 0.00, 247825.41, NULL, 0),
(836, ' F-0000836', 'كاش', 239, 2, '2017-10-28', NULL, NULL, NULL, NULL, 'true', NULL, 9760.00, NULL, 0),
(837, ' F-0000837', 'آجل', 84, 2, '2017-10-28', 0.00, 5000.00, '2017-10-29', NULL, 'true', 0.00, 5000.00, NULL, 0),
(838, ' F-0000838', 'كاش', 329, 2, '2017-10-28', NULL, NULL, NULL, NULL, 'true', NULL, 15795.00, NULL, 0),
(839, ' F-0000839', 'كاش', 329, 2, '2017-10-28', NULL, NULL, NULL, NULL, 'true', NULL, 36450.00, NULL, 0),
(840, ' F-0000840', 'كاش', 212, 2, '2017-10-28', NULL, NULL, NULL, NULL, 'true', NULL, 54585.00, NULL, 0),
(841, ' F-0000841', 'كاش', 335, 2, '2017-10-28', NULL, NULL, NULL, NULL, 'true', NULL, 10935.00, NULL, 0),
(842, ' F-0000842', 'كاش', 336, 2, '2017-10-28', NULL, NULL, NULL, NULL, 'true', NULL, 39950.00, NULL, 0),
(843, ' F-0000843', 'كاش', 337, 2, '2017-10-28', NULL, NULL, NULL, 2.00, 'true', NULL, 39570.55, NULL, 0),
(844, ' F-0000844', 'حجز', 275, 2, '2017-10-29', NULL, NULL, NULL, 1.00, 'true', NULL, 60920.20, 1, 58),
(845, ' F-0000845', 'آجل', 2, 2, '2017-10-29', 111300.00, 153337.02, '2017-10-30', NULL, 'true', 0.00, 264637.02, NULL, 0),
(846, ' F-0000846', 'كاش', 326, 2, '2017-10-29', NULL, NULL, NULL, NULL, 'true', NULL, 1875.00, NULL, 0),
(847, ' F-0000847', 'كاش', 9, 2, '2017-10-29', NULL, NULL, NULL, 6.00, 'true', NULL, 23350.08, NULL, 0),
(848, ' F-0000848', 'كاش', 338, 2, '2017-10-29', NULL, NULL, NULL, 25.00, 'true', NULL, 41500.00, NULL, 0),
(849, ' F-0000849', 'آجل', 194, 2, '2017-10-29', 0.00, 3505.50, '2017-10-29', NULL, 'false', 3505.50, 3505.50, NULL, 0),
(850, ' F-0000850', 'حجز', 3, 2, '2017-10-29', NULL, NULL, NULL, NULL, 'true', NULL, 2512.50, 1, 71),
(851, ' F-0000851', 'كاش', 339, 2, '2017-10-29', NULL, NULL, NULL, NULL, 'true', NULL, 60500.00, NULL, 0),
(852, ' F-0000852', 'كاش', 340, 2, '2017-10-29', NULL, NULL, NULL, NULL, 'true', NULL, 12093.35, NULL, 0),
(853, ' F-0000853', 'كاش', 340, 2, '2017-10-29', NULL, NULL, NULL, NULL, 'true', NULL, 2750.00, NULL, 0),
(854, ' F-0000854', 'كاش', 139, 2, '2017-10-30', NULL, NULL, NULL, NULL, 'true', NULL, 130.00, NULL, 0),
(855, ' F-0000855', 'كاش', 60, 2, '2017-10-30', NULL, NULL, NULL, 11.00, 'true', NULL, 6300.30, NULL, 0),
(856, ' F-0000856', 'كاش', 77, 2, '2017-10-30', NULL, NULL, NULL, NULL, 'true', NULL, 189.99, NULL, 0),
(857, ' F-0000857', 'حجز', 37, 2, '2017-10-30', NULL, NULL, NULL, NULL, 'true', NULL, 1020.00, 1, 16),
(858, ' F-0000858', 'كاش', 37, 2, '2017-10-30', NULL, NULL, NULL, NULL, 'true', NULL, 4800.00, NULL, 0),
(859, ' F-0000859', 'آجل', 66, 2, '2017-10-30', 0.00, 11285.50, '2017-10-30', NULL, 'true', 0.00, 11285.50, NULL, 0),
(860, ' F-0000860', 'كاش', 179, 2, '2017-10-30', NULL, NULL, NULL, 12.00, 'true', NULL, 30290.10, NULL, 0),
(861, ' F-0000861', 'كاش', 104, 2, '2017-10-30', NULL, NULL, NULL, NULL, 'true', NULL, 18000.00, NULL, 0),
(862, ' F-0000862', 'كاش', 161, 2, '2017-10-30', NULL, NULL, NULL, NULL, 'true', NULL, 19440.00, NULL, 0),
(863, ' F-0000863', 'آجل', 341, 2, '2017-10-30', 25000.00, 6100.70, '2017-10-31', 2.00, 'true', 0.00, 31100.70, NULL, 0),
(864, ' F-0000864', 'كاش', 294, 2, '2017-10-31', NULL, NULL, NULL, 1.00, 'true', NULL, 19280.10, NULL, 0),
(865, ' F-0000865', 'كاش', 294, 2, '2017-10-31', NULL, NULL, NULL, NULL, 'true', NULL, 260.40, NULL, 0),
(866, ' F-0000866', 'كاش', 161, 2, '2017-10-31', NULL, NULL, NULL, 1.00, 'true', NULL, 16085.60, NULL, 0),
(867, ' F-0000867', 'كاش', 84, 2, '2017-10-31', NULL, NULL, NULL, 50.00, 'true', NULL, 47950.00, NULL, 0),
(868, ' F-0000868', 'كاش', 342, 2, '2017-10-31', NULL, NULL, NULL, NULL, 'true', NULL, 12625.00, NULL, 0),
(869, ' F-0000869', 'كاش', 0, 2, '2017-11-01', NULL, NULL, NULL, NULL, 'true', NULL, 1570.40, NULL, 0),
(870, ' F-0000870', 'كاش', 235, 2, '2017-11-01', NULL, NULL, NULL, NULL, 'true', NULL, 2125.00, NULL, 0),
(871, ' F-0000871', 'كاش', 235, 2, '2017-11-01', NULL, NULL, NULL, NULL, 'true', NULL, 6876.90, NULL, 0),
(872, ' F-0000872', 'كاش', 161, 2, '2017-11-01', NULL, NULL, NULL, NULL, 'true', NULL, 2293.60, NULL, 0),
(873, ' F-0000873', 'آجل', 68, 2, '2017-11-01', 200000.00, 18200.35, '2017-11-01', 9.00, 'true', 0.00, 218200.35, NULL, 0),
(874, ' F-0000874', 'كاش', 344, 2, '2017-11-01', NULL, NULL, NULL, NULL, 'true', NULL, 23190.00, NULL, 0),
(875, ' F-0000875', 'كاش', 77, 2, '2017-11-01', NULL, NULL, NULL, NULL, 'true', NULL, 4930.00, NULL, 0),
(876, ' F-0000876', 'كاش', 77, 2, '2017-11-01', NULL, NULL, NULL, NULL, 'true', NULL, 2448.00, NULL, 0),
(877, ' F-0000877', 'كاش', 345, 2, '2017-11-01', NULL, NULL, NULL, 42.00, 'true', NULL, 30500.30, NULL, 0),
(878, ' F-0000878', 'كاش', 346, 2, '2017-11-01', NULL, NULL, NULL, NULL, 'true', NULL, 38280.00, NULL, 0),
(879, ' F-0000879', 'آجل', 255, 2, '2017-11-01', 32550.00, 2500.75, '2017-11-01', 2.00, 'true', 0.00, 35050.75, NULL, 0),
(880, ' F-0000880', 'كاش', 93, 2, '2017-11-01', NULL, NULL, NULL, 9.00, 'true', NULL, 27050.50, NULL, 0),
(881, ' F-0000881', 'كاش', 199, 2, '2017-11-02', NULL, NULL, NULL, 44.00, 'true', NULL, 64350.54, NULL, 0),
(882, ' F-0000882', 'كاش', 347, 2, '2017-11-02', NULL, NULL, NULL, 18.00, 'true', NULL, 3600.50, NULL, 0),
(883, ' F-0000883', 'كاش', 349, 2, '2017-11-02', NULL, NULL, NULL, 7.00, 'true', NULL, 33700.00, NULL, 0),
(884, ' F-0000884', 'كاش', 9, 2, '2017-11-02', NULL, NULL, NULL, 17.00, 'true', NULL, 82750.36, NULL, 0),
(885, ' F-0000885', 'حجز', 343, 2, '2017-11-02', NULL, NULL, NULL, NULL, 'true', NULL, 98819.60, 1, 72),
(886, ' F-0000886', 'حجز', 135, 2, '2017-11-04', NULL, NULL, NULL, NULL, 'true', NULL, 12042.80, 1, 47),
(887, ' F-0000887', 'كاش', 314, 2, '2017-11-04', NULL, NULL, NULL, 6.00, 'true', NULL, 8400.90, NULL, 0),
(888, ' F-0000888', 'آجل', 17, 2, '2017-11-04', 3200.00, 4787.40, '2017-11-05', NULL, 'true', 0.00, 7987.40, NULL, 0),
(889, ' F-0000889', 'كاش', 60, 2, '2017-11-04', NULL, NULL, NULL, 6.00, 'true', NULL, 23770.50, NULL, 0),
(890, ' F-0000890', 'آجل', 2, 2, '2017-11-04', 65670.00, 9440.30, '2017-11-05', 1.00, 'true', 0.00, 75110.30, NULL, 0),
(891, ' F-0000891', 'كاش', 351, 2, '2017-11-04', NULL, NULL, NULL, 7.00, 'true', NULL, 95880.40, NULL, 0),
(892, ' F-0000892', 'كاش', 224, 2, '2017-11-05', NULL, NULL, NULL, NULL, 'true', NULL, 550.00, NULL, 0),
(893, ' F-0000893', 'كاش', 76, 2, '2017-11-05', NULL, NULL, NULL, NULL, 'true', NULL, 21625.65, NULL, 0),
(894, ' F-0000894', 'كاش', 60, 2, '2017-11-05', NULL, NULL, NULL, NULL, 'true', NULL, 895.40, NULL, 0),
(895, ' F-0000895', 'كاش', 352, 2, '2017-11-05', NULL, NULL, NULL, 52.00, 'true', NULL, 37700.50, NULL, 0),
(896, ' F-0000896', 'حجز', 350, 2, '2017-11-05', NULL, NULL, NULL, NULL, 'true', NULL, 19650.00, 1, 74),
(897, ' F-0000897', 'كاش', 84, 2, '2017-11-05', NULL, NULL, NULL, NULL, 'true', NULL, 2916.10, NULL, 0),
(898, ' F-0000898', 'آجل', 68, 2, '2017-11-05', 150000.00, 72400.56, '2017-11-06', 15.00, 'true', 0.00, 222400.56, NULL, 0),
(899, ' F-0000899', 'كاش', 294, 2, '2017-11-06', NULL, NULL, NULL, 2.00, 'true', NULL, 8570.30, NULL, 0),
(900, ' F-0000900', 'كاش', 166, 2, '2017-11-06', NULL, NULL, NULL, NULL, 'true', NULL, 1325.00, NULL, 0),
(901, ' F-0000901', 'آجل', 2, 2, '2017-11-06', 0.00, 247647.96, '2017-11-07', NULL, 'true', 0.00, 247647.96, NULL, 0),
(902, ' F-0000902', 'كاش', 338, 2, '2017-11-06', NULL, NULL, NULL, NULL, 'true', NULL, 8985.20, NULL, 0),
(903, ' F-0000903', 'كاش', 294, 2, '2017-11-06', NULL, NULL, NULL, NULL, 'true', NULL, 135.10, NULL, 0),
(904, ' F-0000904', 'كاش', 354, 2, '2017-11-06', NULL, NULL, NULL, NULL, 'true', NULL, 8435.95, NULL, 0),
(905, ' F-0000905', 'كاش', 93, 2, '2017-11-06', NULL, NULL, NULL, NULL, 'true', NULL, 3100.00, NULL, 0),
(906, ' F-0000906', 'كاش', 93, 2, '2017-11-06', NULL, NULL, NULL, NULL, 'true', NULL, 3100.00, NULL, 0),
(907, ' F-0000907', 'كاش', 31, 2, '2017-11-07', NULL, NULL, NULL, NULL, 'true', NULL, 6936.55, NULL, 0),
(908, ' F-0000908', 'كاش', 77, 2, '2017-11-07', NULL, NULL, NULL, NULL, 'true', NULL, 2065.50, NULL, 0),
(909, ' F-0000909', 'كاش', 355, 2, '2017-11-07', NULL, NULL, NULL, 40.00, 'true', NULL, 27350.00, NULL, 0),
(910, ' F-0000910', 'كاش', 77, 2, '2017-11-07', NULL, NULL, NULL, NULL, 'true', NULL, 189.99, NULL, 0),
(911, ' F-0000911', 'كاش', 356, 2, '2017-11-07', NULL, NULL, NULL, NULL, 'true', NULL, 48520.00, NULL, 0),
(912, ' F-0000912', 'كاش', 357, 2, '2017-11-07', NULL, NULL, NULL, NULL, 'true', NULL, 15125.00, NULL, 0),
(913, ' F-0000913', 'كاش', 329, 2, '2017-11-07', NULL, NULL, NULL, 2.00, 'true', NULL, 36430.00, NULL, 0),
(914, ' F-0000914', 'آجل', 235, 2, '2017-11-07', 0.00, 11910.80, '2017-11-08', 3.00, 'false', 10.00, 11910.80, NULL, 0),
(915, ' F-0000915', 'آجل', 17, 2, '2017-11-07', 0.00, 15550.00, '2017-11-07', NULL, 'false', 337.00, 15550.00, NULL, 0),
(916, ' F-0000916', 'كاش', 66, 2, '2017-11-07', NULL, NULL, NULL, 4.00, 'true', NULL, 11440.30, NULL, 0),
(917, ' F-0000917', 'كاش', 66, 2, '2017-11-07', NULL, NULL, NULL, NULL, 'true', NULL, 24300.00, NULL, 0),
(918, ' F-0000918', 'كاش', 18, 2, '2017-11-08', NULL, NULL, NULL, NULL, 'true', NULL, 48800.65, NULL, 0),
(919, ' F-0000919', 'كاش', 9, 2, '2017-11-08', NULL, NULL, NULL, NULL, 'true', NULL, 14085.00, NULL, 0),
(920, ' F-0000920', 'كاش', 77, 2, '2017-11-09', NULL, NULL, NULL, NULL, 'true', NULL, 399.00, NULL, 0),
(921, ' F-0000921', 'آجل', 16, 2, '2017-11-09', 1500.00, 55.00, '2017-11-18', NULL, 'false', 55.00, 1555.00, NULL, 0),
(922, ' F-0000922', 'حجز', 88, 2, '2017-11-09', NULL, NULL, NULL, NULL, 'true', NULL, 32574.15, 1, 64),
(923, ' F-0000923', 'كاش', 66, 2, '2017-11-09', NULL, NULL, NULL, NULL, 'true', NULL, 5540.40, NULL, 0),
(924, ' F-0000924', 'آجل', 194, 2, '2017-11-09', 0.00, 1918.80, '2017-11-10', NULL, 'false', 1918.80, 1918.80, NULL, 0),
(925, ' F-0000925', 'آجل', 358, 2, '2017-11-09', 0.00, 11770.60, '2017-11-10', 7.00, 'false', 11770.60, 11770.60, NULL, 0),
(926, ' F-0000926', 'كاش', 104, 2, '2017-11-09', NULL, NULL, NULL, 75.00, 'true', NULL, 49500.00, NULL, 0),
(927, ' F-0000927', 'كاش', 84, 2, '2017-11-09', NULL, NULL, NULL, NULL, 'true', NULL, 59900.50, NULL, 0),
(928, ' F-0000928', 'كاش', 84, 2, '2017-11-09', NULL, NULL, NULL, NULL, 'true', NULL, 7870.90, NULL, 0),
(929, ' F-0000929', 'كاش', 84, 2, '2017-11-10', NULL, NULL, NULL, 34.00, 'true', NULL, 14650.00, NULL, 0),
(930, ' F-0000930', 'كاش', 359, 2, '2017-11-10', NULL, NULL, NULL, NULL, 'true', NULL, 11979.00, NULL, 0),
(931, ' F-0000931', 'كاش', 41, 2, '2017-11-10', NULL, NULL, NULL, NULL, 'true', NULL, 1250.00, NULL, 0),
(932, ' F-0000932', 'كاش', 80, 2, '2017-11-10', NULL, NULL, NULL, NULL, 'true', NULL, 99235.53, NULL, 0),
(933, ' F-0000933', 'كاش', 16, 2, '2017-11-11', NULL, NULL, NULL, NULL, 'true', NULL, 900.04, NULL, 0),
(934, ' F-0000934', 'كاش', 360, 2, '2017-11-11', NULL, NULL, NULL, NULL, 'true', NULL, 27600.20, NULL, 0),
(935, ' F-0000935', 'كاش', 361, 2, '2017-11-11', NULL, NULL, NULL, 3.00, 'true', NULL, 3576.25, NULL, 0),
(936, ' F-0000936', 'كاش', 361, 2, '2017-11-11', NULL, NULL, NULL, NULL, 'true', NULL, 7804.50, NULL, 0),
(937, ' F-0000937', 'كاش', 80, 2, '2017-11-11', NULL, NULL, NULL, 2.00, 'true', NULL, 47305.00, NULL, 0),
(938, ' F-0000938', 'كاش', 109, 2, '2017-11-11', NULL, NULL, NULL, NULL, 'true', NULL, 1824.00, NULL, 0),
(939, ' F-0000939', 'كاش', 1, 2, '2017-11-11', NULL, NULL, NULL, NULL, 'true', NULL, 50419.20, NULL, 0),
(940, ' F-0000940', 'آجل', 93, 2, '2017-11-11', 0.00, 15820.00, '2017-11-12', NULL, 'true', 0.00, 15820.00, NULL, 0),
(941, ' F-0000941', 'كاش', 77, 2, '2017-11-12', NULL, NULL, NULL, NULL, 'true', NULL, 809.95, NULL, 0),
(942, ' F-0000942', 'كاش', 93, 2, '2017-11-12', NULL, NULL, NULL, NULL, 'true', NULL, 1240.00, NULL, 0);
INSERT INTO `orders` (`orderID`, `invoiceNo`, `invoiceType`, `custID`, `memberID`, `orderDate`, `amountPaid`, `amountRemain`, `paidDate`, `discount`, `isPaid`, `totalAmountRemain`, `total`, `isReservation`, `reservID`) VALUES
(943, ' F-0000943', 'آجل', 2, 2, '2017-11-12', 0.00, 241818.24, '2017-11-13', NULL, 'false', 120903.00, 241818.24, NULL, 0),
(944, ' F-0000944', 'كاش', 364, 2, '2017-11-12', NULL, NULL, NULL, NULL, 'true', NULL, 146530.40, NULL, 0),
(945, ' F-0000945', 'آجل', 68, 2, '2017-11-12', 200000.00, 47800.64, '2017-11-13', 17.00, 'false', 7800.00, 247800.64, NULL, 0),
(946, ' F-0000946', 'كاش', 60, 2, '2017-11-12', NULL, NULL, NULL, NULL, 'true', NULL, 12185.00, NULL, 0),
(947, ' F-0000947', 'كاش', 365, 2, '2017-11-12', NULL, NULL, NULL, 3.00, 'true', NULL, 51170.40, NULL, 0),
(948, ' F-0000948', 'آجل', 80, 2, '2017-11-12', 30000.00, 20250.59, '2017-11-13', 4.00, 'true', 0.00, 50250.59, NULL, 0),
(949, ' F-0000949', 'حجز', 363, 2, '2017-11-12', NULL, NULL, NULL, 25.00, 'true', NULL, 32350.00, 1, 77),
(950, ' F-0000950', 'آجل', 19, 2, '2017-11-12', 0.00, 96100.90, '2017-11-13', 1.00, 'false', 5.00, 96100.90, NULL, 0),
(951, ' F-0000951', 'آجل', 341, 2, '2017-11-12', 0.00, 73850.40, '2017-11-13', 18.00, 'false', 43850.00, 73850.40, NULL, 0),
(952, ' F-0000952', 'آجل', 17, 2, '2017-11-13', 0.00, 9203.15, '2017-11-14', NULL, 'false', 9203.15, 9203.15, NULL, 0),
(953, ' F-0000953', 'كاش', 237, 2, '2017-11-13', NULL, NULL, NULL, NULL, 'true', NULL, 27640.00, NULL, 0),
(954, ' F-0000954', 'حجز', 353, 2, '2017-11-13', NULL, NULL, NULL, NULL, 'true', NULL, 33375.00, 1, 75),
(955, ' F-0000955', 'كاش', 84, 2, '2017-11-13', NULL, NULL, NULL, 15.00, 'true', NULL, 7900.00, NULL, 0),
(956, ' F-0000956', 'آجل', 341, 2, '2017-11-13', 0.00, 7280.00, '2017-11-14', 4.00, 'false', 7280.00, 7280.00, NULL, 0),
(957, ' F-0000957', 'كاش', 366, 2, '2017-11-13', NULL, NULL, NULL, 32.00, 'true', NULL, 61600.15, NULL, 0),
(958, ' F-0000958', 'كاش', 80, 2, '2017-11-13', NULL, NULL, NULL, NULL, 'true', NULL, 57000.87, NULL, 0),
(959, ' F-0000959', 'آجل', 80, 2, '2017-11-13', 0.00, 6065.00, '2017-11-13', NULL, 'false', 6065.00, 6065.00, NULL, 0);

-- --------------------------------------------------------

--
-- Table structure for table `plusFees`
--

CREATE TABLE `plusFees` (
  `plusfeeID` int(11) NOT NULL,
  `invoiceNo` varchar(40) COLLATE utf8_unicode_ci NOT NULL,
  `plusfeeReason` varchar(50) COLLATE utf8_unicode_ci NOT NULL,
  `plusfeeAmount` decimal(10,2) NOT NULL
) ENGINE=InnoDB DEFAULT CHARSET=utf8 COLLATE=utf8_unicode_ci;

--
-- Dumping data for table `plusFees`
--

INSERT INTO `plusFees` (`plusfeeID`, `invoiceNo`, `plusfeeReason`, `plusfeeAmount`) VALUES
(1, ' F-0000276', 'اكرميه', 3.00),
(2, ' F-0000277', 'سبانخ', 2.00),
(3, ' F-0000285', 'اااا', 3.00),
(4, ' F-0000286', 'ااا', 2.00),
(5, ' F-0000288', 'اا', 1.00),
(6, ' F-0000289', 'اا', 88.00),
(7, ' F-0000294', 'ااا', 1.00),
(8, ' F-0000300', 'مشال', 251.00),
(9, ' F-0000316', 'اا', 3.75),
(10, ' F-0000322', 'اكراميه عمال', 17.00),
(11, ' F-0000327', '11', 1.00),
(12, ' F-0000331', 'ا', 3.00),
(13, ' F-0000337', 'ا', 13.00),
(14, ' F-0000338', 'ا', 1.00),
(15, ' F-0000341', 'ا', 1.00),
(16, ' F-0000343', 'ا', 3.00),
(17, ' F-0000382', 'ا', 6.00),
(18, ' F-0000398', 'كانت سلف', 100.00),
(19, ' F-0000432', 'خ', 11.00),
(20, ' F-0000461', 'ا', 3.00),
(21, ' F-0000477', 'ا', 6.00),
(22, ' F-0000490', 'خدمه', 8.00),
(23, ' F-0000501', 'ايجارمحلات الحاجه سهير', 3000.00),
(24, ' F-0000527', 'خدمه', 2.00),
(25, ' F-0000538', 'خدمه', 2.00),
(26, ' F-0000571', 'خدمه', 2.00),
(27, ' F-0000572', 'خدمه', 3.00),
(28, ' F-0000576', 'خدمه', 5.00),
(29, ' F-0000585', 'خدمه', 17.00),
(30, ' F-0000597', 'مشال فريد', 200.00),
(31, ' F-0000597', 'اكرميه', 100.00),
(32, ' F-0000613', 'سبانخ', 3.00),
(33, ' F-0000617', 'خدمه', 56.00),
(34, ' F-0000622', 'اكرميه', 100.00),
(35, ' F-0000623', 'خدمه', 20.00),
(36, ' F-0000627', 'خدمه', 4.00),
(37, ' F-0000628', 'خدمه', 10.00),
(38, ' F-0000630', 'سبانخ', 2.50),
(39, ' F-0000636', 'خدمه', 10.00),
(40, ' F-0000638', 'خدمه', 3.00),
(41, ' F-0000641', 'سبانخ', 1.50),
(42, ' F-0000650', 'خدمه', 2.00),
(43, ' F-0000661', 'خدمه', 10.00),
(44, ' F-0000662', 'خدمه', 2.00),
(45, ' F-0000671', 'فرق الوزنه السابقه', 400.00),
(46, ' F-0000673', 'خدمه', 3.00),
(47, ' F-0000678', 'خدمه', 2.00),
(48, ' F-0000688', 'فرق 6(7 لنيه', 75.00),
(49, ' F-0000689', 'خدمه', 3.00),
(50, ' F-0000696', 'ا', 2.00),
(51, ' F-0000698', 'ا', 2.00),
(52, ' F-0000709', 'ا', 4.00),
(53, ' F-0000710', 'ا', 14.00),
(54, ' F-0000712', 'ا', 4.00),
(55, ' F-0000712', 'ايجار محلات سهير', 3000.00),
(56, ' F-0000714', 'اكرميه 2ربطه', 50.00),
(57, ' F-0000714', 'مشال فريد منهم مشال قديم 1', 100.00),
(58, ' F-0000721', 'ا', 9.00),
(59, ' F-0000729', 'ا', 3.00),
(60, ' F-0000734', 'ا', 35.00),
(61, ' F-0000746', 'ا', 26.00),
(62, ' F-0000749', 'ا', 1.00),
(63, ' F-0000761', 'اكراميه', 50.00),
(64, ' F-0000783', 'مشال قديم وجديد', 250.00),
(65, ' F-0000783', 'اكرميه قديم وجديد', 100.00),
(66, ' F-0000809', 'ا', 2.00),
(67, ' F-0000818', 'ا', 1.00),
(68, ' F-0000819', 'ا', 3.00),
(69, ' F-0000820', 'ا', 3.00),
(70, ' F-0000826', 'ا', 1.00),
(71, ' F-0000830', 'ل', 10.00),
(72, ' F-0000863', 'مشال فريد', 150.00),
(73, ' F-0000863', 'اكرميه', 50.00),
(74, ' F-0000869', 'سبانخ', 1.00),
(75, ' F-0000893', 'سبانخ', 10.00),
(76, ' F-0000903', 'ا', 2.00),
(77, ' F-0000918', 'سبانخ', 3.00),
(78, ' F-0000925', 'اكراميه عمال', 20.00),
(79, ' F-0000925', 'مشال البابور', 100.00),
(80, ' F-0000927', 'خدمه', 20.00),
(81, ' F-0000934', 'سبانخ', 5.00),
(82, ' F-0000951', 'مشال', 150.00),
(83, ' F-0000951', 'اكراميه', 50.00),
(84, ' F-0000958', 'ا', 2.00);

-- --------------------------------------------------------

--
-- Table structure for table `products`
--

CREATE TABLE `products` (
  `productID` int(11) NOT NULL,
  `suppID` int(11) NOT NULL,
  `catID` int(11) NOT NULL,
  `measID` int(11) NOT NULL
) ENGINE=InnoDB DEFAULT CHARSET=utf8 COLLATE=utf8_unicode_ci;

-- --------------------------------------------------------

--
-- Table structure for table `rbth`
--

CREATE TABLE `rbth` (
  `rbthID` int(11) NOT NULL,
  `arbtaCustName` varchar(30) COLLATE utf8_unicode_ci NOT NULL,
  `arbtaQuantity` int(6) NOT NULL,
  `arbtaUnitCost` int(6) NOT NULL,
  `arbtaDate` date NOT NULL
) ENGINE=InnoDB DEFAULT CHARSET=utf8 COLLATE=utf8_unicode_ci;

--
-- Dumping data for table `rbth`
--

INSERT INTO `rbth` (`rbthID`, `arbtaCustName`, `arbtaQuantity`, `arbtaUnitCost`, `arbtaDate`) VALUES
(6, 'ايمن خرده', 780, 5, '2017-11-11'),
(7, 'احمد الكردي', 10, 5, '2017-11-11');

-- --------------------------------------------------------

--
-- Table structure for table `remainsMoney`
--

CREATE TABLE `remainsMoney` (
  `invoiceNo` varchar(30) COLLATE utf8_unicode_ci NOT NULL,
  `custID` int(11) NOT NULL,
  `employeeID` int(11) NOT NULL,
  `amountPaid` int(11) NOT NULL,
  `paidDate` date NOT NULL
) ENGINE=InnoDB DEFAULT CHARSET=utf8 COLLATE=utf8_unicode_ci;

-- --------------------------------------------------------

--
-- Table structure for table `reservation`
--

CREATE TABLE `reservation` (
  `reservID` int(11) NOT NULL,
  `custID` int(11) NOT NULL,
  `reservAmount` int(11) NOT NULL,
  `reservPaidMony` int(11) NOT NULL,
  `reservRemainMony` int(11) NOT NULL,
  `reservDate` date NOT NULL,
  `delivDate` date NOT NULL,
  `remainToDelivered` int(11) NOT NULL
) ENGINE=InnoDB DEFAULT CHARSET=utf8 COLLATE=utf8_unicode_ci;

--
-- Dumping data for table `reservation`
--

INSERT INTO `reservation` (`reservID`, `custID`, `reservAmount`, `reservPaidMony`, `reservRemainMony`, `reservDate`, `delivDate`, `remainToDelivered`) VALUES
(1, 5, 654000, 654000, 0, '2017-07-02', '2017-07-02', 0),
(3, 9, 50000, 50000, 0, '2017-07-02', '2017-07-18', 10),
(4, 25, 12765, 12765, 0, '2017-07-02', '2017-07-02', 0),
(5, 26, 12700, 12700, 0, '2017-07-02', '2017-07-02', 0),
(6, 27, 34485, 34485, 0, '2017-07-02', '2017-07-02', 0),
(8, 29, 20750, 20750, 0, '2017-07-02', '2017-07-02', 0),
(9, 30, 49000, 49000, 0, '2017-07-02', '2017-07-02', 0),
(10, 31, 6420, 6420, 0, '2017-07-02', '2017-07-02', 0),
(11, 19, 65000, 65000, 0, '2017-07-02', '2017-07-02', 0),
(12, 33, 179200, 179200, 0, '2017-07-02', '2017-07-02', 0),
(13, 34, 79500, 79500, 0, '2017-07-02', '2017-07-02', 0),
(14, 35, 31750, 31750, 0, '2017-07-02', '2017-07-02', 0),
(15, 36, 57300, 57300, 0, '2017-07-02', '2017-07-02', 0),
(16, 37, 48000, 48000, 0, '2017-07-02', '2017-07-02', 11824),
(17, 38, 31150, 31150, 0, '2017-07-02', '2017-07-02', 0),
(18, 39, 30300, 30300, 0, '2017-07-02', '2017-07-02', 0),
(19, 44, 14000, 10000, 0, '2017-07-03', '2017-07-04', 0),
(20, 60, 19300, 19300, 0, '2017-07-06', '2017-05-23', 0),
(21, 60, 55650, 55650, 0, '2017-07-06', '2017-07-07', 0),
(22, 9, 56525, 55000, 1525, '2017-07-08', '2017-07-09', 0),
(23, 81, 65000, 65000, 0, '2017-07-10', '2017-07-13', 0),
(24, 88, 434000, 432000, 0, '2017-07-12', '2017-07-13', 0),
(25, 9, 33000, 33000, 0, '2017-07-12', '2017-07-12', 0),
(26, 95, 111000, 60000, 51000, '2017-07-13', '2017-07-13', 51000),
(27, 19, 10000, 10000, 0, '2017-07-16', '2017-07-16', 0),
(28, 107, 22950, 22950, 0, '2017-07-18', '2017-07-19', 0),
(29, 114, 5000, 5000, 0, '2017-07-22', '2017-07-22', 0),
(30, 43, 71600, 71600, 0, '2017-07-25', '2017-07-25', 71600),
(31, 40, 19300, 19300, 0, '2017-07-25', '2017-07-25', 19300),
(32, 124, 13020, 13020, 0, '2017-07-25', '2017-07-25', 13020),
(33, 37, 20000, 20000, 0, '2017-07-29', '2017-07-30', 0),
(34, 45, 13650, 13650, 0, '2017-07-29', '2017-07-30', 0),
(35, 149, 24350, 24350, 0, '2017-08-05', '2017-08-06', 0),
(36, 46, 34155, 34155, 0, '2017-08-07', '2017-08-07', 0),
(37, 158, 31925, 20000, 1925, '2017-08-08', '2017-08-08', 1925),
(38, 161, 100000, 100000, 0, '2017-08-10', '2017-08-10', 0),
(39, 177, 28400, 22000, 0, '2017-08-13', '2017-08-13', 1),
(40, 182, 31850, 31850, 0, '2017-08-14', '2017-08-14', 0),
(41, 88, 9992, 9992, 0, '2017-08-23', '2017-08-23', 0),
(42, 203, 65070, 65070, 0, '2017-08-24', '2017-08-31', 0),
(43, 204, 120000, 120000, 0, '2017-08-26', '2017-08-26', 0),
(44, 200, 24100, 24100, 0, '2017-08-27', '2017-08-27', 0),
(45, 211, 119750, 100000, 0, '2017-08-28', '2017-08-28', 0),
(46, 19, 107400, 100000, 0, '2017-09-05', '2017-09-06', 0),
(47, 135, 101300, 101300, 0, '2017-09-07', '2017-09-07', 22622),
(48, 226, 15000, 15000, 0, '2017-09-09', '2017-09-09', 0),
(49, 19, 84000, 84000, 0, '2017-09-09', '2017-09-10', 0),
(50, 52, 22800, 22800, 0, '2017-09-10', '2017-09-10', 0),
(51, 233, 12650, 12650, 0, '2017-09-11', '2017-09-16', 0),
(52, 3, 500000, 400000, 100000, '2017-09-12', '2017-09-12', 100000),
(53, 3, 400000, 400000, 0, '2017-09-13', '2017-09-13', 275295),
(54, 249, 20000, 20000, 0, '2017-09-16', '2017-09-16', 0),
(55, 88, 270000, 270000, 0, '2017-09-19', '2017-09-19', 0),
(56, 262, 336000, 300000, 0, '2017-09-20', '2017-09-20', 336000),
(57, 266, 18650, 18650, 0, '2017-09-21', '2017-09-21', 0),
(58, 275, 62000, 62000, 0, '2017-09-25', '2017-09-25', 0),
(59, 281, 200000, 200000, 0, '2017-09-29', '2017-09-29', 0),
(60, 284, 13900, 10000, 0, '2017-09-30', '2017-09-30', 0),
(61, 285, 58300, 10300, 0, '2017-10-01', '2017-10-01', 0),
(62, 281, 246000, 246000, 0, '2017-10-02', '2017-10-02', 0),
(63, 294, 25000, 25000, 0, '2017-10-07', '2017-10-07', 0),
(64, 88, 316000, 316000, 0, '2017-10-08', '2017-10-08', 5568),
(65, 37, 25500, 25500, 0, '2017-10-09', '2017-10-09', 0),
(66, 302, 21950, 21950, 0, '2017-10-15', '2017-10-15', 21950),
(67, 304, 2000, 2000, 0, '2017-10-15', '2017-10-15', 0),
(68, 306, 19200, 19200, 0, '2017-10-16', '2017-10-16', 0),
(69, 39, 18200, 18200, 0, '2017-10-17', '2017-10-17', 0),
(70, 320, 36200, 36200, 0, '2017-10-22', '2017-10-22', 0),
(71, 3, 200000, 200000, 0, '2017-10-22', '2017-10-22', 76996),
(72, 343, 121400, 110000, 11400, '2017-11-01', '2017-11-01', 22580),
(73, 348, 60800, 60800, 0, '2017-11-02', '2017-11-02', 60800),
(74, 350, 19650, 19650, 0, '2017-11-02', '2017-11-02', 0),
(75, 353, 33400, 33400, 0, '2017-11-06', '2017-11-06', 0),
(76, 362, 30250, 30000, 250, '2017-11-11', '2017-11-11', 30250),
(77, 363, 32350, 32350, 0, '2017-11-11', '2017-11-11', 0);

-- --------------------------------------------------------

--
-- Table structure for table `reservationCost`
--

CREATE TABLE `reservationCost` (
  `rcID` int(11) NOT NULL,
  `reservID` int(11) NOT NULL,
  `suppID` int(11) NOT NULL,
  `catID` int(11) NOT NULL,
  `measID` int(11) NOT NULL,
  `unitPrice` int(11) NOT NULL,
  `quantity` int(11) NOT NULL
) ENGINE=InnoDB DEFAULT CHARSET=utf8 COLLATE=utf8_unicode_ci;

--
-- Dumping data for table `reservationCost`
--

INSERT INTO `reservationCost` (`rcID`, `reservID`, `suppID`, `catID`, `measID`, `unitPrice`, `quantity`) VALUES
(1, 1, 1, 3, 1, 10900, 0),
(2, 1, 1, 3, 4, 11050, 0),
(3, 1, 1, 4, 9, 11400, 0),
(4, 2, 2, 3, 10, 10200, 0),
(5, 3, 1, 3, 1, 10370, 0),
(6, 3, 1, 4, 8, 10500, 0),
(7, 4, 1, 3, 1, 11100, 1150),
(8, 5, 2, 3, 18, 11100, 650),
(9, 5, 1, 3, 1, 11100, 500),
(10, 6, 1, 3, 1, 10800, 1200),
(11, 6, 2, 3, 18, 10900, 1500),
(12, 6, 1, 4, 9, 11500, 450),
(16, 8, 1, 3, 1, 11000, 1500),
(17, 9, 2, 3, 10, 10800, 0),
(18, 10, 1, 3, 1, 10700, 600),
(19, 11, 1, 3, 1, 10550, 0),
(20, 11, 4, 3, 28, 10450, 0),
(21, 12, 3, 3, 26, 10750, 8000),
(22, 12, 2, 3, 18, 10900, 4500),
(23, 12, 1, 4, 9, 11500, 1500),
(24, 13, 2, 3, 18, 10500, 4000),
(25, 13, 2, 3, 17, 10500, 2000),
(26, 13, 1, 4, 9, 11000, 1500),
(27, 14, 1, 3, 1, 10400, 1800),
(28, 14, 1, 3, 2, 10400, 1100),
(29, 14, 1, 4, 9, 11000, 150),
(30, 15, 1, 3, 1, 10400, 3500),
(31, 15, 1, 3, 2, 10400, 1750),
(32, 15, 1, 4, 9, 11000, 250),
(33, 16, 1, 3, 1, 10200, 0),
(34, 17, 2, 3, 18, 10270, 2500),
(35, 17, 2, 4, 11, 11000, 500),
(36, 18, 1, 3, 1, 10100, 1600),
(37, 18, 1, 3, 2, 10100, 1200),
(38, 18, 1, 4, 8, 10100, 200),
(39, 19, 1, 3, 1, 11200, 1250000),
(40, 20, 1, 3, 1, 9750, 0),
(41, 21, 2, 3, 18, 11000, 3000),
(42, 21, 1, 3, 1, 11000, 700),
(43, 21, 1, 4, 9, 11500, 1300),
(44, 22, 1, 3, 2, 10850, 33000),
(45, 22, 1, 3, 1, 10850, 1200),
(46, 22, 1, 4, 9, 11000, 700),
(47, 23, 2, 3, 17, 11000, 0),
(48, 24, 1, 3, 1, 10850, 8000),
(49, 24, 1, 3, 2, 10850, 12000),
(50, 24, 1, 3, 3, 10850, 15000),
(51, 24, 1, 3, 4, 10850, 3000),
(52, 24, 2, 4, 11, 10850, 2000),
(53, 25, 1, 3, 1, 10880, 0),
(54, 25, 2, 4, 12, 11000, 0),
(55, 26, 1, 3, 1, 11000, 4000),
(56, 26, 1, 3, 2, 11000, 5000),
(57, 26, 1, 4, 9, 12000, 1000),
(58, 27, 1, 3, 1, 10900, 0),
(59, 28, 1, 3, 1, 10900, 1200),
(60, 28, 2, 3, 18, 10900, 700),
(61, 28, 2, 4, 12, 11250, 200),
(62, 29, 2, 3, 10, 10850, 0),
(63, 30, 1, 3, 1, 4780, 0),
(64, 31, 1, 3, 1, 9650, 1000),
(65, 31, 1, 3, 2, 9650, 1000),
(66, 32, 1, 3, 1, 5020, 0),
(67, 33, 3, 3, 19, 10800, 0),
(68, 34, 3, 3, 19, 10800, 0),
(69, 34, 5, 4, 38, 11500, 0),
(70, 35, 2, 3, 10, 11050, 1200),
(71, 35, 2, 4, 12, 11250, 200),
(72, 35, 2, 3, 18, 11050, 800),
(73, 36, 3, 3, 19, 10925, 2000),
(74, 36, 3, 3, 27, 10925, 1000),
(75, 36, 2, 4, 12, 11500, 120),
(76, 37, 3, 3, 19, 11000, 2000),
(77, 37, 3, 3, 27, 11000, 850),
(78, 37, 2, 4, 12, 11500, 50),
(79, 38, 3, 3, 19, 11400, 0),
(80, 39, 4, 3, 36, 11700, 2000),
(81, 39, 1, 4, 9, 12500, 400),
(82, 40, 1, 3, 2, 11750, 1200),
(83, 40, 1, 3, 1, 11750, 1300),
(84, 40, 2, 4, 12, 12500, 200),
(85, 41, 1, 3, 4, 10850, 921),
(86, 42, 2, 3, 18, 12050, 2000),
(87, 42, 2, 3, 10, 12050, 3400),
(88, 43, 2, 3, 10, 12000, 10000),
(89, 44, 2, 3, 17, 12050, 2000),
(90, 45, 2, 3, 10, 11950, 9000),
(91, 45, 2, 4, 11, 12200, 1000),
(92, 46, 1, 3, 1, 11900, 3500),
(93, 46, 1, 3, 2, 11900, 4500),
(94, 46, 1, 4, 9, 12200, 1000),
(95, 47, 1, 3, 1, 11900, 4000),
(96, 47, 1, 3, 2, 11900, 4000),
(97, 47, 2, 4, 12, 12200, 500),
(98, 48, 1, 3, 1, 11900, 0),
(99, 49, 1, 3, 1, 11900, 0),
(100, 49, 1, 4, 9, 12200, 0),
(101, 50, 2, 3, 10, 12000, 1500),
(102, 50, 2, 3, 18, 12000, 400),
(103, 51, 2, 3, 10, 12000, 1000),
(104, 51, 5, 4, 39, 13000, 50),
(105, 52, 1, 3, 1, 12050, 0),
(106, 53, 1, 3, 1, 12050, 0),
(107, 54, 2, 3, 10, 12275, 0),
(108, 55, 1, 3, 1, 12225, 0),
(109, 55, 2, 4, 11, 12225, 0),
(110, 56, 1, 3, 1, 12400, 25000),
(111, 56, 1, 4, 9, 13000, 2000),
(112, 57, 1, 3, 1, 12450, 0),
(113, 58, 2, 3, 10, 12400, 3000),
(114, 58, 2, 3, 18, 12400, 2000),
(115, 59, 2, 3, 10, 12300, 0),
(116, 59, 2, 4, 11, 12300, 0),
(117, 60, 2, 3, 10, 12300, 0),
(118, 61, 1, 3, 2, 12250, 1950),
(119, 61, 1, 3, 1, 12250, 2600),
(120, 61, 2, 4, 11, 12800, 200),
(121, 62, 2, 3, 10, 12300, 18000),
(122, 62, 2, 4, 11, 12300, 2000),
(123, 63, 1, 3, 1, 12150, 0),
(124, 64, 1, 3, 3, 12150, 6000),
(125, 64, 1, 3, 2, 12150, 2000),
(126, 64, 1, 3, 1, 12150, 14000),
(127, 64, 2, 4, 11, 12150, 4000),
(128, 65, 3, 3, 19, 12100, 1500),
(129, 65, 3, 3, 27, 12100, 500),
(130, 65, 5, 4, 39, 13000, 100),
(131, 66, 2, 3, 10, 12200, 1200),
(132, 66, 2, 3, 18, 12200, 600),
(133, 67, 1, 3, 6, 12400, 0),
(134, 68, 3, 3, 19, 12100, 800),
(135, 68, 3, 3, 27, 12100, 700),
(136, 68, 5, 4, 39, 12800, 80),
(137, 69, 3, 3, 19, 12100, 650),
(138, 69, 3, 3, 27, 12100, 700),
(139, 69, 5, 4, 39, 12500, 150),
(140, 70, 3, 3, 19, 12050, 1300),
(141, 70, 3, 3, 27, 12050, 1450),
(142, 70, 5, 4, 39, 12500, 250),
(143, 71, 3, 3, 19, 12050, 0),
(144, 72, 2, 3, 17, 12140, 3000),
(145, 72, 2, 3, 18, 12140, 5000),
(146, 72, 5, 4, 38, 12140, 2000),
(147, 73, 1, 3, 2, 12100, 2700),
(148, 73, 1, 3, 1, 12100, 1600),
(149, 73, 2, 4, 11, 12500, 700),
(150, 74, 1, 3, 1, 12100, 1000),
(151, 74, 1, 3, 2, 12100, 500),
(152, 74, 5, 4, 39, 12500, 120),
(153, 75, 1, 3, 2, 12100, 1500),
(154, 75, 1, 3, 1, 12100, 1000),
(155, 75, 5, 4, 39, 12500, 250),
(156, 76, 1, 3, 1, 12100, 1800),
(157, 76, 1, 3, 2, 12100, 700),
(158, 77, 2, 3, 10, 12150, 1000),
(159, 77, 2, 3, 18, 12150, 1500),
(160, 77, 5, 4, 39, 12500, 160);

-- --------------------------------------------------------

--
-- Table structure for table `reservationRemainsMony`
--

CREATE TABLE `reservationRemainsMony` (
  `rrID` int(11) NOT NULL,
  `reservID` int(11) NOT NULL,
  `paidMony` int(11) NOT NULL,
  `rrDate` date NOT NULL,
  `memberID` int(11) NOT NULL,
  `remainBeforPaid` int(11) NOT NULL
) ENGINE=InnoDB DEFAULT CHARSET=utf8 COLLATE=utf8_unicode_ci;

--
-- Dumping data for table `reservationRemainsMony`
--

INSERT INTO `reservationRemainsMony` (`rrID`, `reservID`, `paidMony`, `rrDate`, `memberID`, `remainBeforPaid`) VALUES
(1, 19, 4000, '2017-07-04', 2, 4000),
(2, 24, 2000, '2017-07-20', 2, 2000),
(3, 37, 10000, '2017-08-09', 2, 11925),
(4, 39, 6400, '2017-08-14', 2, 6400),
(5, 46, 7400, '2017-09-07', 2, 7400),
(6, 56, 36000, '2017-09-21', 2, 36000),
(7, 60, 3900, '2017-10-01', 2, 3900),
(8, 61, 48000, '2017-10-02', 2, 48000),
(9, 45, 19750, '2017-10-07', 2, 19750);

-- --------------------------------------------------------

--
-- Table structure for table `suppliers`
--

CREATE TABLE `suppliers` (
  `suppID` int(11) NOT NULL,
  `suppName` varchar(50) COLLATE utf8_unicode_ci NOT NULL
) ENGINE=InnoDB DEFAULT CHARSET=utf8 COLLATE=utf8_unicode_ci;

--
-- Dumping data for table `suppliers`
--

INSERT INTO `suppliers` (`suppID`, `suppName`) VALUES
(1, 'حديد بشاي'),
(2, 'حديد عز'),
(3, 'حديد تركي'),
(4, 'حديد المصريين'),
(5, 'حديد العتال'),
(6, 'حديد اوكراني');

-- --------------------------------------------------------

--
-- Table structure for table `Tlbyat`
--

CREATE TABLE `Tlbyat` (
  `talbyaID` int(11) NOT NULL,
  `suppID` int(11) NOT NULL,
  `catID` int(11) NOT NULL,
  `measID` int(11) NOT NULL,
  `addedDate` date NOT NULL,
  `quantity` int(11) NOT NULL,
  `mordID` int(11) NOT NULL,
  `UnitCostPrice` decimal(10,2) NOT NULL,
  `nwloonID` int(11) NOT NULL,
  `nwloonAmount` int(5) NOT NULL
) ENGINE=InnoDB DEFAULT CHARSET=utf8 COLLATE=utf8_unicode_ci;

--
-- Dumping data for table `Tlbyat`
--

INSERT INTO `Tlbyat` (`talbyaID`, `suppID`, `catID`, `measID`, `addedDate`, `quantity`, `mordID`, `UnitCostPrice`, `nwloonID`, `nwloonAmount`) VALUES
(1, 1, 3, 1, '2017-07-04', 50560, 4, 10800.00, 0, 0),
(2, 2, 3, 18, '2017-07-04', 20380, 4, 10750.00, 0, 0),
(3, 2, 4, 11, '2017-07-04', 12280, 4, 10750.00, 0, 0),
(4, 2, 4, 12, '2017-07-05', 30780, 2, 10700.00, 0, 0),
(5, 1, 3, 1, '2017-07-07', 20200, 1, 10600.00, 0, 0),
(6, 1, 3, 2, '2017-07-07', 20200, 1, 10600.00, 0, 0),
(7, 2, 3, 18, '2017-07-07', 41260, 2, 10800.00, 0, 0),
(8, 2, 3, 18, '2017-07-08', 17460, 4, 10750.00, 0, 0),
(9, 2, 4, 11, '2017-07-08', 14320, 4, 10750.00, 0, 0),
(10, 2, 3, 18, '2017-07-10', 48840, 2, 10800.00, 0, 0),
(11, 1, 3, 1, '2017-07-12', 50660, 4, 10800.00, 0, 0),
(12, 1, 3, 1, '2017-07-13', 40900, 1, 10750.00, 0, 0),
(13, 2, 3, 18, '2017-07-13', 51290, 2, 10800.00, 0, 0),
(14, 2, 3, 18, '2017-07-16', 34780, 3, 10750.00, 0, 0),
(15, 2, 3, 18, '2017-07-19', 25040, 3, 10750.00, 0, 0),
(16, 4, 3, 36, '2017-07-19', 14400, 3, 10650.00, 0, 0),
(17, 3, 3, 19, '2017-07-20', 14100, 4, 10650.00, 0, 0),
(18, 3, 3, 27, '2017-07-20', 24640, 4, 10650.00, 0, 0),
(19, 3, 3, 26, '2017-07-22', 8120, 4, 10650.00, 0, 0),
(20, 3, 3, 19, '2017-07-22', 14210, 4, 10650.00, 0, 0),
(21, 3, 3, 27, '2017-07-22', 20370, 4, 10650.00, 0, 0),
(22, 1, 3, 19, '2017-07-22', 26330, 1, 10500.00, 0, 0),
(23, 1, 3, 27, '2017-07-22', 26330, 1, 10500.00, 0, 0),
(24, 3, 3, 19, '2017-07-23', 14427, 4, 10600.00, 0, 0),
(25, 3, 3, 27, '2017-07-23', 26793, 4, 10600.00, 0, 0),
(26, 2, 4, 12, '2017-07-25', 9269, 2, 10750.00, 0, 0),
(27, 2, 3, 10, '2017-07-25', 16500, 2, 10750.00, 0, 0),
(28, 2, 3, 18, '2017-07-25', 10311, 2, 10750.00, 0, 0),
(29, 1, 3, 1, '2017-07-28', 40300, 1, 10600.00, 0, 0),
(30, 1, 3, 3, '2017-07-28', 16120, 1, 10600.00, 0, 0),
(31, 3, 3, 19, '2017-07-31', 20440, 2, 10750.00, 0, 0),
(32, 3, 3, 27, '2017-07-31', 20440, 2, 10750.00, 0, 0),
(33, 2, 3, 18, '2017-08-06', 20360, 4, 10950.00, 0, 0),
(34, 2, 3, 10, '2017-08-06', 20480, 4, 10950.00, 0, 0),
(35, 3, 3, 19, '2017-08-08', 14400, 4, 10850.00, 0, 0),
(36, 3, 3, 27, '2017-08-08', 26800, 4, 10850.00, 0, 0),
(37, 3, 3, 19, '2017-08-10', 12300, 4, 10850.00, 0, 0),
(38, 3, 3, 27, '2017-08-10', 28740, 4, 10850.00, 0, 0),
(39, 3, 3, 19, '2017-08-10', 12200, 4, 10850.00, 0, 0),
(40, 3, 3, 27, '2017-08-10', 16290, 4, 10850.00, 0, 0),
(41, 3, 3, 26, '2017-08-10', 12230, 4, 10850.00, 0, 0),
(42, 1, 3, 2, '2017-08-13', 36320, 4, 11700.00, 0, 0),
(43, 1, 3, 4, '2017-08-13', 6100, 4, 11850.00, 0, 0),
(44, 1, 4, 9, '2017-08-13', 9130, 1, 11400.00, 0, 0),
(45, 1, 3, 2, '2017-08-13', 16150, 1, 11400.00, 0, 0),
(46, 1, 3, 1, '2017-08-13', 28280, 1, 11400.00, 0, 0),
(47, 1, 3, 4, '2017-08-16', 14020, 4, 11850.00, 0, 0),
(48, 1, 3, 3, '2017-08-16', 14100, 4, 11700.00, 0, 0),
(49, 1, 3, 2, '2017-08-16', 22360, 4, 11700.00, 0, 0),
(50, 1, 3, 2, '2017-08-16', 20000, 4, 11700.00, 0, 0),
(51, 1, 3, 1, '2017-08-16', 30020, 4, 11700.00, 0, 0),
(52, 2, 4, 12, '2017-08-16', 4170, 3, 11800.00, 0, 0),
(53, 2, 4, 11, '2017-08-16', 10280, 3, 11800.00, 0, 0),
(54, 2, 3, 10, '2017-08-16', 21910, 3, 11800.00, 0, 0),
(55, 2, 4, 12, '2017-08-18', 8130, 3, 11850.00, 0, 0),
(56, 2, 4, 11, '2017-08-18', 6140, 3, 11850.00, 0, 0),
(57, 2, 3, 10, '2017-08-18', 20480, 3, 11850.00, 0, 0),
(58, 1, 3, 1, '2017-08-19', 51700, 4, 11700.00, 0, 0),
(59, 5, 4, 38, '2017-08-18', 39700, 4, 11650.00, 0, 0),
(60, 1, 3, 3, '2017-08-25', 10000, 4, 11820.00, 0, 0),
(61, 1, 3, 2, '2017-08-25', 36440, 4, 11820.00, 0, 0),
(62, 2, 4, 12, '2017-08-25', 10100, 2, 11900.00, 0, 0),
(63, 2, 3, 18, '2017-08-25', 19700, 2, 11900.00, 0, 0),
(64, 2, 3, 10, '2017-08-25', 16610, 2, 11900.00, 0, 0),
(65, 5, 3, 45, '2017-08-30', 19120, 4, 11800.00, 0, 0),
(66, 5, 4, 39, '2017-08-30', 23640, 4, 11800.00, 0, 0),
(67, 1, 3, 3, '2017-08-30', 12100, 1, 11628.00, 0, 0),
(68, 1, 3, 2, '2017-08-30', 41060, 1, 11628.00, 0, 0),
(69, 2, 3, 10, '2017-09-08', 10100, 2, 11900.00, 0, 0),
(70, 2, 3, 18, '2017-09-08', 32060, 2, 11900.00, 0, 0),
(71, 2, 3, 17, '2017-09-08', 6300, 2, 11900.00, 0, 0),
(72, 2, 3, 10, '2017-09-11', 13960, 3, 11900.00, 0, 0),
(73, 2, 3, 18, '2017-09-11', 17140, 3, 11900.00, 0, 0),
(74, 2, 3, 18, '2017-09-12', 15860, 5, 11850.00, 0, 0),
(75, 2, 3, 10, '2017-09-12', 17700, 5, 11850.00, 0, 0),
(76, 1, 3, 10, '2017-09-12', 43040, 4, 11800.00, 0, 0),
(77, 2, 3, 18, '2017-09-13', 12340, 5, 11880.00, 0, 0),
(78, 2, 3, 10, '2017-09-13', 9740, 5, 11880.00, 0, 0),
(79, 2, 3, 17, '2017-09-13', 5900, 5, 11880.00, 0, 0),
(80, 2, 4, 11, '2017-09-13', 32820, 4, 11850.00, 0, 0),
(81, 2, 3, 10, '2017-09-14', 17340, 5, 11880.00, 0, 0),
(82, 2, 3, 18, '2017-09-14', 13100, 5, 11880.00, 0, 0),
(83, 2, 3, 17, '2017-09-19', 10000, 5, 12100.00, 0, 0),
(84, 2, 3, 10, '2017-09-19', 19740, 5, 12100.00, 0, 0),
(85, 2, 3, 18, '2017-09-20', 15620, 5, 12100.00, 0, 0),
(86, 2, 3, 10, '2017-09-20', 15060, 5, 12100.00, 0, 0),
(87, 1, 3, 1, '2017-09-17', 45940, 4, 12250.00, 0, 0),
(88, 2, 3, 18, '2017-09-21', 23420, 5, 12170.00, 0, 0),
(89, 2, 3, 17, '2017-09-21', 7660, 5, 12170.00, 0, 0),
(90, 2, 3, 18, '2017-09-26', 15300, 5, 12270.00, 0, 0),
(91, 2, 3, 10, '2017-09-26', 14100, 5, 12270.00, 0, 0),
(92, 2, 3, 10, '2017-10-01', 15220, 3, 12200.00, 0, 0),
(93, 2, 3, 18, '2017-10-01', 16690, 3, 12200.00, 0, 0),
(94, 2, 3, 17, '2017-10-01', 8270, 3, 12200.00, 0, 0),
(95, 3, 3, 19, '2017-10-04', 20340, 4, 12000.00, 0, 0),
(96, 3, 3, 27, '2017-10-04', 20340, 4, 12000.00, 0, 0),
(97, 3, 3, 26, '2017-10-04', 10180, 4, 12000.00, 0, 0),
(98, 1, 3, 3, '2017-10-06', 10000, 6, 12080.00, 0, 0),
(99, 1, 3, 1, '2017-10-06', 14070, 6, 12080.00, 0, 0),
(100, 1, 3, 2, '2017-10-06', 18090, 6, 12080.00, 0, 0),
(101, 2, 3, 18, '2017-10-11', 20980, 2, 12100.00, 0, 0),
(102, 2, 3, 10, '2017-10-11', 24560, 2, 12100.00, 0, 0),
(103, 2, 3, 18, '2017-10-13', 17240, 4, 12100.00, 0, 0),
(104, 2, 3, 10, '2017-10-13', 25380, 4, 12100.00, 0, 0),
(105, 3, 3, 19, '2017-10-15', 24450, 4, 12000.00, 0, 0),
(106, 3, 3, 27, '2017-10-15', 26490, 4, 12000.00, 0, 0),
(107, 1, 3, 3, '2017-10-20', 11920, 6, 12060.00, 0, 0),
(108, 1, 3, 1, '2017-10-20', 15980, 6, 12060.00, 0, 0),
(109, 1, 3, 2, '2017-10-20', 16000, 6, 12060.00, 0, 0),
(110, 2, 3, 10, '2017-10-22', 21100, 2, 12100.00, 0, 0),
(111, 2, 3, 18, '2017-10-22', 21020, 2, 12100.00, 0, 0),
(112, 3, 3, 19, '2017-10-22', 20510, 2, 11900.00, 0, 0),
(113, 3, 3, 27, '2017-10-22', 20510, 2, 11900.00, 0, 0),
(114, 3, 3, 26, '2017-10-22', 4100, 2, 11900.00, 0, 0),
(115, 3, 3, 19, '2017-10-22', 26415, 4, 11900.00, 0, 0),
(116, 3, 3, 27, '2017-10-22', 20335, 4, 11900.00, 0, 0),
(117, 2, 3, 10, '2017-10-27', 11060, 3, 12100.00, 0, 0),
(118, 2, 3, 18, '2017-10-27', 21700, 3, 12100.00, 0, 0),
(119, 1, 3, 3, '2017-10-27', 14000, 6, 12060.00, 0, 0),
(120, 1, 3, 1, '2017-10-27', 14315, 6, 12060.00, 0, 0),
(121, 1, 3, 2, '2017-10-27', 14325, 6, 12060.00, 0, 0),
(122, 2, 3, 18, '2017-10-24', 15720, 4, 12100.00, 0, 0),
(123, 2, 3, 17, '2017-10-24', 24920, 4, 12100.00, 0, 0),
(124, 3, 3, 27, '2017-10-30', 2030, 2, 11900.00, 0, 0),
(125, 3, 3, 19, '2017-10-30', 16240, 2, 11900.00, 0, 0),
(126, 3, 3, 26, '2017-10-30', 14210, 2, 11900.00, 0, 0),
(127, 2, 3, 10, '2017-10-31', 10100, 2, 12100.00, 0, 0),
(128, 2, 3, 18, '2017-10-31', 21280, 2, 12100.00, 0, 0),
(129, 1, 3, 3, '2017-11-01', 16230, 6, 12055.00, 0, 0),
(130, 1, 3, 2, '2017-11-01', 16235, 6, 12055.00, 0, 0),
(131, 1, 3, 1, '2017-11-01', 16235, 6, 12055.00, 0, 0),
(132, 2, 4, 12, '2017-11-05', 14350, 2, 12100.00, 0, 0),
(133, 2, 3, 10, '2017-11-05', 14515, 2, 12100.00, 0, 0),
(134, 2, 3, 18, '2017-11-05', 14515, 2, 12100.00, 0, 0),
(135, 2, 3, 10, '2017-11-06', 13580, 5, 12100.00, 0, 0),
(136, 2, 3, 18, '2017-11-06', 16060, 5, 12100.00, 0, 0),
(137, 2, 3, 18, '2017-11-06', 17920, 3, 12100.00, 0, 0),
(138, 2, 3, 10, '2017-11-06', 18400, 3, 12100.00, 0, 0),
(139, 1, 3, 1, '2017-11-07', 20130, 6, 12055.00, 0, 0),
(140, 1, 3, 2, '2017-11-07', 20130, 6, 12055.00, 0, 0),
(141, 1, 3, 1, '2017-11-10', 2000, 4, 11000.00, 0, 0);

-- --------------------------------------------------------

--
-- Table structure for table `withdrowfromkhazna`
--

CREATE TABLE `withdrowfromkhazna` (
  `withdrowID` int(11) NOT NULL,
  `withdrowAmount` int(11) NOT NULL,
  `withdrowDate` date NOT NULL,
  `memberID` int(11) NOT NULL
) ENGINE=InnoDB DEFAULT CHARSET=utf8 COLLATE=utf8_unicode_ci;

--
-- Dumping data for table `withdrowfromkhazna`
--

INSERT INTO `withdrowfromkhazna` (`withdrowID`, `withdrowAmount`, `withdrowDate`, `memberID`) VALUES
(1, 122049, '2017-07-13', 2),
(4, 22350, '2017-07-14', 2),
(5, 310696, '2017-07-15', 2),
(6, 274, '2017-07-16', 2),
(7, 551400, '2017-07-16', 2),
(8, 7780, '2017-07-17', 2),
(9, 227584, '2017-07-18', 2),
(10, 64650, '2017-07-20', 2),
(11, 61933, '2017-07-20', 2),
(12, 2000, '2017-07-20', 2),
(13, 458061, '2017-07-22', 2),
(14, 226670, '2017-07-23', 2),
(15, 120020, '2017-07-24', 2),
(16, 96095, '2017-07-25', 2),
(17, 115574, '2017-07-26', 2),
(18, 112616, '2017-07-27', 2),
(19, 24056, '2017-07-28', 2),
(20, 319594, '2017-07-29', 2),
(21, 92186, '2017-07-30', 2),
(22, 334134, '2017-07-31', 2),
(23, 100295, '2017-08-01', 2),
(24, 97578, '2017-08-02', 2),
(25, 168936, '2017-08-03', 2),
(26, 129700, '2017-08-04', 2),
(27, 355344, '2017-08-05', 2),
(28, 78610, '2017-08-06', 2),
(29, 125077, '2017-08-07', 2),
(30, 221026, '2017-08-08', 2),
(31, 591085, '2017-08-11', 2),
(32, 394151, '2017-08-12', 2),
(33, 328461, '2017-08-13', 2),
(34, 414868, '2017-08-14', 2),
(35, 210000, '2017-08-15', 2),
(36, 268064, '2017-08-15', 2),
(37, 300000, '2017-08-16', 2),
(38, 266036, '2017-08-16', 2),
(39, 236098, '2017-08-17', 2),
(40, 79623, '2017-08-18', 2),
(41, 12645, '2017-08-18', 2),
(42, 128778, '2017-08-19', 2),
(43, 1000, '2017-08-20', 2),
(44, 370471, '2017-08-20', 2),
(45, 176152, '2017-08-21', 2),
(46, 450, '2017-08-21', 2),
(47, 256033, '2017-08-22', 2),
(48, 181631, '2017-08-23', 2),
(49, 295990, '2017-08-24', 2),
(50, 33056, '2017-08-25', 2),
(51, 283779, '2017-08-26', 2),
(52, 504718, '2017-08-27', 2),
(53, 309371, '2017-08-28', 2),
(54, 42575, '2017-08-29', 2),
(55, 123620, '2017-08-30', 2),
(56, 27925, '2017-08-31', 2),
(57, 149908, '2017-09-06', 2),
(58, 233276, '2017-09-07', 2),
(59, 52426, '2017-09-08', 2),
(60, 376844, '2017-09-09', 2),
(61, 441993, '2017-09-10', 2),
(62, 254850, '2017-09-11', 2),
(63, 525522, '2017-09-12', 2),
(64, 1000, '2017-09-13', 2),
(65, 267436, '2017-09-13', 2),
(66, 102305, '2017-09-14', 2),
(67, 558791, '2017-09-16', 2),
(68, 377575, '2017-09-17', 2),
(69, 223062, '2017-09-18', 2),
(70, 166630, '2017-09-19', 2),
(71, 431262, '2017-09-20', 2),
(72, 67206, '2017-09-21', 2),
(73, 493551, '2017-09-23', 2),
(74, 236847, '2017-09-24', 2),
(75, 332736, '2017-09-25', 2),
(76, 143360, '2017-09-26', 2),
(77, 296716, '2017-09-27', 2),
(78, 355000, '2017-09-28', 2),
(79, 99829, '2017-09-28', 2),
(80, 204711, '2017-09-29', 2),
(81, 168700, '2017-09-30', 2),
(82, 202246, '2017-10-01', 2),
(83, 180096, '2017-10-02', 2),
(84, 172436, '2017-10-03', 2),
(85, 300637, '2017-10-04', 2),
(86, 299885, '2017-10-04', 2),
(87, 17610, '2017-10-05', 2),
(88, 107740, '2017-10-07', 2),
(89, 29744, '2017-10-08', 2),
(90, 209326, '2017-10-09', 2),
(91, 265656, '2017-10-10', 2),
(92, 131280, '2017-10-11', 2),
(93, 67135, '2017-10-12', 2),
(94, 61135, '2017-10-13', 2),
(95, 33710, '2017-10-14', 2),
(96, 265895, '2017-10-15', 2),
(97, 183188, '2017-10-16', 2),
(98, 427937, '2017-10-17', 2),
(99, 242020, '2017-10-18', 2),
(100, 270788, '2017-10-19', 2),
(101, 70825, '2017-10-20', 2),
(102, 261322, '2017-10-21', 2),
(103, 629495, '2017-10-22', 2),
(104, 209216, '2017-10-23', 2),
(105, 165365, '2017-10-24', 2),
(106, 298497, '2017-10-25', 2),
(107, 440113, '2017-10-26', 2),
(108, 3621, '2017-10-27', 2),
(109, 554484, '2017-10-28', 2),
(110, 260181, '2017-10-29', 2),
(111, 185525, '2017-10-30', 2),
(112, 270645, '2017-11-01', 2),
(113, 527834, '2017-11-01', 2),
(114, 303000, '2017-11-02', 2),
(115, 132632, '2017-11-04', 2),
(116, 343694, '2017-11-05', 2),
(117, 276716, '2017-11-06', 2),
(118, 211508, '2017-11-07', 2),
(119, 130477, '2017-11-09', 2),
(120, 126650, '2017-11-10', 2),
(121, 291805, '2017-11-11', 2),
(122, 387246, '2017-11-12', 2);

-- --------------------------------------------------------

--
-- Table structure for table `withdrowfromMonyReservation`
--

CREATE TABLE `withdrowfromMonyReservation` (
  `withdID` int(11) NOT NULL,
  `withdMony` int(11) NOT NULL,
  `withdDate` date NOT NULL,
  `memberID` int(11) NOT NULL,
  `reservID` int(11) NOT NULL
) ENGINE=InnoDB DEFAULT CHARSET=utf8 COLLATE=utf8_unicode_ci;

--
-- Dumping data for table `withdrowfromMonyReservation`
--

INSERT INTO `withdrowfromMonyReservation` (`withdID`, `withdMony`, `withdDate`, `memberID`, `reservID`) VALUES
(1, 4655, '2017-07-03', 2, 6),
(2, 12765, '2017-07-03', 2, 4),
(3, 6420, '2017-07-04', 2, 10),
(4, 31750, '2017-07-05', 2, 14),
(5, 19300, '2017-07-06', 2, 20),
(6, 55000, '2017-07-09', 2, 22),
(7, 5000, '2017-07-23', 2, 29),
(8, 1120, '2017-07-25', 2, 25),
(9, 16391, '2017-07-27', 2, 23),
(10, 24649, '2017-07-27', 2, 11),
(11, 10000, '2017-07-27', 2, 27),
(12, 20000, '2017-07-30', 2, 33),
(13, 60000, '2017-07-31', 2, 26),
(14, 748, '2017-08-22', 2, 38),
(15, 4133, '2017-08-23', 2, 40),
(16, 19099, '2017-09-05', 2, 44),
(17, 188, '2017-09-06', 2, 1),
(18, 1200, '2017-09-13', 2, 50),
(19, 400000, '2017-09-13', 2, 52),
(20, 24652, '2017-09-24', 2, 49),
(21, 200000, '2017-10-02', 2, 59),
(22, 65070, '2017-10-05', 2, 42),
(23, 59870, '2017-10-07', 2, 45),
(24, 6705, '2017-10-10', 2, 63),
(25, 4436, '2017-10-16', 2, 55),
(26, 2000, '2017-10-19', 2, 67),
(27, 1271, '2017-10-26', 2, 43),
(28, 1080, '2017-10-29', 2, 58),
(29, 25, '2017-11-13', 2, 75);

--
-- Indexes for dumped tables
--

--
-- Indexes for table `addRseesdSabkInKhzna`
--
ALTER TABLE `addRseesdSabkInKhzna`
  ADD PRIMARY KEY (`rseedID`);

--
-- Indexes for table `awlElmodaCustRemainMony`
--
ALTER TABLE `awlElmodaCustRemainMony`
  ADD PRIMARY KEY (`awlElmodaID`);

--
-- Indexes for table `categories`
--
ALTER TABLE `categories`
  ADD PRIMARY KEY (`catID`);

--
-- Indexes for table `customerDeliverdAsMony`
--
ALTER TABLE `customerDeliverdAsMony`
  ADD PRIMARY KEY (`dasID`);

--
-- Indexes for table `customers`
--
ALTER TABLE `customers`
  ADD PRIMARY KEY (`custID`);

--
-- Indexes for table `customersMony`
--
ALTER TABLE `customersMony`
  ADD PRIMARY KEY (`customersMonyID`);

--
-- Indexes for table `customerspaidMony`
--
ALTER TABLE `customerspaidMony`
  ADD PRIMARY KEY (`customerspaidMonyID`);

--
-- Indexes for table `deposits`
--
ALTER TABLE `deposits`
  ADD PRIMARY KEY (`depositID`);

--
-- Indexes for table `elmordeen`
--
ALTER TABLE `elmordeen`
  ADD PRIMARY KEY (`mordID`);

--
-- Indexes for table `employees`
--
ALTER TABLE `employees`
  ADD PRIMARY KEY (`employeeID`);

--
-- Indexes for table `giveMonyToCustomer`
--
ALTER TABLE `giveMonyToCustomer`
  ADD PRIMARY KEY (`giveMonyID`);

--
-- Indexes for table `measures`
--
ALTER TABLE `measures`
  ADD PRIMARY KEY (`measID`);

--
-- Indexes for table `members`
--
ALTER TABLE `members`
  ADD PRIMARY KEY (`memberID`);

--
-- Indexes for table `minusFees`
--
ALTER TABLE `minusFees`
  ADD PRIMARY KEY (`minfeeID`);

--
-- Indexes for table `mortg3`
--
ALTER TABLE `mortg3`
  ADD PRIMARY KEY (`mortg3ID`);

--
-- Indexes for table `msrofat`
--
ALTER TABLE `msrofat`
  ADD PRIMARY KEY (`msrofatID`);

--
-- Indexes for table `nwloon`
--
ALTER TABLE `nwloon`
  ADD PRIMARY KEY (`nwloonID`);

--
-- Indexes for table `orderDetails`
--
ALTER TABLE `orderDetails`
  ADD PRIMARY KEY (`orderDetailsID`);

--
-- Indexes for table `orders`
--
ALTER TABLE `orders`
  ADD PRIMARY KEY (`orderID`);

--
-- Indexes for table `plusFees`
--
ALTER TABLE `plusFees`
  ADD PRIMARY KEY (`plusfeeID`);

--
-- Indexes for table `products`
--
ALTER TABLE `products`
  ADD PRIMARY KEY (`productID`);

--
-- Indexes for table `rbth`
--
ALTER TABLE `rbth`
  ADD PRIMARY KEY (`rbthID`);

--
-- Indexes for table `reservation`
--
ALTER TABLE `reservation`
  ADD PRIMARY KEY (`reservID`);

--
-- Indexes for table `reservationCost`
--
ALTER TABLE `reservationCost`
  ADD PRIMARY KEY (`rcID`);

--
-- Indexes for table `reservationRemainsMony`
--
ALTER TABLE `reservationRemainsMony`
  ADD PRIMARY KEY (`rrID`);

--
-- Indexes for table `suppliers`
--
ALTER TABLE `suppliers`
  ADD PRIMARY KEY (`suppID`);

--
-- Indexes for table `Tlbyat`
--
ALTER TABLE `Tlbyat`
  ADD PRIMARY KEY (`talbyaID`);

--
-- Indexes for table `withdrowfromkhazna`
--
ALTER TABLE `withdrowfromkhazna`
  ADD PRIMARY KEY (`withdrowID`);

--
-- Indexes for table `withdrowfromMonyReservation`
--
ALTER TABLE `withdrowfromMonyReservation`
  ADD PRIMARY KEY (`withdID`);

--
-- AUTO_INCREMENT for dumped tables
--

--
-- AUTO_INCREMENT for table `addRseesdSabkInKhzna`
--
ALTER TABLE `addRseesdSabkInKhzna`
  MODIFY `rseedID` int(11) NOT NULL AUTO_INCREMENT, AUTO_INCREMENT=83;
--
-- AUTO_INCREMENT for table `awlElmodaCustRemainMony`
--
ALTER TABLE `awlElmodaCustRemainMony`
  MODIFY `awlElmodaID` int(11) NOT NULL AUTO_INCREMENT, AUTO_INCREMENT=21;
--
-- AUTO_INCREMENT for table `categories`
--
ALTER TABLE `categories`
  MODIFY `catID` int(11) NOT NULL AUTO_INCREMENT, AUTO_INCREMENT=5;
--
-- AUTO_INCREMENT for table `customerDeliverdAsMony`
--
ALTER TABLE `customerDeliverdAsMony`
  MODIFY `dasID` int(11) NOT NULL AUTO_INCREMENT, AUTO_INCREMENT=38;
--
-- AUTO_INCREMENT for table `customers`
--
ALTER TABLE `customers`
  MODIFY `custID` int(11) NOT NULL AUTO_INCREMENT, AUTO_INCREMENT=367;
--
-- AUTO_INCREMENT for table `customersMony`
--
ALTER TABLE `customersMony`
  MODIFY `customersMonyID` int(11) NOT NULL AUTO_INCREMENT, AUTO_INCREMENT=17;
--
-- AUTO_INCREMENT for table `customerspaidMony`
--
ALTER TABLE `customerspaidMony`
  MODIFY `customerspaidMonyID` int(11) NOT NULL AUTO_INCREMENT, AUTO_INCREMENT=245;
--
-- AUTO_INCREMENT for table `deposits`
--
ALTER TABLE `deposits`
  MODIFY `depositID` int(11) NOT NULL AUTO_INCREMENT, AUTO_INCREMENT=200;
--
-- AUTO_INCREMENT for table `elmordeen`
--
ALTER TABLE `elmordeen`
  MODIFY `mordID` int(11) NOT NULL AUTO_INCREMENT, AUTO_INCREMENT=8;
--
-- AUTO_INCREMENT for table `employees`
--
ALTER TABLE `employees`
  MODIFY `employeeID` int(11) NOT NULL AUTO_INCREMENT;
--
-- AUTO_INCREMENT for table `giveMonyToCustomer`
--
ALTER TABLE `giveMonyToCustomer`
  MODIFY `giveMonyID` int(11) NOT NULL AUTO_INCREMENT;
--
-- AUTO_INCREMENT for table `measures`
--
ALTER TABLE `measures`
  MODIFY `measID` int(11) NOT NULL AUTO_INCREMENT, AUTO_INCREMENT=56;
--
-- AUTO_INCREMENT for table `members`
--
ALTER TABLE `members`
  MODIFY `memberID` int(11) NOT NULL AUTO_INCREMENT, AUTO_INCREMENT=4;
--
-- AUTO_INCREMENT for table `minusFees`
--
ALTER TABLE `minusFees`
  MODIFY `minfeeID` int(11) NOT NULL AUTO_INCREMENT, AUTO_INCREMENT=9;
--
-- AUTO_INCREMENT for table `mortg3`
--
ALTER TABLE `mortg3`
  MODIFY `mortg3ID` int(11) NOT NULL AUTO_INCREMENT, AUTO_INCREMENT=87;
--
-- AUTO_INCREMENT for table `msrofat`
--
ALTER TABLE `msrofat`
  MODIFY `msrofatID` int(11) NOT NULL AUTO_INCREMENT, AUTO_INCREMENT=785;
--
-- AUTO_INCREMENT for table `nwloon`
--
ALTER TABLE `nwloon`
  MODIFY `nwloonID` int(11) NOT NULL AUTO_INCREMENT;
--
-- AUTO_INCREMENT for table `orderDetails`
--
ALTER TABLE `orderDetails`
  MODIFY `orderDetailsID` int(11) NOT NULL AUTO_INCREMENT, AUTO_INCREMENT=2032;
--
-- AUTO_INCREMENT for table `orders`
--
ALTER TABLE `orders`
  MODIFY `orderID` int(11) NOT NULL AUTO_INCREMENT, AUTO_INCREMENT=960;
--
-- AUTO_INCREMENT for table `plusFees`
--
ALTER TABLE `plusFees`
  MODIFY `plusfeeID` int(11) NOT NULL AUTO_INCREMENT, AUTO_INCREMENT=85;
--
-- AUTO_INCREMENT for table `products`
--
ALTER TABLE `products`
  MODIFY `productID` int(11) NOT NULL AUTO_INCREMENT;
--
-- AUTO_INCREMENT for table `rbth`
--
ALTER TABLE `rbth`
  MODIFY `rbthID` int(11) NOT NULL AUTO_INCREMENT, AUTO_INCREMENT=8;
--
-- AUTO_INCREMENT for table `reservation`
--
ALTER TABLE `reservation`
  MODIFY `reservID` int(11) NOT NULL AUTO_INCREMENT, AUTO_INCREMENT=78;
--
-- AUTO_INCREMENT for table `reservationCost`
--
ALTER TABLE `reservationCost`
  MODIFY `rcID` int(11) NOT NULL AUTO_INCREMENT, AUTO_INCREMENT=161;
--
-- AUTO_INCREMENT for table `reservationRemainsMony`
--
ALTER TABLE `reservationRemainsMony`
  MODIFY `rrID` int(11) NOT NULL AUTO_INCREMENT, AUTO_INCREMENT=10;
--
-- AUTO_INCREMENT for table `suppliers`
--
ALTER TABLE `suppliers`
  MODIFY `suppID` int(11) NOT NULL AUTO_INCREMENT, AUTO_INCREMENT=7;
--
-- AUTO_INCREMENT for table `Tlbyat`
--
ALTER TABLE `Tlbyat`
  MODIFY `talbyaID` int(11) NOT NULL AUTO_INCREMENT, AUTO_INCREMENT=151;
--
-- AUTO_INCREMENT for table `withdrowfromkhazna`
--
ALTER TABLE `withdrowfromkhazna`
  MODIFY `withdrowID` int(11) NOT NULL AUTO_INCREMENT, AUTO_INCREMENT=123;
--
-- AUTO_INCREMENT for table `withdrowfromMonyReservation`
--
ALTER TABLE `withdrowfromMonyReservation`
  MODIFY `withdID` int(11) NOT NULL AUTO_INCREMENT, AUTO_INCREMENT=30;
/*!40101 SET CHARACTER_SET_CLIENT=@OLD_CHARACTER_SET_CLIENT */;
/*!40101 SET CHARACTER_SET_RESULTS=@OLD_CHARACTER_SET_RESULTS */;
/*!40101 SET COLLATION_CONNECTION=@OLD_COLLATION_CONNECTION */;
